Timestamp,Email Address,Score,Họ và tên sinh viên,Mã số sinh viên (MSSV),Lớp học phần thực hành,Xác nhận đồng ý tham gia nghiên cứu (Dữ liệu được ẩn danh và chỉ dùng cho mục đích khoa học giáo dục):,Câu 1: Lệnh USE QuanlySV; GO trong kịch bản T-SQL có vai trò kỹ thuật chính xác nào sau đây?,"Câu 2: Trong SSMS, từ khóa GO có bản chất kỹ thuật là gì?","Câu 3: Xét lược đồ bảng KHOA(MAKHOA VARCHAR(4) PRIMARY KEY, TENKHOA NVARCHAR(50)). Thuộc tính MAKHOA tự động mang tính chất nào dưới đây khi được chọn làm Primary Key?","Câu 4: Cho bảng DIEUKIEN(MAMH VARCHAR(10), MAMH_TRUOC VARCHAR(10), PRIMARY KEY(MAMH, MAMH_TRUOC)). Mối quan hệ giữa DIEUKIEN và bảng MONHOC là dạng quan hệ gì?","Câu 5: Khi thực hiện kịch bản xóa toàn bộ cơ sở dữ liệu QuanlySV ở Lab 01, thứ tự dùng lệnh DROP TABLE nào sau đây là hợp lệ và không vi phạm ràng buộc toàn vẹn tham chiếu?",Câu 6: Giả sử bảng SINHVIEN đang chứa 100 dòng dữ liệu. Bạn thực hiện lệnh: ALTER TABLE SINHVIEN ADD Email VARCHAR(50) NOT NULL; Điều gì sẽ xảy ra trong SQL Server?,Câu 7: Phát biểu nào sau đây giải thích chính xác lý do lưu trữ dữ liệu trong biến RAM (In-Memory) không thể thay thế DBMS cho hệ thống AI Assistant phục vụ 10.000 sinh viên (Lab 01)?,"Câu 8: Trong bài tập SmartStoreDB (Lab 01), cột LineTotal trong bảng ORDER_DETAIL được định nghĩa là AS (Quantity * UnitPrice). Đây là loại cột gì trong cơ sở dữ liệu?","Câu 9: Trong T-SQL, hàm ràng buộc ISJSON(AIMetadata) = 1 được áp dụng trên cột NVARCHAR(MAX) nhằm mục đích gì?",Câu 10: Giả sử bảng SINHVIEN có khóa ngoại MAKHOA tham chiếu đến bảng KHOA(MAKHOA). Hành vi nào sau đây bị SQL Server từ chối thực thi do vi phạm quy tắc toàn vẹn tham chiếu?,"Câu 11: Trong Lab 02, cú pháp nào sau đây dùng để xóa cột DIENTHOAI khỏi bảng NHANVIEN?",Câu 12: Khi nào một cột trong bảng không thể bị xóa trực tiếp bằng lệnh ALTER TABLE ... DROP COLUMN?,"Câu 13: Xét quy tắc toàn vẹn tham chiếu ON DELETE NO ACTION (mặc định trong SQL Server). Khi người dùng cố gắng xóa một dòng ở bảng cha mà đang có các dòng tham chiếu ở bảng con, hệ thống sẽ xử lý thế nào?","Câu 14: Trong kịch bản thực hành Lab 02, sau khi thêm các bảng và khóa ngoại giữa MATHANG và NHACUNGCAP, sinh viên chạy lệnh DROP TABLE NHACUNGCAP;. Kết quả nhận được là gì?",Câu 15: Cú pháp khai báo ràng buộc kiểm tra tuổi nhân viên từ 18 đến 60 tuổi trong Lab 02 sử dụng biểu thức T-SQL nào chuẩn xác?,Câu 16: Xét ràng buộc miền giá trị: CHECK (DeliveryDate >= OrderDate AND ShipDate >= OrderDate). Trường hợp chèn dữ liệu nào sau đây sẽ thất bại do vi phạm ràng buộc trên?,Câu 17: Lệnh cập nhật dữ liệu đa bảng (Multi-table UPDATE with JOIN) trong T-SQL của Lab 02 có đặc điểm gì nổi bật so với cú pháp ANSI SQL chuẩn?,Câu 18: Tại sao quản trị viên phải thực thi lệnh xóa chi tiết đặt hàng trước khi xóa các đơn hàng bị hủy trong bảng ORDERS (nếu không thiết lập CASCADE)?,"Câu 19: Trong Lab 02, lệnh nào được sử dụng để xóa toàn bộ bản ghi của một bảng với tốc độ nhanh vượt trội, ghi log tối thiểu nhưng không thể thực hiện nếu bảng đang được tham chiếu bởi Foreign Key hoạt động?","Câu 20: Cú pháp hiện đại DROP TABLE IF EXISTS table1, table2; mang lại lợi ích thực tiễn gì khi chạy tự động hóa kịch bản cài đặt (Script deployment)?",Câu 21: Lệnh MERGE (Upsert) trong T-SQL giải quyết bài toán nghiệp vụ nào trong một thao tác nguyên tử (atomic operation)?,Câu 22: Lệnh T-SQL nào thực hiện sao lưu toàn vẹn (Full Backup) cơ sở dữ liệu QuanlySV ra tập tin đĩa và ghi đè lên bộ lưu trữ phương tiện hiện tại?,"Câu 23: Khi thực hiện khôi phục (RESTORE) một cơ sở dữ liệu đè lên một database đang tồn tại trong SQL Server, tùy chọn bắt buộc nào cần được chỉ định?","Câu 24: Trong bài tập SmartLogistics2026DB (Lab 02), bảng SHIPMENT có thuộc tính ShipmentID INT IDENTITY(1000, 1). Giá trị ShipmentID của bản ghi thứ 3 được chèn thành công sẽ là bao nhiêu?","Câu 25: Trong SmartLogistics2026DB, nếu thực hiện DELETE FROM WAREHOUSE WHERE WarehouseID = 'WH01'; khi có các chuyến hàng thuộc kho này và khóa ngoại có khai báo ON DELETE CASCADE, hệ thống sẽ thực hiện điều gì?","Câu 26: Trong bảng KETQUA của Lab 02 có khóa chính (MASV, MAMH, LANTHI). Thao tác chèn dữ liệu nào sau đây sẽ bị báo lỗi trùng lặp khóa chính (Primary Key violation)?",Câu 27: Yêu cầu 'Tìm các slide bài giảng thảo luận về khái niệm chỉ mục B-Tree' tại Lab 01 được xếp vào loại tìm kiếm nào và vì sao?,"Câu 28: Khi cấu hình kết nối trong SSMS, tùy chọn Windows Authentication có ý nghĩa gì?",Câu 29: Chức năng Generate Scripts Wizard trong SSMS cho phép quản trị viên xuất cấu trúc và dữ liệu ra định dạng nào?,Câu 30: Kiểu dữ liệu đặc biệt nào được SQL Server hỗ trợ dùng riêng để lưu trữ kết quả bảng tạm hoặc tập kết quả phục vụ xử lý trong phiên làm việc (Lab 01)?,"1. Trong hệ quản trị SQL Server, kiểu dữ liệu chuỗi ký tự độ dài thay đổi có hỗ trợ mã hóa Unicode là _______.","2. Để xem toàn bộ thông tin siêu dữ liệu, kiểu dữ liệu và ràng buộc của một bảng, ta thực thi thủ tục hệ thống là _______.","3. Trong T-SQL, khi đặt tên bảng hoặc cột chứa khoảng trắng hoặc ký tự đặc biệt, định danh đó bắt buộc phải được bao bọc trong cặp dấu _______.",4. Thuộc tính tự động tăng giá trị số nguyên trong câu lệnh định nghĩa bảng của SQL Server được khai báo thông qua thuộc tính _______.,5. Khóa chính phức hợp (Composite Primary Key) gồm từ hai thuộc tính trở lên bắt buộc phải được khai báo ở _______ (table level).,"6. Khi khai báo khóa ngoại, quy tắc tham chiếu mặc định của SQL Server nếu không ghi rõ hành động cascade là _______.","7. Khóa ngoại có thể tham chiếu đến chính khóa chính của cùng một bảng, mô hình này được gọi là quan hệ _______ (Self-referential).",8. Lệnh DDL dùng để loại bỏ hoàn toàn cấu trúc bảng cùng toàn bộ dữ liệu ra khỏi đĩa cứng là _______.,9. Ràng buộc miền giá trị dùng để kiểm tra điều kiện logic mà mỗi dòng dữ liệu nhập vào phải thỏa mãn là ràng buộc _______.,10. Giá trị mặc định được tự động gán cho một cột khi câu lệnh INSERT bỏ qua cột đó được thiết lập bằng ràng buộc _______.,11. Kiểu dữ liệu thời gian có độ chính xác cao đến phần phân đoạn giây chuẩn hóa trong các Lab 2026 thay thế cho DATETIME là _______.,"12. Trong mô hình quan hệ phụ thuộc, ta bắt buộc phải chèn dữ liệu vào bảng _______ trước khi chèn vào bảng con.","13. Ngược lại với thao tác chèn, khi xóa dữ liệu mà không có cơ chế Cascade, ta bắt buộc phải xóa các bản ghi ở bảng _______ trước rồi mới được xóa ở bảng cha.","14. Để thêm một cột mới vào bảng đã tồn tại mà không làm mất dữ liệu hiện có, ta sử dụng cặp từ khóa ALTER TABLE kết hợp với _______.","15. Trong câu lệnh sửa đổi kiểu dữ liệu hoặc nullability của một cột, mệnh đề con được sử dụng sau ALTER TABLE table_name là _______.","16. Nếu muốn thêm một cột NOT NULL vào một bảng đã chứa sẵn dữ liệu, người lập trình bắt buộc phải cung cấp kèm theo một giá trị _______.",17. Cú pháp kiểm tra chuỗi có tuân thủ đúng định dạng dữ liệu nửa cấu trúc JSON hay không trong T-SQL là hàm _______.,18. Tên của một ràng buộc khóa ngoại (Foreign Key) bắt buộc phải mang tính chất _______ trên phạm vi toàn bộ cơ sở dữ liệu.,"19. Thao tác kết hợp cùng lúc cả INSERT, UPDATE (và DELETE) vào một câu lệnh đơn lẻ có tính nguyên tử trong T-SQL 2026 sử dụng câu lệnh _______.","20. Lệnh xóa nhanh toàn bộ các dòng trong bảng, có cơ chế ghi log tối thiểu và reset lại chỉ số IDENTITY là lệnh _______.",21. Ta hoàn toàn không thể thực thi lệnh TRUNCATE trên một bảng nếu bảng đó đang bị tham chiếu bởi một _______ còn hiệu lực.,"22. Để thực hiện sao lưu cơ sở dữ liệu tạo ra một tệp ảnh snapshot toàn vẹn tại thời điểm chỉ định, ta dùng câu lệnh _______.",23. Phần mở rộng tiêu chuẩn của tập tin sao lưu cơ sở dữ liệu vật lý trong Microsoft SQL Server thường là _______.,"24. Để cưỡng chế ghi đè lên cơ sở dữ liệu đang tồn tại trong quá trình Restore từ file .bak, ta thêm tùy chọn _______.","25. Khác với truy vấn Exact Match trong SQL tìm kiếm bằng so sánh bằng tuyệt đối, tìm kiếm ngữ nghĩa văn bản AI sử dụng kỹ thuật tìm kiếm trên các vector _______.","26. Trong Lab 01, ba nguyên nhân kỹ thuật khiến bộ nhớ biến RAM không thể thay thế DBMS là tính bay hơi dữ liệu, cạn kiệt bộ nhớ và xung đột _______ (Race Conditions).",27. Cột có giá trị được tự động tính toán dựa trên biểu thức số học của các cột khác cùng dòng được gọi là _______ (Computed Column).,"28. Khi xóa bảng trong kịch bản triển khai tự động, để tránh thông báo lỗi nếu bảng không tồn tại, ta thêm mệnh đề kiểm tra _______.","29. Ràng buộc CHECK (DATEDIFF(YEAR, NGAYSINH, GETDATE()) BETWEEN 18 AND 60) sử dụng hàm _______ để tính khoảng cách số năm giữa hai mốc thời gian.",30. Tùy chọn trong ràng buộc khóa ngoại cho phép khi xóa một dòng ở bảng cha thì toàn bộ các dòng liên kết ở bảng con cũng tự động bị xóa theo là _______.,"Câu 31: Khi thực hiện các bài Lab CSDL (thiết kế bảng, khóa ngoại, DML), bạn tự nhận thấy mình thuộc phong cách tương tác nào với AI dưới đây?",Câu 32: Bạn thường sử dụng GenAI vào những mục đích nào sau đây? (Chọn tất cả các ý phù hợp),"Câu 33: Khi AI cung cấp một đoạn mã T-SQL (ví dụ lệnh ALTER TABLE hoặc truy vấn đa bảng), bạn thường thực hiện hành động nào trước khi nộp?","Câu 34: Bạn đánh giá thế nào về hiện tượng ""ảo tưởng năng lực"" khi dùng AI (nghĩa là thấy AI giải quyết rất mượt mà nhưng khi tự làm độc lập trong phòng thi thì gặp khó khăn)?","Câu 35: Mức độ nỗ lực tinh thần (Mental Demand) khi bạn phải đọc hiểu, rà soát và sửa lỗi các đoạn mã do AI sinh ra so với việc tự viết mã từ đầu? (1: Rất thấp - 5: Cực kỳ cao và căng thẳng)","Câu 36: Khi gặp lỗi vi phạm ràng buộc toàn vẹn (ví dụ: lỗi khóa ngoại FOREIGN KEY violation khi xóa bảng cha), phản ứng thường ngày của bạn là gì?",Câu 37: Nguồn tài liệu nào định hình tư duy của bạn tốt nhất khi học về các quy tắc thiết kế CSDL nâng cao?,"Câu 38: Theo bạn, giảng viên nên áp dụng phương pháp nào để cân bằng giữa việc sử dụng AI và rèn luyện tư duy logic cốt lõi? (Chọn các phương án đồng tình)",Câu 39: AI có giúp bạn giảm bớt căng thẳng khi đối mặt với các bài tập Lab có cấu trúc phức tạp hay không? (1: Không giảm - 5: Giảm rất nhiều),Câu 40: Ý kiến đóng góp cá nhân của bạn về việc ứng dụng AI trong học tập môn Cơ sở dữ liệu và xây dựng kỹ năng lập trình bền vững:
9/7/2026 8:44:11,52500141@student.tdtu.edu.vn,30 / 30,Võ Vũ Minh Hoàng,52500141,Nhóm 02 (Ca 1): thứ 2,Tôi đồng ý tham gia khảo sát và kiểm tra năng lực,Chuyển đổi ngữ cảnh làm việc (session context) hiện hành sang cơ sở dữ liệu QuanlySV.,"Là từ khóa phân tách các khối lệnh (batch separator) được tiện ích SSMS nhận diện, không phải câu lệnh SQL.","NOT NULL, UNIQUE và tự động tạo Clustered Index (mặc định trong SQL Server).",Quan hệ đệ quy (Self-referential) thông qua hai khóa ngoại cùng tham chiếu về một bảng cha.,KETQUA -> DIEUKIEN -> HOCPHAN -> SINHVIEN -> MONHOC -> KETQUA,Lệnh thất bại và báo lỗi vì thêm cột NOT NULL vào bảng đã có dữ liệu mà không có giá trị DEFAULT.,"Dữ liệu trên RAM bị mất hoàn toàn khi tắt tiến trình/mất điện, dễ cạn kiệt bộ nhớ (OOM) và gặp xung đột đồng thời (race condition).","Cột tính toán động (Computed Column), giá trị được sinh tự động từ biểu thức.",Đảm bảo chuỗi văn bản lưu trữ phải tuân thủ cấu trúc định dạng JSON hợp lệ.,Thêm một dòng vào bảng SINHVIEN với giá trị MAKHOA = 'LUAT' trong khi bảng KHOA chưa có mã này.,ALTER TABLE NHANVIEN DROP COLUMN DIENTHOAI;,"Khi cột đó đang bị ràng buộc bởi Primary Key, Foreign Key, CHECK hoặc DEFAULT chưa được drop.",Báo lỗi vi phạm ràng buộc tham chiếu và từ chối (rollback) thao tác xóa dòng ở bảng cha.,Lệnh thất bại với lỗi vi phạm ràng buộc do bảng MATHANG đang có khóa ngoại tham chiếu tới NHACUNGCAP.,"CHECK (DATEDIFF(YEAR, NGAYSINH, GETDATE()) BETWEEN 18 AND 60)","OrderDate = '2026-03-10', ShipDate = '2026-03-08', DeliveryDate = '2026-03-12'",Cho phép sử dụng mệnh đề mở rộng FROM TableA JOIN TableB ON ... ngay sau mệnh đề SET.,Để tuân thủ quy tắc xóa: phải xóa dữ liệu bảng con trước khi xóa bản ghi cha để tránh lỗi vi phạm khóa ngoại.,TRUNCATE TABLE table_name;,Bỏ qua lỗi thực thi và không dừng script nếu bảng chưa từng tồn tại trong cơ sở dữ liệu.,"Đồng bộ hai bảng bằng cách kết hợp INSERT, UPDATE (và có thể DELETE) dựa trên sự khớp mã khóa.","BACKUP DATABASE QuanlySV TO DISK = 'C:\Backups\QuanlySV.bak' WITH FORMAT, INIT;",WITH REPLACE,1002,"Kho WH01 bị xóa, đồng thời tất cả các chuyến hàng có OriginWarehouseID = 'WH01' trong bảng SHIPMENT cũng tự động bị xóa.","S001', 'CSDL', 1, 4 tiếp theo chèn 'S001', 'CSDL', 1, 8",AI Vector Search vì truy vấn sử dụng ngữ nghĩa phi cấu trúc và đo độ tương đồng cosine qua embedding.,Đăng nhập bằng danh tính và chứng chỉ bảo mật của tài khoản hệ điều hành Windows hiện hành đang mở ứng dụng.,File kịch bản chứa các câu lệnh T-SQL (.sql) để tái tạo lược đồ (DDL) hoặc chèn dữ liệu (DML).,table,NVARCHAR,sp_help,[..],IDENTITY,cấp bảng,NO ACTION,đệ quy,DROP TABLE,CHECK,DEFAULT,DATETIME2,bảng cha,bảng con,ADD,ALTER COLUMN,DEFAULT,ISJSON,duy nhất,MERGE,TRUCATE TABLE,khóa ngoại ,CREATE DATABASE,.bak,WITH REPLACE,Vector Search ,tranh chấp,cột tính toán,IF EXISTS,DATEDIFF,ON DELETE CASEADE,"Tinh chỉnh (Fine-tuner): Tự viết phần lớn, chỉ dùng AI để định dạng hoặc tối ưu hóa cục bộ.","Giải thích khái niệm lý thuyết và mô hình quan hệ (ERD), Sinh mã lệnh DDL/DML tự động (CREATE TABLE, ALTER, INSERT, UPDATE), Tìm kiếm và sửa lỗi (Debug) các lỗi cú pháp hoặc lỗi vi phạm ràng buộc toàn vẹn, Hỗ trợ giải quyết các bài tập Homework/Assignment cá nhân","Đọc hiểu kỹ, rà soát từng dòng, tự kiểm tra các trường hợp biên (Active Verification)",Rất thường xuyên xảy ra với bản thân tôi,3,Tự tra cứu tài liệu Lab Manual hoặc cấu trúc schema để tìm nguyên nhân gốc rễ,Tài liệu kỹ thuật chính thức (Microsoft SQL Server Documentation / TechNet),"Áp dụng giai đoạn đầu không dùng AI, sau đó mới mở rộng cho phép dùng AI, Tăng cường các bài kiểm tra vấn đáp trực tiếp / live-coding không dùng mạng, Đưa các tình huống gỡ lỗi mã AI sai vào nội dung bài tập thực hành trên lớp",4,"Nên xem AI là một trợ lý học tập để giải thích khái niệm, hỗ trợ debug và tối ưu mã, thay vì phụ thộc hoàn toàn để code. Sinh viên cần chủ động nắm vững bản chất kiến thức nền tảng khi dùng AI."
9/7/2026 8:53:37,52500120@student.tdtu.edu.vn,30 / 30,Đồng Văn Bảo,52500120,Nhóm 02 (Ca 2): thứ 2,Tôi đồng ý tham gia khảo sát và kiểm tra năng lực,Chuyển đổi ngữ cảnh làm việc (session context) hiện hành sang cơ sở dữ liệu QuanlySV.,"Là từ khóa phân tách các khối lệnh (batch separator) được tiện ích SSMS nhận diện, không phải câu lệnh SQL.","NOT NULL, UNIQUE và tự động tạo Clustered Index (mặc định trong SQL Server).",Quan hệ đệ quy (Self-referential) thông qua hai khóa ngoại cùng tham chiếu về một bảng cha.,KETQUA -> DIEUKIEN -> HOCPHAN -> SINHVIEN -> MONHOC -> KETQUA,Lệnh thất bại và báo lỗi vì thêm cột NOT NULL vào bảng đã có dữ liệu mà không có giá trị DEFAULT.,"Dữ liệu trên RAM bị mất hoàn toàn khi tắt tiến trình/mất điện, dễ cạn kiệt bộ nhớ (OOM) và gặp xung đột đồng thời (race condition).","Cột tính toán động (Computed Column), giá trị được sinh tự động từ biểu thức.",Đảm bảo chuỗi văn bản lưu trữ phải tuân thủ cấu trúc định dạng JSON hợp lệ.,Thêm một dòng vào bảng SINHVIEN với giá trị MAKHOA = 'LUAT' trong khi bảng KHOA chưa có mã này.,ALTER TABLE NHANVIEN DROP COLUMN DIENTHOAI;,"Khi cột đó đang bị ràng buộc bởi Primary Key, Foreign Key, CHECK hoặc DEFAULT chưa được drop.",Báo lỗi vi phạm ràng buộc tham chiếu và từ chối (rollback) thao tác xóa dòng ở bảng cha.,Lệnh thất bại với lỗi vi phạm ràng buộc do bảng MATHANG đang có khóa ngoại tham chiếu tới NHACUNGCAP.,"CHECK (DATEDIFF(YEAR, NGAYSINH, GETDATE()) BETWEEN 18 AND 60)","OrderDate = '2026-03-10', ShipDate = '2026-03-08', DeliveryDate = '2026-03-12'",Cho phép sử dụng mệnh đề mở rộng FROM TableA JOIN TableB ON ... ngay sau mệnh đề SET.,Để tuân thủ quy tắc xóa: phải xóa dữ liệu bảng con trước khi xóa bản ghi cha để tránh lỗi vi phạm khóa ngoại.,TRUNCATE TABLE table_name;,Bỏ qua lỗi thực thi và không dừng script nếu bảng chưa từng tồn tại trong cơ sở dữ liệu.,"Đồng bộ hai bảng bằng cách kết hợp INSERT, UPDATE (và có thể DELETE) dựa trên sự khớp mã khóa.","BACKUP DATABASE QuanlySV TO DISK = 'C:\Backups\QuanlySV.bak' WITH FORMAT, INIT;",WITH REPLACE,1002,"Kho WH01 bị xóa, đồng thời tất cả các chuyến hàng có OriginWarehouseID = 'WH01' trong bảng SHIPMENT cũng tự động bị xóa.","S001', 'CSDL', 1, 4 tiếp theo chèn 'S001', 'CSDL', 1, 8",AI Vector Search vì truy vấn sử dụng ngữ nghĩa phi cấu trúc và đo độ tương đồng cosine qua embedding.,Đăng nhập bằng danh tính và chứng chỉ bảo mật của tài khoản hệ điều hành Windows hiện hành đang mở ứng dụng.,File kịch bản chứa các câu lệnh T-SQL (.sql) để tái tạo lược đồ (DDL) hoặc chèn dữ liệu (DML).,table,NVARCHAR,sp_help,dấu ngoặc vuông,IDENTITY,CONSTRAINT,NO ACTION,đệ quy,DROP TABLE,CHECK,DEFAULT,DATETIME2,bảng cha,bảng con,ADD COLUMN,ALTER COLUMN,DEFAULT,ISJSON,duy nhất,MERGE,TRUNCATE TABLE,khóa ngoại,BACKUP DATABASE,.bak,WITH REPLACE,embedding,đồng thời,cột tính ,EXIST,DATEDIFF,CASCADE,"Tinh chỉnh (Fine-tuner): Tự viết phần lớn, chỉ dùng AI để định dạng hoặc tối ưu hóa cục bộ.",Tìm kiếm và sửa lỗi (Debug) các lỗi cú pháp hoặc lỗi vi phạm ràng buộc toàn vẹn,Chạy thử nghiệm (Run/Test) trên SSMS xem có báo lỗi không rồi nộp,Thỉnh thoảng có cảm giác này,3,Tự tra cứu tài liệu Lab Manual hoặc cấu trúc schema để tìm nguyên nhân gốc rễ,Sách hướng dẫn Lab thủ công (Lab Manual) chính thống của giảng viên,Đưa các tình huống gỡ lỗi mã AI sai vào nội dung bài tập thực hành trên lớp,4,Việc ứng dụng AI trong học tập 1giup bản thân hiểu biết được thêm nhiều thứ và nâng cao đc lượng kiến thức của bản thân trong quá trình tự học
9/7/2026 9:16:27,52200213@student.tdtu.edu.vn,30 / 30,Trần Chí Huy,52200213,Nhóm 02 (Ca 1): thứ 2,Tôi đồng ý tham gia khảo sát và kiểm tra năng lực,Chuyển đổi ngữ cảnh làm việc (session context) hiện hành sang cơ sở dữ liệu QuanlySV.,"Là từ khóa phân tách các khối lệnh (batch separator) được tiện ích SSMS nhận diện, không phải câu lệnh SQL.","NOT NULL, UNIQUE và tự động tạo Clustered Index (mặc định trong SQL Server).",Quan hệ đệ quy (Self-referential) thông qua hai khóa ngoại cùng tham chiếu về một bảng cha.,KETQUA -> DIEUKIEN -> HOCPHAN -> SINHVIEN -> MONHOC -> KETQUA,Lệnh thất bại và báo lỗi vì thêm cột NOT NULL vào bảng đã có dữ liệu mà không có giá trị DEFAULT.,"Dữ liệu trên RAM bị mất hoàn toàn khi tắt tiến trình/mất điện, dễ cạn kiệt bộ nhớ (OOM) và gặp xung đột đồng thời (race condition).","Cột tính toán động (Computed Column), giá trị được sinh tự động từ biểu thức.",Đảm bảo chuỗi văn bản lưu trữ phải tuân thủ cấu trúc định dạng JSON hợp lệ.,Thêm một dòng vào bảng SINHVIEN với giá trị MAKHOA = 'LUAT' trong khi bảng KHOA chưa có mã này.,ALTER TABLE NHANVIEN DROP COLUMN DIENTHOAI;,"Khi cột đó đang bị ràng buộc bởi Primary Key, Foreign Key, CHECK hoặc DEFAULT chưa được drop.",Báo lỗi vi phạm ràng buộc tham chiếu và từ chối (rollback) thao tác xóa dòng ở bảng cha.,Lệnh thất bại với lỗi vi phạm ràng buộc do bảng MATHANG đang có khóa ngoại tham chiếu tới NHACUNGCAP.,"CHECK (DATEDIFF(YEAR, NGAYSINH, GETDATE()) BETWEEN 18 AND 60)","OrderDate = '2026-03-10', ShipDate = '2026-03-08', DeliveryDate = '2026-03-12'",Cho phép sử dụng mệnh đề mở rộng FROM TableA JOIN TableB ON ... ngay sau mệnh đề SET.,Để tuân thủ quy tắc xóa: phải xóa dữ liệu bảng con trước khi xóa bản ghi cha để tránh lỗi vi phạm khóa ngoại.,TRUNCATE TABLE table_name;,Bỏ qua lỗi thực thi và không dừng script nếu bảng chưa từng tồn tại trong cơ sở dữ liệu.,"Đồng bộ hai bảng bằng cách kết hợp INSERT, UPDATE (và có thể DELETE) dựa trên sự khớp mã khóa.","BACKUP DATABASE QuanlySV TO DISK = 'C:\Backups\QuanlySV.bak' WITH FORMAT, INIT;",WITH REPLACE,1002,"Kho WH01 bị xóa, đồng thời tất cả các chuyến hàng có OriginWarehouseID = 'WH01' trong bảng SHIPMENT cũng tự động bị xóa.","S001', 'CSDL', 1, 4 tiếp theo chèn 'S001', 'CSDL', 1, 8",AI Vector Search vì truy vấn sử dụng ngữ nghĩa phi cấu trúc và đo độ tương đồng cosine qua embedding.,Đăng nhập bằng danh tính và chứng chỉ bảo mật của tài khoản hệ điều hành Windows hiện hành đang mở ứng dụng.,File kịch bản chứa các câu lệnh T-SQL (.sql) để tái tạo lược đồ (DDL) hoặc chèn dữ liệu (DML).,table,NVARCHAR,sp_help,[],IDENTITY,cấp độ bảng,NO ACTION,đệ quy,DROP TABLE,CHECK,DEFAULT,DATETIME2,cha,con,ADD,ALTER COLUMN,DEFAULT,ISJSON,unique,MERGE,TRUNCATE TABLE,khóa ngoại,BACKUP DATABASE,.bak,WITH REPLACE,Embedding,đồng thời,cột tính toán,IF EXISTS,DATADIFF,CASCADE,"Khởi đầu (Starter): Tự viết mã ban đầu, chỉ gọi AI khi gặp lỗi biên dịch hoặc bế tắc cú pháp.","Giải thích khái niệm lý thuyết và mô hình quan hệ (ERD), Sinh mã lệnh DDL/DML tự động (CREATE TABLE, ALTER, INSERT, UPDATE), Tìm kiếm và sửa lỗi (Debug) các lỗi cú pháp hoặc lỗi vi phạm ràng buộc toàn vẹn, Hỗ trợ giải quyết các bài tập Homework/Assignment cá nhân","Đọc hiểu kỹ, rà soát từng dòng, tự kiểm tra các trường hợp biên (Active Verification)",Thỉnh thoảng có cảm giác này,3,Tự tra cứu tài liệu Lab Manual hoặc cấu trúc schema để tìm nguyên nhân gốc rễ,Các câu trả lời giải thích bằng ngôn ngữ tự nhiên của Trợ lý AI,"Áp dụng giai đoạn đầu không dùng AI, sau đó mới mở rộng cho phép dùng AI, Đưa các tình huống gỡ lỗi mã AI sai vào nội dung bài tập thực hành trên lớp",3,
9/7/2026 9:22:02,52400063@student.tdtu.edu.vn,30 / 30,Đỗ Quốc Vinh,52400063,Nhóm 02 (Ca 1): thứ 2,Tôi không đồng ý,Chuyển đổi ngữ cảnh làm việc (session context) hiện hành sang cơ sở dữ liệu QuanlySV.,"Là từ khóa phân tách các khối lệnh (batch separator) được tiện ích SSMS nhận diện, không phải câu lệnh SQL.","NOT NULL, UNIQUE và tự động tạo Clustered Index (mặc định trong SQL Server).",Quan hệ đệ quy (Self-referential) thông qua hai khóa ngoại cùng tham chiếu về một bảng cha.,KETQUA -> DIEUKIEN -> HOCPHAN -> SINHVIEN -> MONHOC -> KETQUA,Lệnh thất bại và báo lỗi vì thêm cột NOT NULL vào bảng đã có dữ liệu mà không có giá trị DEFAULT.,"Dữ liệu trên RAM bị mất hoàn toàn khi tắt tiến trình/mất điện, dễ cạn kiệt bộ nhớ (OOM) và gặp xung đột đồng thời (race condition).","Cột tính toán động (Computed Column), giá trị được sinh tự động từ biểu thức.",Đảm bảo chuỗi văn bản lưu trữ phải tuân thủ cấu trúc định dạng JSON hợp lệ.,Thêm một dòng vào bảng SINHVIEN với giá trị MAKHOA = 'LUAT' trong khi bảng KHOA chưa có mã này.,ALTER TABLE NHANVIEN DROP COLUMN DIENTHOAI;,"Khi cột đó đang bị ràng buộc bởi Primary Key, Foreign Key, CHECK hoặc DEFAULT chưa được drop.",Báo lỗi vi phạm ràng buộc tham chiếu và từ chối (rollback) thao tác xóa dòng ở bảng cha.,Lệnh thất bại với lỗi vi phạm ràng buộc do bảng MATHANG đang có khóa ngoại tham chiếu tới NHACUNGCAP.,"CHECK (DATEDIFF(YEAR, NGAYSINH, GETDATE()) BETWEEN 18 AND 60)","OrderDate = '2026-03-10', ShipDate = '2026-03-08', DeliveryDate = '2026-03-12'",Cho phép sử dụng mệnh đề mở rộng FROM TableA JOIN TableB ON ... ngay sau mệnh đề SET.,Để tuân thủ quy tắc xóa: phải xóa dữ liệu bảng con trước khi xóa bản ghi cha để tránh lỗi vi phạm khóa ngoại.,TRUNCATE TABLE table_name;,Bỏ qua lỗi thực thi và không dừng script nếu bảng chưa từng tồn tại trong cơ sở dữ liệu.,"Đồng bộ hai bảng bằng cách kết hợp INSERT, UPDATE (và có thể DELETE) dựa trên sự khớp mã khóa.","BACKUP DATABASE QuanlySV TO DISK = 'C:\Backups\QuanlySV.bak' WITH FORMAT, INIT;",WITH REPLACE,1002,"Kho WH01 bị xóa, đồng thời tất cả các chuyến hàng có OriginWarehouseID = 'WH01' trong bảng SHIPMENT cũng tự động bị xóa.","S001', 'CSDL', 1, 4 tiếp theo chèn 'S001', 'CSDL', 1, 8",AI Vector Search vì truy vấn sử dụng ngữ nghĩa phi cấu trúc và đo độ tương đồng cosine qua embedding.,Đăng nhập bằng danh tính và chứng chỉ bảo mật của tài khoản hệ điều hành Windows hiện hành đang mở ứng dụng.,File kịch bản chứa các câu lệnh T-SQL (.sql) để tái tạo lược đồ (DDL) hoặc chèn dữ liệu (DML).,table,NVARCHAR,sp_help,[],IDENTITY,Table level,NO ACTION ,Recursion,DROP TABLE ,CHECK,DEFAULT,DATETIME2,Cha,Con,ADD,ALTER COLUMN,DEFAULT,ISJON(),Duy nhất,MERGE,TRUNCATE TABLE,Foreign key,BACKUP DATABASE,bak,WITH REPLACE,embedding,đồng thời ,cột tính toán,IF EXISTS,DATEDIFF(),ON DELETE CASCADE,"Điều hướng (Navigator): Đối thoại liên tục từng bước nhỏ, xây dựng giải pháp qua gợi ý của AI (lập trình cặp).","Sinh mã lệnh DDL/DML tự động (CREATE TABLE, ALTER, INSERT, UPDATE), Tìm kiếm và sửa lỗi (Debug) các lỗi cú pháp hoặc lỗi vi phạm ràng buộc toàn vẹn","Đọc hiểu kỹ, rà soát từng dòng, tự kiểm tra các trường hợp biên (Active Verification)",Thỉnh thoảng có cảm giác này,3,Tự tra cứu tài liệu Lab Manual hoặc cấu trúc schema để tìm nguyên nhân gốc rễ,Tài liệu kỹ thuật chính thức (Microsoft SQL Server Documentation / TechNet),"Áp dụng giai đoạn đầu không dùng AI, sau đó mới mở rộng cho phép dùng AI, Tăng cường các bài kiểm tra vấn đáp trực tiếp / live-coding không dùng mạng",4,
9/7/2026 9:26:03,52500061@student.tdtu.edu.vn,30 / 30,Phan Như Trung Kiên,52500061,Nhóm 02 (Ca 1): thứ 2,Tôi đồng ý tham gia khảo sát và kiểm tra năng lực,Chuyển đổi ngữ cảnh làm việc (session context) hiện hành sang cơ sở dữ liệu QuanlySV.,"Là từ khóa phân tách các khối lệnh (batch separator) được tiện ích SSMS nhận diện, không phải câu lệnh SQL.","NOT NULL, UNIQUE và tự động tạo Clustered Index (mặc định trong SQL Server).",Quan hệ đệ quy (Self-referential) thông qua hai khóa ngoại cùng tham chiếu về một bảng cha.,KETQUA -> DIEUKIEN -> HOCPHAN -> SINHVIEN -> MONHOC -> KETQUA,Lệnh thất bại và báo lỗi vì thêm cột NOT NULL vào bảng đã có dữ liệu mà không có giá trị DEFAULT.,"Dữ liệu trên RAM bị mất hoàn toàn khi tắt tiến trình/mất điện, dễ cạn kiệt bộ nhớ (OOM) và gặp xung đột đồng thời (race condition).","Cột tính toán động (Computed Column), giá trị được sinh tự động từ biểu thức.",Đảm bảo chuỗi văn bản lưu trữ phải tuân thủ cấu trúc định dạng JSON hợp lệ.,Thêm một dòng vào bảng SINHVIEN với giá trị MAKHOA = 'LUAT' trong khi bảng KHOA chưa có mã này.,ALTER TABLE NHANVIEN DROP COLUMN DIENTHOAI;,"Khi cột đó đang bị ràng buộc bởi Primary Key, Foreign Key, CHECK hoặc DEFAULT chưa được drop.",Báo lỗi vi phạm ràng buộc tham chiếu và từ chối (rollback) thao tác xóa dòng ở bảng cha.,Lệnh thất bại với lỗi vi phạm ràng buộc do bảng MATHANG đang có khóa ngoại tham chiếu tới NHACUNGCAP.,"CHECK (DATEDIFF(YEAR, NGAYSINH, GETDATE()) BETWEEN 18 AND 60)","OrderDate = '2026-03-10', ShipDate = '2026-03-08', DeliveryDate = '2026-03-12'",Cho phép sử dụng mệnh đề mở rộng FROM TableA JOIN TableB ON ... ngay sau mệnh đề SET.,Để tuân thủ quy tắc xóa: phải xóa dữ liệu bảng con trước khi xóa bản ghi cha để tránh lỗi vi phạm khóa ngoại.,TRUNCATE TABLE table_name;,Bỏ qua lỗi thực thi và không dừng script nếu bảng chưa từng tồn tại trong cơ sở dữ liệu.,"Đồng bộ hai bảng bằng cách kết hợp INSERT, UPDATE (và có thể DELETE) dựa trên sự khớp mã khóa.","BACKUP DATABASE QuanlySV TO DISK = 'C:\Backups\QuanlySV.bak' WITH FORMAT, INIT;",WITH REPLACE,1002,"Kho WH01 bị xóa, đồng thời tất cả các chuyến hàng có OriginWarehouseID = 'WH01' trong bảng SHIPMENT cũng tự động bị xóa.","S001', 'CSDL', 1, 4 tiếp theo chèn 'S001', 'CSDL', 1, 8",AI Vector Search vì truy vấn sử dụng ngữ nghĩa phi cấu trúc và đo độ tương đồng cosine qua embedding.,Đăng nhập bằng danh tính và chứng chỉ bảo mật của tài khoản hệ điều hành Windows hiện hành đang mở ứng dụng.,File kịch bản chứa các câu lệnh T-SQL (.sql) để tái tạo lược đồ (DDL) hoặc chèn dữ liệu (DML).,table,Nvarchar,Sp_help,[],Identity,Mức bảng,No action,Recursion,Drop table,Check,Default,Datetime2,Cha,Con,Add,Alter column,Default,Isjson,Duy nhất,Merge,Truncate table,Foreign key,Backup database,.bak,With replace,Embedding,Đồng thời,Cột tính toán,If exits,Datediff,On delete cascade,"Điều hướng (Navigator): Đối thoại liên tục từng bước nhỏ, xây dựng giải pháp qua gợi ý của AI (lập trình cặp).","Giải thích khái niệm lý thuyết và mô hình quan hệ (ERD), Tìm kiếm và sửa lỗi (Debug) các lỗi cú pháp hoặc lỗi vi phạm ràng buộc toàn vẹn",Chạy thử nghiệm (Run/Test) trên SSMS xem có báo lỗi không rồi nộp,"Hầu như không xảy ra, tôi luôn phân biệt rõ ràng giữa việc hiểu và việc dùng AI",4,Thử nghiệm ngẫu nhiên các câu lệnh vô hiệu hóa kiểm tra cho đến khi chạy được,Tài liệu kỹ thuật chính thức (Microsoft SQL Server Documentation / TechNet),Tăng cường các bài kiểm tra vấn đáp trực tiếp / live-coding không dùng mạng,3,
9/7/2026 9:28:23,52500082@student.tdtu.edu.vn,30 / 30,Phạm Minh Phú,52500082,Nhóm 02 (Ca 1): thứ 2,Tôi đồng ý tham gia khảo sát và kiểm tra năng lực,Chuyển đổi ngữ cảnh làm việc (session context) hiện hành sang cơ sở dữ liệu QuanlySV.,"Là từ khóa phân tách các khối lệnh (batch separator) được tiện ích SSMS nhận diện, không phải câu lệnh SQL.","NOT NULL, UNIQUE và tự động tạo Clustered Index (mặc định trong SQL Server).",Quan hệ đệ quy (Self-referential) thông qua hai khóa ngoại cùng tham chiếu về một bảng cha.,KETQUA -> DIEUKIEN -> HOCPHAN -> SINHVIEN -> MONHOC -> KETQUA,Lệnh thất bại và báo lỗi vì thêm cột NOT NULL vào bảng đã có dữ liệu mà không có giá trị DEFAULT.,"Dữ liệu trên RAM bị mất hoàn toàn khi tắt tiến trình/mất điện, dễ cạn kiệt bộ nhớ (OOM) và gặp xung đột đồng thời (race condition).","Cột tính toán động (Computed Column), giá trị được sinh tự động từ biểu thức.",Đảm bảo chuỗi văn bản lưu trữ phải tuân thủ cấu trúc định dạng JSON hợp lệ.,Thêm một dòng vào bảng SINHVIEN với giá trị MAKHOA = 'LUAT' trong khi bảng KHOA chưa có mã này.,ALTER TABLE NHANVIEN DROP COLUMN DIENTHOAI;,"Khi cột đó đang bị ràng buộc bởi Primary Key, Foreign Key, CHECK hoặc DEFAULT chưa được drop.",Báo lỗi vi phạm ràng buộc tham chiếu và từ chối (rollback) thao tác xóa dòng ở bảng cha.,Lệnh thất bại với lỗi vi phạm ràng buộc do bảng MATHANG đang có khóa ngoại tham chiếu tới NHACUNGCAP.,"CHECK (DATEDIFF(YEAR, NGAYSINH, GETDATE()) BETWEEN 18 AND 60)","OrderDate = '2026-03-10', ShipDate = '2026-03-08', DeliveryDate = '2026-03-12'",Cho phép sử dụng mệnh đề mở rộng FROM TableA JOIN TableB ON ... ngay sau mệnh đề SET.,Để tuân thủ quy tắc xóa: phải xóa dữ liệu bảng con trước khi xóa bản ghi cha để tránh lỗi vi phạm khóa ngoại.,TRUNCATE TABLE table_name;,Bỏ qua lỗi thực thi và không dừng script nếu bảng chưa từng tồn tại trong cơ sở dữ liệu.,"Đồng bộ hai bảng bằng cách kết hợp INSERT, UPDATE (và có thể DELETE) dựa trên sự khớp mã khóa.","BACKUP DATABASE QuanlySV TO DISK = 'C:\Backups\QuanlySV.bak' WITH FORMAT, INIT;",WITH REPLACE,1002,"Kho WH01 bị xóa, đồng thời tất cả các chuyến hàng có OriginWarehouseID = 'WH01' trong bảng SHIPMENT cũng tự động bị xóa.","S001', 'CSDL', 1, 4 tiếp theo chèn 'S001', 'CSDL', 1, 8",AI Vector Search vì truy vấn sử dụng ngữ nghĩa phi cấu trúc và đo độ tương đồng cosine qua embedding.,Đăng nhập bằng danh tính và chứng chỉ bảo mật của tài khoản hệ điều hành Windows hiện hành đang mở ứng dụng.,File kịch bản chứa các câu lệnh T-SQL (.sql) để tái tạo lược đồ (DDL) hoặc chèn dữ liệu (DML).,table,NVARCHAR,sp_help,[ ],IDENTITY,Table level,NO ACTION,Đệ quy,DROP TABLE,CHECK,DEFAULT,DATETIME2,Cha,Con,ADD,ALTER COLUMN,DEFAULT,ISJSON,Duy nhất,MERGE,TRUNCATE TABLE,Khóa ngoại,BACKUP DATABASE,.bak,WITH REPLACE,vector,Tranh chấp,Computed Column,IF EXISTS,DATEDIFF,ON DELETE CASCADE,"Điều hướng (Navigator): Đối thoại liên tục từng bước nhỏ, xây dựng giải pháp qua gợi ý của AI (lập trình cặp).","Giải thích khái niệm lý thuyết và mô hình quan hệ (ERD), Sinh mã lệnh DDL/DML tự động (CREATE TABLE, ALTER, INSERT, UPDATE), Tìm kiếm và sửa lỗi (Debug) các lỗi cú pháp hoặc lỗi vi phạm ràng buộc toàn vẹn, Hỗ trợ giải quyết các bài tập Homework/Assignment cá nhân",Chạy thử nghiệm (Run/Test) trên SSMS xem có báo lỗi không rồi nộp,Thỉnh thoảng có cảm giác này,4,Đưa ngay thông báo lỗi (Error message) cho AI để nhờ sửa hộ,Tài liệu kỹ thuật chính thức (Microsoft SQL Server Documentation / TechNet),Đưa các tình huống gỡ lỗi mã AI sai vào nội dung bài tập thực hành trên lớp,3,no idea.
9/7/2026 10:11:49,52400120@student.tdtu.edu.vn,30 / 30,Đặng Quốc Huy,52400120,Nhóm 02 (Ca 1): thứ 2,Tôi đồng ý tham gia khảo sát và kiểm tra năng lực,Chuyển đổi ngữ cảnh làm việc (session context) hiện hành sang cơ sở dữ liệu QuanlySV.,"Là từ khóa phân tách các khối lệnh (batch separator) được tiện ích SSMS nhận diện, không phải câu lệnh SQL.","NOT NULL, UNIQUE và tự động tạo Clustered Index (mặc định trong SQL Server).",Quan hệ đệ quy (Self-referential) thông qua hai khóa ngoại cùng tham chiếu về một bảng cha.,KETQUA -> DIEUKIEN -> HOCPHAN -> SINHVIEN -> MONHOC -> KETQUA,Lệnh thất bại và báo lỗi vì thêm cột NOT NULL vào bảng đã có dữ liệu mà không có giá trị DEFAULT.,"Dữ liệu trên RAM bị mất hoàn toàn khi tắt tiến trình/mất điện, dễ cạn kiệt bộ nhớ (OOM) và gặp xung đột đồng thời (race condition).","Cột tính toán động (Computed Column), giá trị được sinh tự động từ biểu thức.",Đảm bảo chuỗi văn bản lưu trữ phải tuân thủ cấu trúc định dạng JSON hợp lệ.,Thêm một dòng vào bảng SINHVIEN với giá trị MAKHOA = 'LUAT' trong khi bảng KHOA chưa có mã này.,ALTER TABLE NHANVIEN DROP COLUMN DIENTHOAI;,"Khi cột đó đang bị ràng buộc bởi Primary Key, Foreign Key, CHECK hoặc DEFAULT chưa được drop.",Báo lỗi vi phạm ràng buộc tham chiếu và từ chối (rollback) thao tác xóa dòng ở bảng cha.,Lệnh thất bại với lỗi vi phạm ràng buộc do bảng MATHANG đang có khóa ngoại tham chiếu tới NHACUNGCAP.,"CHECK (DATEDIFF(YEAR, NGAYSINH, GETDATE()) BETWEEN 18 AND 60)","OrderDate = '2026-03-10', ShipDate = '2026-03-08', DeliveryDate = '2026-03-12'",Cho phép sử dụng mệnh đề mở rộng FROM TableA JOIN TableB ON ... ngay sau mệnh đề SET.,Để tuân thủ quy tắc xóa: phải xóa dữ liệu bảng con trước khi xóa bản ghi cha để tránh lỗi vi phạm khóa ngoại.,TRUNCATE TABLE table_name;,Bỏ qua lỗi thực thi và không dừng script nếu bảng chưa từng tồn tại trong cơ sở dữ liệu.,"Đồng bộ hai bảng bằng cách kết hợp INSERT, UPDATE (và có thể DELETE) dựa trên sự khớp mã khóa.","BACKUP DATABASE QuanlySV TO DISK = 'C:\Backups\QuanlySV.bak' WITH FORMAT, INIT;",WITH REPLACE,1002,"Kho WH01 bị xóa, đồng thời tất cả các chuyến hàng có OriginWarehouseID = 'WH01' trong bảng SHIPMENT cũng tự động bị xóa.","S001', 'CSDL', 1, 4 tiếp theo chèn 'S001', 'CSDL', 1, 8",AI Vector Search vì truy vấn sử dụng ngữ nghĩa phi cấu trúc và đo độ tương đồng cosine qua embedding.,Đăng nhập bằng danh tính và chứng chỉ bảo mật của tài khoản hệ điều hành Windows hiện hành đang mở ứng dụng.,File kịch bản chứa các câu lệnh T-SQL (.sql) để tái tạo lược đồ (DDL) hoặc chèn dữ liệu (DML).,table,NVARCHAR,sp_help,[],IDENTITY,cấp bảng,NO ACTION,đệ quy,DROP TABLE,CHECK,DEFAULT,DATETIME2,cha,con,ADD,ALTER COLUMN,DEFAULT,ISJSON,duy nhất,MERGE,TRUNCATE TABLE,khóa ngoại,BACKUP DATABASE,.bak,WITH REPLACE,embedding,đồng thời,Computed Column,IF EXISTS,DATEDIFF,ON DELETE CASCADE,"Điều hướng (Navigator): Đối thoại liên tục từng bước nhỏ, xây dựng giải pháp qua gợi ý của AI (lập trình cặp).","Giải thích khái niệm lý thuyết và mô hình quan hệ (ERD), Tìm kiếm và sửa lỗi (Debug) các lỗi cú pháp hoặc lỗi vi phạm ràng buộc toàn vẹn, Hỗ trợ giải quyết các bài tập Homework/Assignment cá nhân","Đọc hiểu kỹ, rà soát từng dòng, tự kiểm tra các trường hợp biên (Active Verification)",Thỉnh thoảng có cảm giác này,3,Đưa ngay thông báo lỗi (Error message) cho AI để nhờ sửa hộ,Các câu trả lời giải thích bằng ngôn ngữ tự nhiên của Trợ lý AI,"Áp dụng giai đoạn đầu không dùng AI, sau đó mới mở rộng cho phép dùng AI, Tăng cường các bài kiểm tra vấn đáp trực tiếp / live-coding không dùng mạng, Đưa các tình huống gỡ lỗi mã AI sai vào nội dung bài tập thực hành trên lớp",4,
9/7/2026 9:10:14,52500066@student.tdtu.edu.vn,29 / 30,Đào Quang Long,52500066,Nhóm 02 (Ca 1): thứ 2,Tôi đồng ý tham gia khảo sát và kiểm tra năng lực,Chuyển đổi ngữ cảnh làm việc (session context) hiện hành sang cơ sở dữ liệu QuanlySV.,"Là từ khóa phân tách các khối lệnh (batch separator) được tiện ích SSMS nhận diện, không phải câu lệnh SQL.","NOT NULL, UNIQUE và tự động tạo Clustered Index (mặc định trong SQL Server).",Quan hệ đệ quy (Self-referential) thông qua hai khóa ngoại cùng tham chiếu về một bảng cha.,SINHVIEN -> KHOA -> HOCPHAN -> MONHOC -> KETQUA -> DIEUKIEN,Lệnh thất bại và báo lỗi vì thêm cột NOT NULL vào bảng đã có dữ liệu mà không có giá trị DEFAULT.,"Dữ liệu trên RAM bị mất hoàn toàn khi tắt tiến trình/mất điện, dễ cạn kiệt bộ nhớ (OOM) và gặp xung đột đồng thời (race condition).","Cột tính toán động (Computed Column), giá trị được sinh tự động từ biểu thức.",Đảm bảo chuỗi văn bản lưu trữ phải tuân thủ cấu trúc định dạng JSON hợp lệ.,Thêm một dòng vào bảng SINHVIEN với giá trị MAKHOA = 'LUAT' trong khi bảng KHOA chưa có mã này.,ALTER TABLE NHANVIEN DROP COLUMN DIENTHOAI;,"Khi cột đó đang bị ràng buộc bởi Primary Key, Foreign Key, CHECK hoặc DEFAULT chưa được drop.",Báo lỗi vi phạm ràng buộc tham chiếu và từ chối (rollback) thao tác xóa dòng ở bảng cha.,Lệnh thất bại với lỗi vi phạm ràng buộc do bảng MATHANG đang có khóa ngoại tham chiếu tới NHACUNGCAP.,"CHECK (DATEDIFF(YEAR, NGAYSINH, GETDATE()) BETWEEN 18 AND 60)","OrderDate = '2026-03-10', ShipDate = '2026-03-08', DeliveryDate = '2026-03-12'",Cho phép sử dụng mệnh đề mở rộng FROM TableA JOIN TableB ON ... ngay sau mệnh đề SET.,Để tuân thủ quy tắc xóa: phải xóa dữ liệu bảng con trước khi xóa bản ghi cha để tránh lỗi vi phạm khóa ngoại.,TRUNCATE TABLE table_name;,Bỏ qua lỗi thực thi và không dừng script nếu bảng chưa từng tồn tại trong cơ sở dữ liệu.,"Đồng bộ hai bảng bằng cách kết hợp INSERT, UPDATE (và có thể DELETE) dựa trên sự khớp mã khóa.","BACKUP DATABASE QuanlySV TO DISK = 'C:\Backups\QuanlySV.bak' WITH FORMAT, INIT;",WITH REPLACE,1002,"Kho WH01 bị xóa, đồng thời tất cả các chuyến hàng có OriginWarehouseID = 'WH01' trong bảng SHIPMENT cũng tự động bị xóa.","S001', 'CSDL', 1, 4 tiếp theo chèn 'S001', 'CSDL', 1, 8",AI Vector Search vì truy vấn sử dụng ngữ nghĩa phi cấu trúc và đo độ tương đồng cosine qua embedding.,Đăng nhập bằng danh tính và chứng chỉ bảo mật của tài khoản hệ điều hành Windows hiện hành đang mở ứng dụng.,File kịch bản chứa các câu lệnh T-SQL (.sql) để tái tạo lược đồ (DDL) hoặc chèn dữ liệu (DML).,table,NVARCHAR,sp_help,ngoặc vuông,IDENTITY,mức bảng,NO ACTION,đệ quy,DROP TABLE,CHECK,DEFAULT,DATETIME2,cha,con,ADD,ALTER COLUMN,DEFAULT,ISJSON,duy nhất,MERGE,TRUNCATE TABLE,khóa ngoại,BACKUP DATABASE,.bak,WITH REPLACE,embedding,đồng thời,cột tính toán,IF EXISTS,DATEDIFF,ON DELETE CASCADE,"Điều hướng (Navigator): Đối thoại liên tục từng bước nhỏ, xây dựng giải pháp qua gợi ý của AI (lập trình cặp).","Giải thích khái niệm lý thuyết và mô hình quan hệ (ERD), Sinh mã lệnh DDL/DML tự động (CREATE TABLE, ALTER, INSERT, UPDATE), Tìm kiếm và sửa lỗi (Debug) các lỗi cú pháp hoặc lỗi vi phạm ràng buộc toàn vẹn, Hỗ trợ giải quyết các bài tập Homework/Assignment cá nhân",Chạy thử nghiệm (Run/Test) trên SSMS xem có báo lỗi không rồi nộp,"Hầu như không xảy ra, tôi luôn phân biệt rõ ràng giữa việc hiểu và việc dùng AI",1,Đưa ngay thông báo lỗi (Error message) cho AI để nhờ sửa hộ,Các câu trả lời giải thích bằng ngôn ngữ tự nhiên của Trợ lý AI,,5,"Theo tôi, AI nên được sử dụng như một công cụ hỗ trợ quan trọng trong quá trình học môn Cơ sở dữ liệu và lập trình, thay vì xem AI chỉ là công cụ để tìm đáp án hoặc làm bài thay cho người học. Sự phát triển rất nhanh của AI đang làm thay đổi đáng kể cách phần mềm được xây dựng, vì vậy mục tiêu của việc học lập trình cũng cần được nhìn nhận lại.

Đối với môn Cơ sở dữ liệu, tôi cho rằng AI có thể hỗ trợ rất nhiều trong việc giải thích các khái niệm như mô hình quan hệ, khóa, chuẩn hóa, SQL, truy vấn, transaction hay thiết kế cơ sở dữ liệu. Người học có thể đặt câu hỏi trực tiếp, yêu cầu AI đưa ra ví dụ hoặc phân tích tại sao một câu truy vấn lại cho kết quả nhất định. Điều này giúp quá trình tự học nhanh và chủ động hơn. Tuy nhiên, nếu chỉ sao chép câu trả lời hoặc đoạn SQL do AI tạo ra mà không hiểu cách hoạt động của chúng thì người học rất dễ tạo ra sự phụ thuộc và mất đi khả năng tự giải quyết vấn đề.

Theo tôi, kỹ năng lập trình bền vững trong thời đại AI không còn đơn thuần là khả năng tự viết thật nhiều dòng code. AI ngày càng có khả năng tạo code nhanh hơn con người, vì vậy những kỹ năng có giá trị lâu dài hơn là khả năng phân tích yêu cầu, thiết kế hệ thống, hiểu cấu trúc dữ liệu, đánh giá tính đúng đắn của chương trình, phát hiện lỗi và đưa ra quyết định kỹ thuật. Người học cần hiểu được *tại sao* một giải pháp đúng và *khi nào* nó không còn phù hợp, thay vì chỉ biết tạo ra một chương trình chạy được.

Vì vậy, tôi cho rằng cách sử dụng AI hiệu quả nhất trong học tập là kết hợp giữa AI và khả năng tự suy luận của người học. Chẳng hạn, trước tiên có thể tự thiết kế cơ sở dữ liệu hoặc viết truy vấn, sau đó sử dụng AI để kiểm tra, phản biện và tìm ra những trường hợp còn thiếu. Khi gặp lỗi, thay vì yêu cầu AI sửa hoàn toàn, người học có thể dùng AI để tìm hiểu nguyên nhân và tự sửa. Cách này biến AI từ một công cụ ""làm bài hộ"" thành một công cụ hỗ trợ tư duy.

Bên cạnh đó, tôi nghĩ nhà trường cũng nên điều chỉnh cách đánh giá. Nếu bài tập chỉ yêu cầu sinh viên viết những đoạn SQL hoặc chương trình có đáp án tương đối rõ ràng, AI có thể hoàn thành phần lớn công việc đó rất nhanh. Khi đó, việc đánh giá khả năng ghi nhớ cú pháp hoặc tự viết code từ đầu sẽ ngày càng kém phản ánh năng lực thực tế. Các bài tập nên chú trọng hơn vào thiết kế, giải thích quyết định, kiểm thử, xử lý tình huống thực tế và khả năng đánh giá kết quả do AI tạo ra.

Tôi không cho rằng AI làm cho việc học lập trình trở nên vô ích. Ngược lại, AI khiến việc hiểu bản chất của lập trình trở nên quan trọng hơn. Khi công cụ có thể tạo ra code dễ dàng, lợi thế của một người không còn nằm chủ yếu ở việc viết code nhanh mà ở khả năng xác định cần xây dựng cái gì, xây dựng như thế nào và kiểm chứng xem kết quả có thực sự đúng hay không.

Theo tôi, kỹ năng lập trình bền vững trong tương lai không phải là cạnh tranh với AI về tốc độ viết code, mà là học cách sử dụng AI để nâng cao năng lực của chính mình, đồng thời vẫn đủ kiến thức nền tảng để kiểm soát và đánh giá những gì AI tạo ra."
9/7/2026 9:18:43,52400306@student.tdtu.edu.vn,29 / 30,Nguyễn MinhPhúc,52400306,Nhóm 02 (Ca 1): thứ 2,Tôi đồng ý tham gia khảo sát và kiểm tra năng lực,Chuyển đổi ngữ cảnh làm việc (session context) hiện hành sang cơ sở dữ liệu QuanlySV.,"Là từ khóa phân tách các khối lệnh (batch separator) được tiện ích SSMS nhận diện, không phải câu lệnh SQL.","NOT NULL, UNIQUE và tự động tạo Clustered Index (mặc định trong SQL Server).",Quan hệ đệ quy (Self-referential) thông qua hai khóa ngoại cùng tham chiếu về một bảng cha.,KETQUA -> DIEUKIEN -> HOCPHAN -> SINHVIEN -> MONHOC -> KETQUA,Lệnh thất bại và báo lỗi vì thêm cột NOT NULL vào bảng đã có dữ liệu mà không có giá trị DEFAULT.,"Dữ liệu trên RAM bị mất hoàn toàn khi tắt tiến trình/mất điện, dễ cạn kiệt bộ nhớ (OOM) và gặp xung đột đồng thời (race condition).","Cột tính toán động (Computed Column), giá trị được sinh tự động từ biểu thức.",Đảm bảo chuỗi văn bản lưu trữ phải tuân thủ cấu trúc định dạng JSON hợp lệ.,Thêm một dòng vào bảng SINHVIEN với giá trị MAKHOA = 'LUAT' trong khi bảng KHOA chưa có mã này.,ALTER TABLE NHANVIEN DROP COLUMN DIENTHOAI;,"Khi cột đó đang bị ràng buộc bởi Primary Key, Foreign Key, CHECK hoặc DEFAULT chưa được drop.",Báo lỗi vi phạm ràng buộc tham chiếu và từ chối (rollback) thao tác xóa dòng ở bảng cha.,Lệnh thất bại với lỗi vi phạm ràng buộc do bảng MATHANG đang có khóa ngoại tham chiếu tới NHACUNGCAP.,"CHECK (DATEDIFF(YEAR, NGAYSINH, GETDATE()) BETWEEN 18 AND 60)","OrderDate = '2026-03-10', ShipDate = '2026-03-08', DeliveryDate = '2026-03-12'",Cho phép sử dụng mệnh đề mở rộng FROM TableA JOIN TableB ON ... ngay sau mệnh đề SET.,Để tuân thủ quy tắc xóa: phải xóa dữ liệu bảng con trước khi xóa bản ghi cha để tránh lỗi vi phạm khóa ngoại.,TRUNCATE TABLE table_name;,Bỏ qua lỗi thực thi và không dừng script nếu bảng chưa từng tồn tại trong cơ sở dữ liệu.,"Đồng bộ hai bảng bằng cách kết hợp INSERT, UPDATE (và có thể DELETE) dựa trên sự khớp mã khóa.","BACKUP DATABASE QuanlySV TO DISK = 'C:\Backups\QuanlySV.bak' WITH FORMAT, INIT;",WITH REPLACE,1003,"Kho WH01 bị xóa, đồng thời tất cả các chuyến hàng có OriginWarehouseID = 'WH01' trong bảng SHIPMENT cũng tự động bị xóa.","S001', 'CSDL', 1, 4 tiếp theo chèn 'S001', 'CSDL', 1, 8",AI Vector Search vì truy vấn sử dụng ngữ nghĩa phi cấu trúc và đo độ tương đồng cosine qua embedding.,Đăng nhập bằng danh tính và chứng chỉ bảo mật của tài khoản hệ điều hành Windows hiện hành đang mở ứng dụng.,File kịch bản chứa các câu lệnh T-SQL (.sql) để tái tạo lược đồ (DDL) hoặc chèn dữ liệu (DML).,table,NVARCHAR,sp_help,[ ],IDENTITY,cấp bảng,NO ACTION,đệ quy,DROP TABLE,CHECK,DEFAULT,DATETIME2,bảng cha,bảng con,ADD,ALTER COLUMN,DEFAULT,ISJSON,UNIQUE,MERGE,TRUNCATE TABLE,FOREIGN KEY,BACKUP DATABASE,.bak,WITH REPLACE,nhúng,tiến trình,cột tính toán,IF EXISTS,DATEDIFF,CASCADE DELETE,"Khởi đầu (Starter): Tự viết mã ban đầu, chỉ gọi AI khi gặp lỗi biên dịch hoặc bế tắc cú pháp.",Tìm kiếm và sửa lỗi (Debug) các lỗi cú pháp hoặc lỗi vi phạm ràng buộc toàn vẹn,"Đọc hiểu kỹ, rà soát từng dòng, tự kiểm tra các trường hợp biên (Active Verification)",Thỉnh thoảng có cảm giác này,2,Tự tra cứu tài liệu Lab Manual hoặc cấu trúc schema để tìm nguyên nhân gốc rễ,Sách hướng dẫn Lab thủ công (Lab Manual) chính thống của giảng viên,Đưa các tình huống gỡ lỗi mã AI sai vào nội dung bài tập thực hành trên lớp,3,
9/7/2026 9:20:23,52500088@student.tdtu.edu.vn,29 / 30,Hà Duy Tân,52500088,Nhóm 02 (Ca 1): thứ 2,Tôi đồng ý tham gia khảo sát và kiểm tra năng lực,Chuyển đổi ngữ cảnh làm việc (session context) hiện hành sang cơ sở dữ liệu QuanlySV.,Là câu lệnh chuẩn của ngôn ngữ ANSI SQL dùng để commit giao dịch.,"NOT NULL, UNIQUE và tự động tạo Clustered Index (mặc định trong SQL Server).",Quan hệ đệ quy (Self-referential) thông qua hai khóa ngoại cùng tham chiếu về một bảng cha.,KETQUA -> DIEUKIEN -> HOCPHAN -> SINHVIEN -> MONHOC -> KETQUA,Lệnh thất bại và báo lỗi vì thêm cột NOT NULL vào bảng đã có dữ liệu mà không có giá trị DEFAULT.,"Dữ liệu trên RAM bị mất hoàn toàn khi tắt tiến trình/mất điện, dễ cạn kiệt bộ nhớ (OOM) và gặp xung đột đồng thời (race condition).","Cột tính toán động (Computed Column), giá trị được sinh tự động từ biểu thức.",Đảm bảo chuỗi văn bản lưu trữ phải tuân thủ cấu trúc định dạng JSON hợp lệ.,Thêm một dòng vào bảng SINHVIEN với giá trị MAKHOA = 'LUAT' trong khi bảng KHOA chưa có mã này.,ALTER TABLE NHANVIEN DROP COLUMN DIENTHOAI;,"Khi cột đó đang bị ràng buộc bởi Primary Key, Foreign Key, CHECK hoặc DEFAULT chưa được drop.",Báo lỗi vi phạm ràng buộc tham chiếu và từ chối (rollback) thao tác xóa dòng ở bảng cha.,Lệnh thất bại với lỗi vi phạm ràng buộc do bảng MATHANG đang có khóa ngoại tham chiếu tới NHACUNGCAP.,"CHECK (DATEDIFF(YEAR, NGAYSINH, GETDATE()) BETWEEN 18 AND 60)","OrderDate = '2026-03-10', ShipDate = '2026-03-08', DeliveryDate = '2026-03-12'",Cho phép sử dụng mệnh đề mở rộng FROM TableA JOIN TableB ON ... ngay sau mệnh đề SET.,Để tuân thủ quy tắc xóa: phải xóa dữ liệu bảng con trước khi xóa bản ghi cha để tránh lỗi vi phạm khóa ngoại.,TRUNCATE TABLE table_name;,Bỏ qua lỗi thực thi và không dừng script nếu bảng chưa từng tồn tại trong cơ sở dữ liệu.,"Đồng bộ hai bảng bằng cách kết hợp INSERT, UPDATE (và có thể DELETE) dựa trên sự khớp mã khóa.","BACKUP DATABASE QuanlySV TO DISK = 'C:\Backups\QuanlySV.bak' WITH FORMAT, INIT;",WITH REPLACE,1002,"Kho WH01 bị xóa, đồng thời tất cả các chuyến hàng có OriginWarehouseID = 'WH01' trong bảng SHIPMENT cũng tự động bị xóa.","S001', 'CSDL', 1, 4 tiếp theo chèn 'S001', 'CSDL', 1, 8",AI Vector Search vì truy vấn sử dụng ngữ nghĩa phi cấu trúc và đo độ tương đồng cosine qua embedding.,Đăng nhập bằng danh tính và chứng chỉ bảo mật của tài khoản hệ điều hành Windows hiện hành đang mở ứng dụng.,File kịch bản chứa các câu lệnh T-SQL (.sql) để tái tạo lược đồ (DDL) hoặc chèn dữ liệu (DML).,table,NVARCHAR,EXEC sp_help <table_name>,"[ ] hoặc "" """,IDENTITY,mức bảng,NO ACTION,đệ quy,DROP TABLE,CHECK,DEFAULT,DATETIME2,cha,con,ADD,ALTER COLUMN,DEFAULT,ISJSON,UNIQUE,MERGE,TRUNCATE TABLE,FOREIGN KEY,BACKUP DATABASE,.bak,WITH REPLACE,embedding,đồng thời,cột tính toán,IF EXISTS,DATEDIFF,ON DELETE CASCADE,"Khởi đầu (Starter): Tự viết mã ban đầu, chỉ gọi AI khi gặp lỗi biên dịch hoặc bế tắc cú pháp.","Tìm kiếm và sửa lỗi (Debug) các lỗi cú pháp hoặc lỗi vi phạm ràng buộc toàn vẹn, Hỗ trợ giải quyết các bài tập Homework/Assignment cá nhân",Chạy thử nghiệm (Run/Test) trên SSMS xem có báo lỗi không rồi nộp,"Hầu như không xảy ra, tôi luôn phân biệt rõ ràng giữa việc hiểu và việc dùng AI",4,Tự tra cứu tài liệu Lab Manual hoặc cấu trúc schema để tìm nguyên nhân gốc rễ,Sách hướng dẫn Lab thủ công (Lab Manual) chính thống của giảng viên,"Áp dụng giai đoạn đầu không dùng AI, sau đó mới mở rộng cho phép dùng AI, Đưa các tình huống gỡ lỗi mã AI sai vào nội dung bài tập thực hành trên lớp",4,
9/7/2026 9:23:01,52400196@student.tdtu.edu.vn,29 / 30,Bùi Đức Huy,52400196,Nhóm 02 (Ca 1): thứ 2,Tôi đồng ý tham gia khảo sát và kiểm tra năng lực,Chuyển đổi ngữ cảnh làm việc (session context) hiện hành sang cơ sở dữ liệu QuanlySV.,"Là từ khóa phân tách các khối lệnh (batch separator) được tiện ích SSMS nhận diện, không phải câu lệnh SQL.","NOT NULL, UNIQUE và tự động tạo Clustered Index (mặc định trong SQL Server).",Quan hệ đệ quy (Self-referential) thông qua hai khóa ngoại cùng tham chiếu về một bảng cha.,KETQUA -> DIEUKIEN -> HOCPHAN -> SINHVIEN -> MONHOC -> KETQUA,Lệnh thất bại và báo lỗi vì thêm cột NOT NULL vào bảng đã có dữ liệu mà không có giá trị DEFAULT.,"Dữ liệu trên RAM bị mất hoàn toàn khi tắt tiến trình/mất điện, dễ cạn kiệt bộ nhớ (OOM) và gặp xung đột đồng thời (race condition).","Cột tính toán động (Computed Column), giá trị được sinh tự động từ biểu thức.",Đảm bảo chuỗi văn bản lưu trữ phải tuân thủ cấu trúc định dạng JSON hợp lệ.,Thêm một dòng vào bảng SINHVIEN với giá trị MAKHOA = 'LUAT' trong khi bảng KHOA chưa có mã này.,DROP COLUMN DIENTHOAI FROM NHANVIEN;,"Khi cột đó đang bị ràng buộc bởi Primary Key, Foreign Key, CHECK hoặc DEFAULT chưa được drop.",Báo lỗi vi phạm ràng buộc tham chiếu và từ chối (rollback) thao tác xóa dòng ở bảng cha.,Lệnh thất bại với lỗi vi phạm ràng buộc do bảng MATHANG đang có khóa ngoại tham chiếu tới NHACUNGCAP.,"CHECK (DATEDIFF(YEAR, NGAYSINH, GETDATE()) BETWEEN 18 AND 60)","OrderDate = '2026-03-10', ShipDate = '2026-03-08', DeliveryDate = '2026-03-12'",Cho phép sử dụng mệnh đề mở rộng FROM TableA JOIN TableB ON ... ngay sau mệnh đề SET.,Để tuân thủ quy tắc xóa: phải xóa dữ liệu bảng con trước khi xóa bản ghi cha để tránh lỗi vi phạm khóa ngoại.,TRUNCATE TABLE table_name;,Bỏ qua lỗi thực thi và không dừng script nếu bảng chưa từng tồn tại trong cơ sở dữ liệu.,"Đồng bộ hai bảng bằng cách kết hợp INSERT, UPDATE (và có thể DELETE) dựa trên sự khớp mã khóa.","BACKUP DATABASE QuanlySV TO DISK = 'C:\Backups\QuanlySV.bak' WITH FORMAT, INIT;",WITH REPLACE,1002,"Kho WH01 bị xóa, đồng thời tất cả các chuyến hàng có OriginWarehouseID = 'WH01' trong bảng SHIPMENT cũng tự động bị xóa.","S001', 'CSDL', 1, 4 tiếp theo chèn 'S001', 'CSDL', 1, 8",AI Vector Search vì truy vấn sử dụng ngữ nghĩa phi cấu trúc và đo độ tương đồng cosine qua embedding.,Đăng nhập bằng danh tính và chứng chỉ bảo mật của tài khoản hệ điều hành Windows hiện hành đang mở ứng dụng.,File kịch bản chứa các câu lệnh T-SQL (.sql) để tái tạo lược đồ (DDL) hoặc chèn dữ liệu (DML).,table,NVARCHAR,sp_help,dấu ngoặc vuông,IDENTITY,table level,NO ACTION,tự tham chiếu,DROP TABLE,CHECK,DEFAULT,DATETIME2,bảng cha,bảng con,ADD,ALTER COLUMN,DEFAULT,ISJSON(),unique,MERGE,TRUNCATE TABLE,Foreign Key,BACKUP DATABASE,.bak,WITH REPLACE,embedding,đồng thời,Computed Column,IF EXISTS,DATEDIFF,ON DELETE CASCADE,"Thách thức (Challenger): Tự hoàn thiện giải pháp trước, sau đó dùng AI để kiểm chứng khả năng tối ưu.","Giải thích khái niệm lý thuyết và mô hình quan hệ (ERD), Sinh mã lệnh DDL/DML tự động (CREATE TABLE, ALTER, INSERT, UPDATE), Tìm kiếm và sửa lỗi (Debug) các lỗi cú pháp hoặc lỗi vi phạm ràng buộc toàn vẹn, Hỗ trợ giải quyết các bài tập Homework/Assignment cá nhân","Đọc hiểu kỹ, rà soát từng dòng, tự kiểm tra các trường hợp biên (Active Verification)",Thỉnh thoảng có cảm giác này,5,Đưa ngay thông báo lỗi (Error message) cho AI để nhờ sửa hộ,Tài liệu kỹ thuật chính thức (Microsoft SQL Server Documentation / TechNet),"Áp dụng giai đoạn đầu không dùng AI, sau đó mới mở rộng cho phép dùng AI",4,không 
9/7/2026 9:23:54,52500033@student.tdtu.edu.vn,29 / 30,Lê Gia Bảo,52500033,Nhóm 02 (Ca 1): thứ 2,Tôi đồng ý tham gia khảo sát và kiểm tra năng lực,Chuyển đổi ngữ cảnh làm việc (session context) hiện hành sang cơ sở dữ liệu QuanlySV.,"Là từ khóa phân tách các khối lệnh (batch separator) được tiện ích SSMS nhận diện, không phải câu lệnh SQL.","NOT NULL, UNIQUE và tự động tạo Clustered Index (mặc định trong SQL Server).",Quan hệ đệ quy (Self-referential) thông qua hai khóa ngoại cùng tham chiếu về một bảng cha.,KETQUA -> DIEUKIEN -> HOCPHAN -> SINHVIEN -> MONHOC -> KETQUA,Lệnh thất bại và báo lỗi vì thêm cột NOT NULL vào bảng đã có dữ liệu mà không có giá trị DEFAULT.,"Dữ liệu trên RAM bị mất hoàn toàn khi tắt tiến trình/mất điện, dễ cạn kiệt bộ nhớ (OOM) và gặp xung đột đồng thời (race condition).","Cột tính toán động (Computed Column), giá trị được sinh tự động từ biểu thức.",Đảm bảo chuỗi văn bản lưu trữ phải tuân thủ cấu trúc định dạng JSON hợp lệ.,Thêm một dòng vào bảng SINHVIEN với giá trị MAKHOA = 'LUAT' trong khi bảng KHOA chưa có mã này.,ALTER TABLE NHANVIEN DROP COLUMN DIENTHOAI;,"Khi cột đó đang bị ràng buộc bởi Primary Key, Foreign Key, CHECK hoặc DEFAULT chưa được drop.",Báo lỗi vi phạm ràng buộc tham chiếu và từ chối (rollback) thao tác xóa dòng ở bảng cha.,Lệnh thất bại với lỗi vi phạm ràng buộc do bảng MATHANG đang có khóa ngoại tham chiếu tới NHACUNGCAP.,CHECK (AGE(NGAYSINH) >= 18 AND AGE(NGAYSINH) <= 60),"OrderDate = '2026-03-10', ShipDate = '2026-03-08', DeliveryDate = '2026-03-12'",Cho phép sử dụng mệnh đề mở rộng FROM TableA JOIN TableB ON ... ngay sau mệnh đề SET.,Để tuân thủ quy tắc xóa: phải xóa dữ liệu bảng con trước khi xóa bản ghi cha để tránh lỗi vi phạm khóa ngoại.,TRUNCATE TABLE table_name;,Bỏ qua lỗi thực thi và không dừng script nếu bảng chưa từng tồn tại trong cơ sở dữ liệu.,"Đồng bộ hai bảng bằng cách kết hợp INSERT, UPDATE (và có thể DELETE) dựa trên sự khớp mã khóa.","BACKUP DATABASE QuanlySV TO DISK = 'C:\Backups\QuanlySV.bak' WITH FORMAT, INIT;",WITH REPLACE,1002,"Kho WH01 bị xóa, đồng thời tất cả các chuyến hàng có OriginWarehouseID = 'WH01' trong bảng SHIPMENT cũng tự động bị xóa.","S001', 'CSDL', 1, 4 tiếp theo chèn 'S001', 'CSDL', 1, 8",AI Vector Search vì truy vấn sử dụng ngữ nghĩa phi cấu trúc và đo độ tương đồng cosine qua embedding.,Đăng nhập bằng danh tính và chứng chỉ bảo mật của tài khoản hệ điều hành Windows hiện hành đang mở ứng dụng.,File kịch bản chứa các câu lệnh T-SQL (.sql) để tái tạo lược đồ (DDL) hoặc chèn dữ liệu (DML).,table,nvarchar,sp_help,ngoặc vuông,identity,mức bảng,no action,đệ quy,drop table,check,default,datetime2,cha,con,add,alter column,default,isjson,unique,merge,truncate table,foreign key,backup database,.bak,with replace,,đồng thời,cột tính toán,if exists,datediff,on delete cascade,"Khởi đầu (Starter): Tự viết mã ban đầu, chỉ gọi AI khi gặp lỗi biên dịch hoặc bế tắc cú pháp.","Giải thích khái niệm lý thuyết và mô hình quan hệ (ERD), Sinh mã lệnh DDL/DML tự động (CREATE TABLE, ALTER, INSERT, UPDATE), Tìm kiếm và sửa lỗi (Debug) các lỗi cú pháp hoặc lỗi vi phạm ràng buộc toàn vẹn, Hỗ trợ giải quyết các bài tập Homework/Assignment cá nhân","Đọc hiểu kỹ, rà soát từng dòng, tự kiểm tra các trường hợp biên (Active Verification)",Rất thường xuyên xảy ra với bản thân tôi,3,Tự tra cứu tài liệu Lab Manual hoặc cấu trúc schema để tìm nguyên nhân gốc rễ,Tài liệu kỹ thuật chính thức (Microsoft SQL Server Documentation / TechNet),"Áp dụng giai đoạn đầu không dùng AI, sau đó mới mở rộng cho phép dùng AI",3,
9/7/2026 9:24:07,525h0070@student.tdtu.edu.vn,29 / 30,Lê Thanh Phúc,525h0070,Nhóm 02 (Ca 1): thứ 2,Tôi đồng ý tham gia khảo sát và kiểm tra năng lực,Chuyển đổi ngữ cảnh làm việc (session context) hiện hành sang cơ sở dữ liệu QuanlySV.,"Là từ khóa phân tách các khối lệnh (batch separator) được tiện ích SSMS nhận diện, không phải câu lệnh SQL.","NOT NULL, UNIQUE và tự động tạo Clustered Index (mặc định trong SQL Server).",Quan hệ đệ quy (Self-referential) thông qua hai khóa ngoại cùng tham chiếu về một bảng cha.,MONHOC -> DIEUKIEN -> HOCPHAN -> KHOA -> SINHVIEN -> KETQUA,Lệnh thất bại và báo lỗi vì thêm cột NOT NULL vào bảng đã có dữ liệu mà không có giá trị DEFAULT.,"Dữ liệu trên RAM bị mất hoàn toàn khi tắt tiến trình/mất điện, dễ cạn kiệt bộ nhớ (OOM) và gặp xung đột đồng thời (race condition).","Cột tính toán động (Computed Column), giá trị được sinh tự động từ biểu thức.",Đảm bảo chuỗi văn bản lưu trữ phải tuân thủ cấu trúc định dạng JSON hợp lệ.,Thêm một dòng vào bảng SINHVIEN với giá trị MAKHOA = 'LUAT' trong khi bảng KHOA chưa có mã này.,ALTER TABLE NHANVIEN DROP COLUMN DIENTHOAI;,"Khi cột đó đang bị ràng buộc bởi Primary Key, Foreign Key, CHECK hoặc DEFAULT chưa được drop.",Báo lỗi vi phạm ràng buộc tham chiếu và từ chối (rollback) thao tác xóa dòng ở bảng cha.,Lệnh thất bại với lỗi vi phạm ràng buộc do bảng MATHANG đang có khóa ngoại tham chiếu tới NHACUNGCAP.,"CHECK (DATEDIFF(YEAR, NGAYSINH, GETDATE()) BETWEEN 18 AND 60)","OrderDate = '2026-03-10', ShipDate = '2026-03-08', DeliveryDate = '2026-03-12'",Cho phép sử dụng mệnh đề mở rộng FROM TableA JOIN TableB ON ... ngay sau mệnh đề SET.,Để tuân thủ quy tắc xóa: phải xóa dữ liệu bảng con trước khi xóa bản ghi cha để tránh lỗi vi phạm khóa ngoại.,TRUNCATE TABLE table_name;,Bỏ qua lỗi thực thi và không dừng script nếu bảng chưa từng tồn tại trong cơ sở dữ liệu.,"Đồng bộ hai bảng bằng cách kết hợp INSERT, UPDATE (và có thể DELETE) dựa trên sự khớp mã khóa.","BACKUP DATABASE QuanlySV TO DISK = 'C:\Backups\QuanlySV.bak' WITH FORMAT, INIT;",WITH REPLACE,1002,"Kho WH01 bị xóa, đồng thời tất cả các chuyến hàng có OriginWarehouseID = 'WH01' trong bảng SHIPMENT cũng tự động bị xóa.","S001', 'CSDL', 1, 4 tiếp theo chèn 'S001', 'CSDL', 1, 8",AI Vector Search vì truy vấn sử dụng ngữ nghĩa phi cấu trúc và đo độ tương đồng cosine qua embedding.,Đăng nhập bằng danh tính và chứng chỉ bảo mật của tài khoản hệ điều hành Windows hiện hành đang mở ứng dụng.,File kịch bản chứa các câu lệnh T-SQL (.sql) để tái tạo lược đồ (DDL) hoặc chèn dữ liệu (DML).,table,NVARCHAR,sp_hepl,ngoặc vuông,IDENTITY,cấp bảng,NO ACTION,đệ quy,DROP TABLE,CHECK,,DEFAULT,CHA,CON,ADD,ALTER COLUMN,mặc định,ISJSON,duy nhất,MERGE,TRUNCATE TABLE,FOREIGN KEY,BACKUP DATABASE,.bak,WITH REPLACE,VECTOR,RACE CONDITION,COMPUTED,IF EXISTS,DATEDIFF,CASCADE,"Tinh chỉnh (Fine-tuner): Tự viết phần lớn, chỉ dùng AI để định dạng hoặc tối ưu hóa cục bộ.","Sinh mã lệnh DDL/DML tự động (CREATE TABLE, ALTER, INSERT, UPDATE), Tìm kiếm và sửa lỗi (Debug) các lỗi cú pháp hoặc lỗi vi phạm ràng buộc toàn vẹn",Chạy thử nghiệm (Run/Test) trên SSMS xem có báo lỗi không rồi nộp,Thỉnh thoảng có cảm giác này,3,Tự tra cứu tài liệu Lab Manual hoặc cấu trúc schema để tìm nguyên nhân gốc rễ,Các câu trả lời giải thích bằng ngôn ngữ tự nhiên của Trợ lý AI,Tăng cường các bài kiểm tra vấn đáp trực tiếp / live-coding không dùng mạng,3,TÌM KIẾM TÀI LIỆU
9/7/2026 9:27:57,52500092@student.tdtu.edu.vn,29 / 30,Nguyễn Đặng Bá Thành ,52500092,Nhóm 02 (Ca 1): thứ 2,Tôi đồng ý tham gia khảo sát và kiểm tra năng lực,Chuyển đổi ngữ cảnh làm việc (session context) hiện hành sang cơ sở dữ liệu QuanlySV.,"Là từ khóa phân tách các khối lệnh (batch separator) được tiện ích SSMS nhận diện, không phải câu lệnh SQL.","NOT NULL, UNIQUE và tự động tạo Clustered Index (mặc định trong SQL Server).",Quan hệ đệ quy (Self-referential) thông qua hai khóa ngoại cùng tham chiếu về một bảng cha.,KETQUA -> DIEUKIEN -> HOCPHAN -> SINHVIEN -> MONHOC -> KETQUA,Lệnh thất bại và báo lỗi vì thêm cột NOT NULL vào bảng đã có dữ liệu mà không có giá trị DEFAULT.,"Dữ liệu trên RAM bị mất hoàn toàn khi tắt tiến trình/mất điện, dễ cạn kiệt bộ nhớ (OOM) và gặp xung đột đồng thời (race condition).","Cột tính toán động (Computed Column), giá trị được sinh tự động từ biểu thức.",Đảm bảo chuỗi văn bản lưu trữ phải tuân thủ cấu trúc định dạng JSON hợp lệ.,Thêm một dòng vào bảng SINHVIEN với giá trị MAKHOA = 'LUAT' trong khi bảng KHOA chưa có mã này.,ALTER TABLE NHANVIEN DROP COLUMN DIENTHOAI;,"Khi cột đó đang bị ràng buộc bởi Primary Key, Foreign Key, CHECK hoặc DEFAULT chưa được drop.",Báo lỗi vi phạm ràng buộc tham chiếu và từ chối (rollback) thao tác xóa dòng ở bảng cha.,Lệnh thất bại với lỗi vi phạm ràng buộc do bảng MATHANG đang có khóa ngoại tham chiếu tới NHACUNGCAP.,"CHECK (DATEDIFF(YEAR, NGAYSINH, GETDATE()) BETWEEN 18 AND 60)","OrderDate = '2026-03-10', ShipDate = '2026-03-08', DeliveryDate = '2026-03-12'",Cho phép sử dụng mệnh đề mở rộng FROM TableA JOIN TableB ON ... ngay sau mệnh đề SET.,Để tuân thủ quy tắc xóa: phải xóa dữ liệu bảng con trước khi xóa bản ghi cha để tránh lỗi vi phạm khóa ngoại.,DROP TABLE table_name;,Bỏ qua lỗi thực thi và không dừng script nếu bảng chưa từng tồn tại trong cơ sở dữ liệu.,"Đồng bộ hai bảng bằng cách kết hợp INSERT, UPDATE (và có thể DELETE) dựa trên sự khớp mã khóa.","BACKUP DATABASE QuanlySV TO DISK = 'C:\Backups\QuanlySV.bak' WITH FORMAT, INIT;",WITH REPLACE,1002,"Kho WH01 bị xóa, đồng thời tất cả các chuyến hàng có OriginWarehouseID = 'WH01' trong bảng SHIPMENT cũng tự động bị xóa.","S001', 'CSDL', 1, 4 tiếp theo chèn 'S001', 'CSDL', 1, 8",AI Vector Search vì truy vấn sử dụng ngữ nghĩa phi cấu trúc và đo độ tương đồng cosine qua embedding.,Đăng nhập bằng danh tính và chứng chỉ bảo mật của tài khoản hệ điều hành Windows hiện hành đang mở ứng dụng.,File kịch bản chứa các câu lệnh T-SQL (.sql) để tái tạo lược đồ (DDL) hoặc chèn dữ liệu (DML).,table,NVARCHAR,EXEC sp_help,[ ],Identity,Cấp bảng ,NO ACTION,Tự tham chiếu,DROP TABLE,CHECK,DEFAULT,DATETIME2,Cha,Con,ADD,Column,DEFAULT ,IS JSON,Unique,Merge,TRUNCATE TABLE,FOREIGN KEY,BACKUP DATABASE,BAK,,WITH REPLACE,EMBEDDING,Computed Column,IF EXISTS,DATEDIFF,ON DELETE CASCADE,"Điều hướng (Navigator): Đối thoại liên tục từng bước nhỏ, xây dựng giải pháp qua gợi ý của AI (lập trình cặp).","Giải thích khái niệm lý thuyết và mô hình quan hệ (ERD), Sinh mã lệnh DDL/DML tự động (CREATE TABLE, ALTER, INSERT, UPDATE), Tìm kiếm và sửa lỗi (Debug) các lỗi cú pháp hoặc lỗi vi phạm ràng buộc toàn vẹn, Hỗ trợ giải quyết các bài tập Homework/Assignment cá nhân","Đọc hiểu kỹ, rà soát từng dòng, tự kiểm tra các trường hợp biên (Active Verification)",Thỉnh thoảng có cảm giác này,4,Tự tra cứu tài liệu Lab Manual hoặc cấu trúc schema để tìm nguyên nhân gốc rễ,Tài liệu kỹ thuật chính thức (Microsoft SQL Server Documentation / TechNet),"Áp dụng giai đoạn đầu không dùng AI, sau đó mới mở rộng cho phép dùng AI, Tăng cường các bài kiểm tra vấn đáp trực tiếp / live-coding không dùng mạng, Đưa các tình huống gỡ lỗi mã AI sai vào nội dung bài tập thực hành trên lớp",4,"AI là công cụ hỗ trợ đắc lực giúp giải thích khái niệm và tăng tốc độ viết mã. Tuy nhiên, để phát triển tư duy lập trình bền vững, chúng ta cần nắm vững bản chất tư duy dữ liệu, tự viết và gỡ lỗi thủ công trước khi phụ thuộc vào AI nên coi AI là một trợ lí thay vì 1 công cụ thay thế."
9/7/2026 9:28:09,52500084@student.tdtu.edu.vn,29 / 30,Trần Gia Phúc ,52500084,Nhóm 02 (Ca 1): thứ 2,Tôi đồng ý tham gia khảo sát và kiểm tra năng lực,Chuyển đổi ngữ cảnh làm việc (session context) hiện hành sang cơ sở dữ liệu QuanlySV.,"Là từ khóa phân tách các khối lệnh (batch separator) được tiện ích SSMS nhận diện, không phải câu lệnh SQL.","NOT NULL, UNIQUE và tự động tạo Clustered Index (mặc định trong SQL Server).",Quan hệ đệ quy (Self-referential) thông qua hai khóa ngoại cùng tham chiếu về một bảng cha.,KETQUA -> DIEUKIEN -> HOCPHAN -> SINHVIEN -> MONHOC -> KETQUA,Lệnh thất bại và báo lỗi vì thêm cột NOT NULL vào bảng đã có dữ liệu mà không có giá trị DEFAULT.,"Dữ liệu trên RAM bị mất hoàn toàn khi tắt tiến trình/mất điện, dễ cạn kiệt bộ nhớ (OOM) và gặp xung đột đồng thời (race condition).","Cột tính toán động (Computed Column), giá trị được sinh tự động từ biểu thức.",Đảm bảo chuỗi văn bản lưu trữ phải tuân thủ cấu trúc định dạng JSON hợp lệ.,Thêm một dòng vào bảng SINHVIEN với giá trị MAKHOA = 'LUAT' trong khi bảng KHOA chưa có mã này.,ALTER TABLE NHANVIEN DROP COLUMN DIENTHOAI;,"Khi cột đó đang bị ràng buộc bởi Primary Key, Foreign Key, CHECK hoặc DEFAULT chưa được drop.",Báo lỗi vi phạm ràng buộc tham chiếu và từ chối (rollback) thao tác xóa dòng ở bảng cha.,Lệnh thất bại với lỗi vi phạm ràng buộc do bảng MATHANG đang có khóa ngoại tham chiếu tới NHACUNGCAP.,"CHECK (DATEDIFF(YEAR, NGAYSINH, GETDATE()) BETWEEN 18 AND 60)","OrderDate = '2026-03-10', ShipDate = '2026-03-08', DeliveryDate = '2026-03-12'",Cho phép sử dụng mệnh đề mở rộng FROM TableA JOIN TableB ON ... ngay sau mệnh đề SET.,Để tuân thủ quy tắc xóa: phải xóa dữ liệu bảng con trước khi xóa bản ghi cha để tránh lỗi vi phạm khóa ngoại.,DROP TABLE table_name;,Bỏ qua lỗi thực thi và không dừng script nếu bảng chưa từng tồn tại trong cơ sở dữ liệu.,"Đồng bộ hai bảng bằng cách kết hợp INSERT, UPDATE (và có thể DELETE) dựa trên sự khớp mã khóa.","BACKUP DATABASE QuanlySV TO DISK = 'C:\Backups\QuanlySV.bak' WITH FORMAT, INIT;",WITH REPLACE,1002,"Kho WH01 bị xóa, đồng thời tất cả các chuyến hàng có OriginWarehouseID = 'WH01' trong bảng SHIPMENT cũng tự động bị xóa.","S001', 'CSDL', 1, 4 tiếp theo chèn 'S001', 'CSDL', 1, 8",AI Vector Search vì truy vấn sử dụng ngữ nghĩa phi cấu trúc và đo độ tương đồng cosine qua embedding.,Đăng nhập bằng danh tính và chứng chỉ bảo mật của tài khoản hệ điều hành Windows hiện hành đang mở ứng dụng.,File kịch bản chứa các câu lệnh T-SQL (.sql) để tái tạo lược đồ (DDL) hoặc chèn dữ liệu (DML).,table,nvarchar,EXEC sp.help,[ ],identity (),cấp bảng,no action,tự tham chiếu,drop table ,check,default,datetime2,cha,con,add,column,default,isjason,unique,merge,truncate table,foreign key,backup database,.bak,with replace,embedding,đồng thời,cột tính toán,if exists,datediff,on delete cade,"Điều hướng (Navigator): Đối thoại liên tục từng bước nhỏ, xây dựng giải pháp qua gợi ý của AI (lập trình cặp).","Giải thích khái niệm lý thuyết và mô hình quan hệ (ERD), Sinh mã lệnh DDL/DML tự động (CREATE TABLE, ALTER, INSERT, UPDATE), Tìm kiếm và sửa lỗi (Debug) các lỗi cú pháp hoặc lỗi vi phạm ràng buộc toàn vẹn, Hỗ trợ giải quyết các bài tập Homework/Assignment cá nhân","Đọc hiểu kỹ, rà soát từng dòng, tự kiểm tra các trường hợp biên (Active Verification)",Thỉnh thoảng có cảm giác này,3,Tự tra cứu tài liệu Lab Manual hoặc cấu trúc schema để tìm nguyên nhân gốc rễ,Tài liệu kỹ thuật chính thức (Microsoft SQL Server Documentation / TechNet),"Áp dụng giai đoạn đầu không dùng AI, sau đó mới mở rộng cho phép dùng AI, Tăng cường các bài kiểm tra vấn đáp trực tiếp / live-coding không dùng mạng, Đưa các tình huống gỡ lỗi mã AI sai vào nội dung bài tập thực hành trên lớp",4,"nên biết mình dùng mục đích gì, để hướng dẫn, tìm cái mới sẽ tốt, để AI tự code hết mà chẳng hiểu gì thì không tốt"
9/7/2026 10:02:01,52400027@student.tdtu.edu.vn,30 / 30,Đinh Thanh Phong,52400027,Nhóm 02 (Ca 2): thứ 2,Tôi đồng ý tham gia khảo sát và kiểm tra năng lực,Chuyển đổi ngữ cảnh làm việc (session context) hiện hành sang cơ sở dữ liệu QuanlySV.,"Là từ khóa phân tách các khối lệnh (batch separator) được tiện ích SSMS nhận diện, không phải câu lệnh SQL.","NOT NULL, UNIQUE và tự động tạo Clustered Index (mặc định trong SQL Server).",Quan hệ đệ quy (Self-referential) thông qua hai khóa ngoại cùng tham chiếu về một bảng cha.,KETQUA -> DIEUKIEN -> HOCPHAN -> SINHVIEN -> MONHOC -> KETQUA,Lệnh thất bại và báo lỗi vì thêm cột NOT NULL vào bảng đã có dữ liệu mà không có giá trị DEFAULT.,"Dữ liệu trên RAM bị mất hoàn toàn khi tắt tiến trình/mất điện, dễ cạn kiệt bộ nhớ (OOM) và gặp xung đột đồng thời (race condition).","Cột tính toán động (Computed Column), giá trị được sinh tự động từ biểu thức.",Đảm bảo chuỗi văn bản lưu trữ phải tuân thủ cấu trúc định dạng JSON hợp lệ.,Thêm một dòng vào bảng SINHVIEN với giá trị MAKHOA = 'LUAT' trong khi bảng KHOA chưa có mã này.,ALTER TABLE NHANVIEN DROP COLUMN DIENTHOAI;,"Khi cột đó đang bị ràng buộc bởi Primary Key, Foreign Key, CHECK hoặc DEFAULT chưa được drop.",Báo lỗi vi phạm ràng buộc tham chiếu và từ chối (rollback) thao tác xóa dòng ở bảng cha.,Lệnh thất bại với lỗi vi phạm ràng buộc do bảng MATHANG đang có khóa ngoại tham chiếu tới NHACUNGCAP.,"CHECK (DATEDIFF(YEAR, NGAYSINH, GETDATE()) BETWEEN 18 AND 60)","OrderDate = '2026-03-10', ShipDate = '2026-03-08', DeliveryDate = '2026-03-12'",Cho phép sử dụng mệnh đề mở rộng FROM TableA JOIN TableB ON ... ngay sau mệnh đề SET.,Để tuân thủ quy tắc xóa: phải xóa dữ liệu bảng con trước khi xóa bản ghi cha để tránh lỗi vi phạm khóa ngoại.,TRUNCATE TABLE table_name;,Bỏ qua lỗi thực thi và không dừng script nếu bảng chưa từng tồn tại trong cơ sở dữ liệu.,"Đồng bộ hai bảng bằng cách kết hợp INSERT, UPDATE (và có thể DELETE) dựa trên sự khớp mã khóa.","BACKUP DATABASE QuanlySV TO DISK = 'C:\Backups\QuanlySV.bak' WITH FORMAT, INIT;",WITH REPLACE,1002,"Kho WH01 bị xóa, đồng thời tất cả các chuyến hàng có OriginWarehouseID = 'WH01' trong bảng SHIPMENT cũng tự động bị xóa.","S001', 'CSDL', 1, 4 tiếp theo chèn 'S001', 'CSDL', 1, 8",AI Vector Search vì truy vấn sử dụng ngữ nghĩa phi cấu trúc và đo độ tương đồng cosine qua embedding.,Đăng nhập bằng danh tính và chứng chỉ bảo mật của tài khoản hệ điều hành Windows hiện hành đang mở ứng dụng.,File kịch bản chứa các câu lệnh T-SQL (.sql) để tái tạo lược đồ (DDL) hoặc chèn dữ liệu (DML).,table,NVARCHAR,EXEC sp_help,dấu ngoặc vuông,IDENTITY,table level,NO ACTION,đệ quy,DROP TABLE,CHECK,DEFAULT,DATETIME2,bảng cha,bảng con ,ADD COLUMN,ALTER COLUMN,giá trị DEFAULT,ISJSON(),unique,MERGE,TRUNCATE TABLE,khóa ngoại,BACKUP DATABASE,.bak,WITH REPLACE,vector embedding,concurrency,cột tính toán,IF EXISTS,DATEDIFF,ON DELETE CASCADE,"Điều hướng (Navigator): Đối thoại liên tục từng bước nhỏ, xây dựng giải pháp qua gợi ý của AI (lập trình cặp).","Giải thích khái niệm lý thuyết và mô hình quan hệ (ERD), Sinh mã lệnh DDL/DML tự động (CREATE TABLE, ALTER, INSERT, UPDATE), Tìm kiếm và sửa lỗi (Debug) các lỗi cú pháp hoặc lỗi vi phạm ràng buộc toàn vẹn, Hỗ trợ giải quyết các bài tập Homework/Assignment cá nhân","Đọc hiểu kỹ, rà soát từng dòng, tự kiểm tra các trường hợp biên (Active Verification)",Thỉnh thoảng có cảm giác này,4,Thử nghiệm ngẫu nhiên các câu lệnh vô hiệu hóa kiểm tra cho đến khi chạy được,Sách hướng dẫn Lab thủ công (Lab Manual) chính thống của giảng viên,"Áp dụng giai đoạn đầu không dùng AI, sau đó mới mở rộng cho phép dùng AI, Đưa các tình huống gỡ lỗi mã AI sai vào nội dung bài tập thực hành trên lớp",3,nó hỗ trợ khá nhiều cho sinh viên và lập trình viên trong thời đại ngày nay.
9/7/2026 9:28:37,52500098@student.tdtu.edu.vn,29 / 30,Hà Công Thuận,52500098,Nhóm 02 (Ca 1): thứ 2,Tôi đồng ý tham gia khảo sát và kiểm tra năng lực,Chuyển đổi ngữ cảnh làm việc (session context) hiện hành sang cơ sở dữ liệu QuanlySV.,"Là từ khóa phân tách các khối lệnh (batch separator) được tiện ích SSMS nhận diện, không phải câu lệnh SQL.","NOT NULL, UNIQUE và tự động tạo Clustered Index (mặc định trong SQL Server).",Quan hệ đệ quy (Self-referential) thông qua hai khóa ngoại cùng tham chiếu về một bảng cha.,KETQUA -> DIEUKIEN -> HOCPHAN -> SINHVIEN -> MONHOC -> KETQUA,Lệnh thất bại và báo lỗi vì thêm cột NOT NULL vào bảng đã có dữ liệu mà không có giá trị DEFAULT.,"Dữ liệu trên RAM bị mất hoàn toàn khi tắt tiến trình/mất điện, dễ cạn kiệt bộ nhớ (OOM) và gặp xung đột đồng thời (race condition).","Cột tính toán động (Computed Column), giá trị được sinh tự động từ biểu thức.",Đảm bảo chuỗi văn bản lưu trữ phải tuân thủ cấu trúc định dạng JSON hợp lệ.,Thêm một dòng vào bảng SINHVIEN với giá trị MAKHOA = 'LUAT' trong khi bảng KHOA chưa có mã này.,ALTER TABLE NHANVIEN DROP COLUMN DIENTHOAI;,"Khi cột đó đang bị ràng buộc bởi Primary Key, Foreign Key, CHECK hoặc DEFAULT chưa được drop.",Báo lỗi vi phạm ràng buộc tham chiếu và từ chối (rollback) thao tác xóa dòng ở bảng cha.,Lệnh thất bại với lỗi vi phạm ràng buộc do bảng MATHANG đang có khóa ngoại tham chiếu tới NHACUNGCAP.,"CHECK (DATEDIFF(YEAR, NGAYSINH, GETDATE()) BETWEEN 18 AND 60)","OrderDate = '2026-03-10', ShipDate = '2026-03-08', DeliveryDate = '2026-03-12'",Cho phép sử dụng mệnh đề mở rộng FROM TableA JOIN TableB ON ... ngay sau mệnh đề SET.,Để tuân thủ quy tắc xóa: phải xóa dữ liệu bảng con trước khi xóa bản ghi cha để tránh lỗi vi phạm khóa ngoại.,DROP TABLE table_name;,Bỏ qua lỗi thực thi và không dừng script nếu bảng chưa từng tồn tại trong cơ sở dữ liệu.,"Đồng bộ hai bảng bằng cách kết hợp INSERT, UPDATE (và có thể DELETE) dựa trên sự khớp mã khóa.","BACKUP DATABASE QuanlySV TO DISK = 'C:\Backups\QuanlySV.bak' WITH FORMAT, INIT;",WITH REPLACE,1002,"Kho WH01 bị xóa, đồng thời tất cả các chuyến hàng có OriginWarehouseID = 'WH01' trong bảng SHIPMENT cũng tự động bị xóa.","S001', 'CSDL', 1, 4 tiếp theo chèn 'S001', 'CSDL', 1, 8",AI Vector Search vì truy vấn sử dụng ngữ nghĩa phi cấu trúc và đo độ tương đồng cosine qua embedding.,Đăng nhập bằng danh tính và chứng chỉ bảo mật của tài khoản hệ điều hành Windows hiện hành đang mở ứng dụng.,File kịch bản chứa các câu lệnh T-SQL (.sql) để tái tạo lược đồ (DDL) hoặc chèn dữ liệu (DML).,table,NVARCHAR,EXEC sp_help,[],IDENTITY,cấp bảng,NO ACTION,tự tham chiếu,DROP TABLE,CHECK,DEFAULT ,DATETIME2,Cha,con,add,ALTER COLUMN,Mặc định,ISJSON,Duy nhất,MERGE,TRUNCATE TABLE,Khóa ngoại,BACKUP DATABASE,.bak,WITH REPLACE,Nhúng,Đồng thời,Cột tính toán,IF EXISTS,DATEDIFF,ON DELETE CASCADE,"Điều hướng (Navigator): Đối thoại liên tục từng bước nhỏ, xây dựng giải pháp qua gợi ý của AI (lập trình cặp).","Giải thích khái niệm lý thuyết và mô hình quan hệ (ERD), Sinh mã lệnh DDL/DML tự động (CREATE TABLE, ALTER, INSERT, UPDATE), Tìm kiếm và sửa lỗi (Debug) các lỗi cú pháp hoặc lỗi vi phạm ràng buộc toàn vẹn, Hỗ trợ giải quyết các bài tập Homework/Assignment cá nhân","Đọc hiểu kỹ, rà soát từng dòng, tự kiểm tra các trường hợp biên (Active Verification)",Thỉnh thoảng có cảm giác này,4,Thử nghiệm ngẫu nhiên các câu lệnh vô hiệu hóa kiểm tra cho đến khi chạy được,Các câu trả lời giải thích bằng ngôn ngữ tự nhiên của Trợ lý AI,"Áp dụng giai đoạn đầu không dùng AI, sau đó mới mở rộng cho phép dùng AI",4,AI có thể trợ giúp rất tốt nhưng vẫn nên tự code
9/7/2026 10:14:19,52400178@student.tdtu.edu.vn,30 / 30,Trương Quang Đoàn,52400178,Nhóm 02 (Ca 2): thứ 2,Tôi đồng ý tham gia khảo sát và kiểm tra năng lực,Chuyển đổi ngữ cảnh làm việc (session context) hiện hành sang cơ sở dữ liệu QuanlySV.,"Là từ khóa phân tách các khối lệnh (batch separator) được tiện ích SSMS nhận diện, không phải câu lệnh SQL.","NOT NULL, UNIQUE và tự động tạo Clustered Index (mặc định trong SQL Server).",Quan hệ đệ quy (Self-referential) thông qua hai khóa ngoại cùng tham chiếu về một bảng cha.,KETQUA -> DIEUKIEN -> HOCPHAN -> SINHVIEN -> MONHOC -> KETQUA,Lệnh thất bại và báo lỗi vì thêm cột NOT NULL vào bảng đã có dữ liệu mà không có giá trị DEFAULT.,"Dữ liệu trên RAM bị mất hoàn toàn khi tắt tiến trình/mất điện, dễ cạn kiệt bộ nhớ (OOM) và gặp xung đột đồng thời (race condition).","Cột tính toán động (Computed Column), giá trị được sinh tự động từ biểu thức.",Đảm bảo chuỗi văn bản lưu trữ phải tuân thủ cấu trúc định dạng JSON hợp lệ.,Thêm một dòng vào bảng SINHVIEN với giá trị MAKHOA = 'LUAT' trong khi bảng KHOA chưa có mã này.,ALTER TABLE NHANVIEN DROP COLUMN DIENTHOAI;,"Khi cột đó đang bị ràng buộc bởi Primary Key, Foreign Key, CHECK hoặc DEFAULT chưa được drop.",Báo lỗi vi phạm ràng buộc tham chiếu và từ chối (rollback) thao tác xóa dòng ở bảng cha.,Lệnh thất bại với lỗi vi phạm ràng buộc do bảng MATHANG đang có khóa ngoại tham chiếu tới NHACUNGCAP.,"CHECK (DATEDIFF(YEAR, NGAYSINH, GETDATE()) BETWEEN 18 AND 60)","OrderDate = '2026-03-10', ShipDate = '2026-03-08', DeliveryDate = '2026-03-12'",Cho phép sử dụng mệnh đề mở rộng FROM TableA JOIN TableB ON ... ngay sau mệnh đề SET.,Để tuân thủ quy tắc xóa: phải xóa dữ liệu bảng con trước khi xóa bản ghi cha để tránh lỗi vi phạm khóa ngoại.,TRUNCATE TABLE table_name;,Bỏ qua lỗi thực thi và không dừng script nếu bảng chưa từng tồn tại trong cơ sở dữ liệu.,"Đồng bộ hai bảng bằng cách kết hợp INSERT, UPDATE (và có thể DELETE) dựa trên sự khớp mã khóa.","BACKUP DATABASE QuanlySV TO DISK = 'C:\Backups\QuanlySV.bak' WITH FORMAT, INIT;",WITH REPLACE,1002,"Kho WH01 bị xóa, đồng thời tất cả các chuyến hàng có OriginWarehouseID = 'WH01' trong bảng SHIPMENT cũng tự động bị xóa.","S001', 'CSDL', 1, 4 tiếp theo chèn 'S001', 'CSDL', 1, 8",AI Vector Search vì truy vấn sử dụng ngữ nghĩa phi cấu trúc và đo độ tương đồng cosine qua embedding.,Đăng nhập bằng danh tính và chứng chỉ bảo mật của tài khoản hệ điều hành Windows hiện hành đang mở ứng dụng.,File kịch bản chứa các câu lệnh T-SQL (.sql) để tái tạo lược đồ (DDL) hoặc chèn dữ liệu (DML).,table,NVARCHAR,sp_help,Square Brackets,IDENTITY,Table level,NO ACTION,Self-referential,DROP TABLE,CHECK,DEFAULT,DATETIME2,Parent table,Child Table,ADD,ALTER COLUMN,DEFAULT value,ISJSON,Unique,MERGE,TRUNCATE TABLE,Foreign key,BACKUP DATABASE,.bak,WITH REPLACE,Embedding vectors,Race conditons,Compute column,IF EXISTS,DATEDIFF,ON DELETE CASCADE,"Khởi đầu (Starter): Tự viết mã ban đầu, chỉ gọi AI khi gặp lỗi biên dịch hoặc bế tắc cú pháp.","Giải thích khái niệm lý thuyết và mô hình quan hệ (ERD), Sinh mã lệnh DDL/DML tự động (CREATE TABLE, ALTER, INSERT, UPDATE), Tìm kiếm và sửa lỗi (Debug) các lỗi cú pháp hoặc lỗi vi phạm ràng buộc toàn vẹn","Đọc hiểu kỹ, rà soát từng dòng, tự kiểm tra các trường hợp biên (Active Verification)","Hầu như không xảy ra, tôi luôn phân biệt rõ ràng giữa việc hiểu và việc dùng AI",3,Tự tra cứu tài liệu Lab Manual hoặc cấu trúc schema để tìm nguyên nhân gốc rễ,Sách hướng dẫn Lab thủ công (Lab Manual) chính thống của giảng viên,Đưa các tình huống gỡ lỗi mã AI sai vào nội dung bài tập thực hành trên lớp,3,Dạ em không có
9/7/2026 9:30:35,52500055@student.tdtu.edu.vn,29 / 30,Nguyễn Văn Kha,52500055,Nhóm 02 (Ca 1): thứ 2,Tôi đồng ý tham gia khảo sát và kiểm tra năng lực,Chuyển đổi ngữ cảnh làm việc (session context) hiện hành sang cơ sở dữ liệu QuanlySV.,"Là từ khóa phân tách các khối lệnh (batch separator) được tiện ích SSMS nhận diện, không phải câu lệnh SQL.","NOT NULL, UNIQUE và tự động tạo Clustered Index (mặc định trong SQL Server).",Quan hệ đệ quy (Self-referential) thông qua hai khóa ngoại cùng tham chiếu về một bảng cha.,KETQUA -> DIEUKIEN -> HOCPHAN -> SINHVIEN -> MONHOC -> KETQUA,Lệnh thất bại và báo lỗi vì thêm cột NOT NULL vào bảng đã có dữ liệu mà không có giá trị DEFAULT.,"Dữ liệu trên RAM bị mất hoàn toàn khi tắt tiến trình/mất điện, dễ cạn kiệt bộ nhớ (OOM) và gặp xung đột đồng thời (race condition).","Cột tính toán động (Computed Column), giá trị được sinh tự động từ biểu thức.",Đảm bảo chuỗi văn bản lưu trữ phải tuân thủ cấu trúc định dạng JSON hợp lệ.,Thêm một dòng vào bảng SINHVIEN với giá trị MAKHOA = 'LUAT' trong khi bảng KHOA chưa có mã này.,ALTER TABLE NHANVIEN DROP COLUMN DIENTHOAI;,"Khi cột đó đang bị ràng buộc bởi Primary Key, Foreign Key, CHECK hoặc DEFAULT chưa được drop.",Báo lỗi vi phạm ràng buộc tham chiếu và từ chối (rollback) thao tác xóa dòng ở bảng cha.,Lệnh thất bại với lỗi vi phạm ràng buộc do bảng MATHANG đang có khóa ngoại tham chiếu tới NHACUNGCAP.,"CHECK (DATEDIFF(YEAR, NGAYSINH, GETDATE()) BETWEEN 18 AND 60)","OrderDate = '2026-03-10', ShipDate = '2026-03-08', DeliveryDate = '2026-03-12'",Cho phép sử dụng mệnh đề mở rộng FROM TableA JOIN TableB ON ... ngay sau mệnh đề SET.,Để tuân thủ quy tắc xóa: phải xóa dữ liệu bảng con trước khi xóa bản ghi cha để tránh lỗi vi phạm khóa ngoại.,DROP TABLE table_name;,Bỏ qua lỗi thực thi và không dừng script nếu bảng chưa từng tồn tại trong cơ sở dữ liệu.,"Đồng bộ hai bảng bằng cách kết hợp INSERT, UPDATE (và có thể DELETE) dựa trên sự khớp mã khóa.","BACKUP DATABASE QuanlySV TO DISK = 'C:\Backups\QuanlySV.bak' WITH FORMAT, INIT;",WITH REPLACE,1002,"Kho WH01 bị xóa, đồng thời tất cả các chuyến hàng có OriginWarehouseID = 'WH01' trong bảng SHIPMENT cũng tự động bị xóa.","S001', 'CSDL', 1, 4 tiếp theo chèn 'S001', 'CSDL', 1, 8",AI Vector Search vì truy vấn sử dụng ngữ nghĩa phi cấu trúc và đo độ tương đồng cosine qua embedding.,Đăng nhập bằng danh tính và chứng chỉ bảo mật của tài khoản hệ điều hành Windows hiện hành đang mở ứng dụng.,File kịch bản chứa các câu lệnh T-SQL (.sql) để tái tạo lược đồ (DDL) hoặc chèn dữ liệu (DML).,table,NVARCHAR ,EXEC sp_help,[],IDENTITY,cấp bảng ,no action,tự tham chiếu,DROP TABLE ,CHECK ,DEFAULT ,DATETIME2,cha,con,ADD,ALTER COLUMN,DEFAULT,ISJSON,UNIQUE,MERGE,TRUNCATE TABLE,FOREIGN KEY,BACKUP DATABASE,.bak,WITH REPLACE ,nhúng ,Đồng thời ,cột tính toán ,IF EXISTS ,DATEDIFF,ON DELETE CASCADE,,,,,,,,,,
9/11/2026 17:26:40,52400120@student.tdtu.edu.vn,29 / 30,Đặng Quốc Huy,52400120,Nhóm 02 (Ca 1): thứ 2,Tôi đồng ý tham gia khảo sát và kiểm tra năng lực,Chuyển đổi ngữ cảnh làm việc (session context) hiện hành sang cơ sở dữ liệu QuanlySV.,"Là từ khóa phân tách các khối lệnh (batch separator) được tiện ích SSMS nhận diện, không phải câu lệnh SQL.","NOT NULL, UNIQUE và tự động tạo Clustered Index (mặc định trong SQL Server).",Quan hệ đệ quy (Self-referential) thông qua hai khóa ngoại cùng tham chiếu về một bảng cha.,KETQUA -> DIEUKIEN -> HOCPHAN -> SINHVIEN -> MONHOC -> KETQUA,Lệnh thất bại và báo lỗi vì thêm cột NOT NULL vào bảng đã có dữ liệu mà không có giá trị DEFAULT.,"Dữ liệu trên RAM bị mất hoàn toàn khi tắt tiến trình/mất điện, dễ cạn kiệt bộ nhớ (OOM) và gặp xung đột đồng thời (race condition).","Cột tính toán động (Computed Column), giá trị được sinh tự động từ biểu thức.",Đảm bảo chuỗi văn bản lưu trữ phải tuân thủ cấu trúc định dạng JSON hợp lệ.,Thêm một dòng vào bảng SINHVIEN với giá trị MAKHOA = 'LUAT' trong khi bảng KHOA chưa có mã này.,ALTER TABLE NHANVIEN DROP COLUMN DIENTHOAI;,"Khi cột đó đang bị ràng buộc bởi Primary Key, Foreign Key, CHECK hoặc DEFAULT chưa được drop.",Báo lỗi vi phạm ràng buộc tham chiếu và từ chối (rollback) thao tác xóa dòng ở bảng cha.,Lệnh thất bại với lỗi vi phạm ràng buộc do bảng MATHANG đang có khóa ngoại tham chiếu tới NHACUNGCAP.,"CHECK (DATEDIFF(YEAR, NGAYSINH, GETDATE()) BETWEEN 18 AND 60)","OrderDate = '2026-03-10', ShipDate = '2026-03-08', DeliveryDate = '2026-03-12'",Cho phép sử dụng mệnh đề mở rộng FROM TableA JOIN TableB ON ... ngay sau mệnh đề SET.,Để tuân thủ quy tắc xóa: phải xóa dữ liệu bảng con trước khi xóa bản ghi cha để tránh lỗi vi phạm khóa ngoại.,TRUNCATE TABLE table_name;,Bỏ qua lỗi thực thi và không dừng script nếu bảng chưa từng tồn tại trong cơ sở dữ liệu.,"Đồng bộ hai bảng bằng cách kết hợp INSERT, UPDATE (và có thể DELETE) dựa trên sự khớp mã khóa.",,WITH REPLACE,1002,"Kho WH01 bị xóa, đồng thời tất cả các chuyến hàng có OriginWarehouseID = 'WH01' trong bảng SHIPMENT cũng tự động bị xóa.","S001', 'CSDL', 1, 4 tiếp theo chèn 'S001', 'CSDL', 1, 8",AI Vector Search vì truy vấn sử dụng ngữ nghĩa phi cấu trúc và đo độ tương đồng cosine qua embedding.,Đăng nhập bằng danh tính và chứng chỉ bảo mật của tài khoản hệ điều hành Windows hiện hành đang mở ứng dụng.,File kịch bản chứa các câu lệnh T-SQL (.sql) để tái tạo lược đồ (DDL) hoặc chèn dữ liệu (DML).,table,NVARCHAR,sp_help,móc vuông,IDENTITY,mức bảng,NO ACTION,đệ quy,DROP TABLE,CHECK,DEFAULT,DATETIME2,cha,con,ADD,ALTER COLUMN,mặc định,ISJSON,duy nhất,MERGE,TRUNCATE TABLE,khóa ngoại,BACKUP DATABASE,.bak,WITH REPLACE,nhúng,đồng thời,cột tính toán,IF EXISTS,DATEDIFF,ON DELETE CASCADE,"Tinh chỉnh (Fine-tuner): Tự viết phần lớn, chỉ dùng AI để định dạng hoặc tối ưu hóa cục bộ.","Giải thích khái niệm lý thuyết và mô hình quan hệ (ERD), Sinh mã lệnh DDL/DML tự động (CREATE TABLE, ALTER, INSERT, UPDATE), Tìm kiếm và sửa lỗi (Debug) các lỗi cú pháp hoặc lỗi vi phạm ràng buộc toàn vẹn, Hỗ trợ giải quyết các bài tập Homework/Assignment cá nhân","Đọc hiểu kỹ, rà soát từng dòng, tự kiểm tra các trường hợp biên (Active Verification)",Rất thường xuyên xảy ra với bản thân tôi,3,Đưa ngay thông báo lỗi (Error message) cho AI để nhờ sửa hộ,Các câu trả lời giải thích bằng ngôn ngữ tự nhiên của Trợ lý AI,"Áp dụng giai đoạn đầu không dùng AI, sau đó mới mở rộng cho phép dùng AI",3,
9/7/2026 9:20:50,52400280@student.tdtu.edu.vn,28 / 30,Nguyễn Hoàng Đăng Khoa ,52400280,Nhóm 02 (Ca 1): thứ 2,Tôi đồng ý tham gia khảo sát và kiểm tra năng lực,Chuyển đổi ngữ cảnh làm việc (session context) hiện hành sang cơ sở dữ liệu QuanlySV.,"Là từ khóa phân tách các khối lệnh (batch separator) được tiện ích SSMS nhận diện, không phải câu lệnh SQL.","NOT NULL, UNIQUE và tự động tạo Clustered Index (mặc định trong SQL Server).",Quan hệ đệ quy (Self-referential) thông qua hai khóa ngoại cùng tham chiếu về một bảng cha.,KETQUA -> DIEUKIEN -> HOCPHAN -> SINHVIEN -> MONHOC -> KETQUA,Lệnh thất bại và báo lỗi vì thêm cột NOT NULL vào bảng đã có dữ liệu mà không có giá trị DEFAULT.,"Dữ liệu trên RAM bị mất hoàn toàn khi tắt tiến trình/mất điện, dễ cạn kiệt bộ nhớ (OOM) và gặp xung đột đồng thời (race condition).","Cột tính toán động (Computed Column), giá trị được sinh tự động từ biểu thức.",Đảm bảo chuỗi văn bản lưu trữ phải tuân thủ cấu trúc định dạng JSON hợp lệ.,Thêm một dòng vào bảng SINHVIEN với giá trị MAKHOA = 'LUAT' trong khi bảng KHOA chưa có mã này.,ALTER TABLE NHANVIEN DROP COLUMN DIENTHOAI;,"Khi cột đó đang bị ràng buộc bởi Primary Key, Foreign Key, CHECK hoặc DEFAULT chưa được drop.",Báo lỗi vi phạm ràng buộc tham chiếu và từ chối (rollback) thao tác xóa dòng ở bảng cha.,Lệnh thất bại với lỗi vi phạm ràng buộc do bảng MATHANG đang có khóa ngoại tham chiếu tới NHACUNGCAP.,"CHECK (DATEDIFF(YEAR, NGAYSINH, GETDATE()) BETWEEN 18 AND 60)","OrderDate = '2026-03-10', ShipDate = '2026-03-08', DeliveryDate = '2026-03-12'",Cho phép sử dụng mệnh đề mở rộng FROM TableA JOIN TableB ON ... ngay sau mệnh đề SET.,Để tuân thủ quy tắc xóa: phải xóa dữ liệu bảng con trước khi xóa bản ghi cha để tránh lỗi vi phạm khóa ngoại.,DROP TABLE table_name;,Bỏ qua lỗi thực thi và không dừng script nếu bảng chưa từng tồn tại trong cơ sở dữ liệu.,"Đồng bộ hai bảng bằng cách kết hợp INSERT, UPDATE (và có thể DELETE) dựa trên sự khớp mã khóa.","BACKUP DATABASE QuanlySV TO DISK = 'C:\Backups\QuanlySV.bak' WITH FORMAT, INIT;",WITH REPLACE,1003,"Kho WH01 bị xóa, đồng thời tất cả các chuyến hàng có OriginWarehouseID = 'WH01' trong bảng SHIPMENT cũng tự động bị xóa.","S001', 'CSDL', 1, 4 tiếp theo chèn 'S001', 'CSDL', 1, 8",AI Vector Search vì truy vấn sử dụng ngữ nghĩa phi cấu trúc và đo độ tương đồng cosine qua embedding.,Đăng nhập bằng danh tính và chứng chỉ bảo mật của tài khoản hệ điều hành Windows hiện hành đang mở ứng dụng.,File kịch bản chứa các câu lệnh T-SQL (.sql) để tái tạo lược đồ (DDL) hoặc chèn dữ liệu (DML).,table,NVARCHAR,SP_HELP,NGOẶC VUÔNG,IDENTITY,TABLE LEVEL,NO ACTION,SELF-REFERENTIAL,DROP TABLE,CHECK,DEFAULT,DATETIME2,CHA,CON,ADD,ALTER COLUMN,DEFAULT,ISJSON,UNIQUE,MERGE,TRUNCATE,FOREIGN KEY,BACKUP GROUP,BAK,WITH REPLACE,SIMILARITY,RACE CONDITIONS,COMPUTED COLUMN,IF EXISTS,DATEDIFF,CASCADE DELETE,"Điều hướng (Navigator): Đối thoại liên tục từng bước nhỏ, xây dựng giải pháp qua gợi ý của AI (lập trình cặp).",Tìm kiếm và sửa lỗi (Debug) các lỗi cú pháp hoặc lỗi vi phạm ràng buộc toàn vẹn,"Đọc hiểu kỹ, rà soát từng dòng, tự kiểm tra các trường hợp biên (Active Verification)","Hầu như không xảy ra, tôi luôn phân biệt rõ ràng giữa việc hiểu và việc dùng AI",3,Tự tra cứu tài liệu Lab Manual hoặc cấu trúc schema để tìm nguyên nhân gốc rễ,Các câu trả lời giải thích bằng ngôn ngữ tự nhiên của Trợ lý AI,,3,
9/7/2026 9:21:09,52300082@student.tdtu.edu.vn,28 / 30,Đặng Thùy Vân,52300082,Nhóm 02 (Ca 1): thứ 2,Tôi đồng ý tham gia khảo sát và kiểm tra năng lực,Chuyển đổi ngữ cảnh làm việc (session context) hiện hành sang cơ sở dữ liệu QuanlySV.,"Là từ khóa phân tách các khối lệnh (batch separator) được tiện ích SSMS nhận diện, không phải câu lệnh SQL.","NOT NULL, UNIQUE và tự động tạo Clustered Index (mặc định trong SQL Server).",Quan hệ đệ quy (Self-referential) thông qua hai khóa ngoại cùng tham chiếu về một bảng cha.,KETQUA -> DIEUKIEN -> HOCPHAN -> SINHVIEN -> MONHOC -> KETQUA,Lệnh thực thi thành công và các dòng hiện có nhận giá trị chuỗi rỗng ''.,"Dữ liệu trên RAM bị mất hoàn toàn khi tắt tiến trình/mất điện, dễ cạn kiệt bộ nhớ (OOM) và gặp xung đột đồng thời (race condition).","Cột tính toán động (Computed Column), giá trị được sinh tự động từ biểu thức.",Đảm bảo chuỗi văn bản lưu trữ phải tuân thủ cấu trúc định dạng JSON hợp lệ.,Thêm một dòng vào bảng SINHVIEN với giá trị MAKHOA = 'LUAT' trong khi bảng KHOA chưa có mã này.,ALTER TABLE NHANVIEN DROP COLUMN DIENTHOAI;,"Khi cột đó đang bị ràng buộc bởi Primary Key, Foreign Key, CHECK hoặc DEFAULT chưa được drop.",Báo lỗi vi phạm ràng buộc tham chiếu và từ chối (rollback) thao tác xóa dòng ở bảng cha.,Lệnh thất bại với lỗi vi phạm ràng buộc do bảng MATHANG đang có khóa ngoại tham chiếu tới NHACUNGCAP.,"CHECK (DATEDIFF(YEAR, NGAYSINH, GETDATE()) BETWEEN 18 AND 60)","OrderDate = '2026-03-10', ShipDate = '2026-03-08', DeliveryDate = '2026-03-12'",Cho phép sử dụng mệnh đề mở rộng FROM TableA JOIN TableB ON ... ngay sau mệnh đề SET.,Để tuân thủ quy tắc xóa: phải xóa dữ liệu bảng con trước khi xóa bản ghi cha để tránh lỗi vi phạm khóa ngoại.,TRUNCATE TABLE table_name;,Bỏ qua lỗi thực thi và không dừng script nếu bảng chưa từng tồn tại trong cơ sở dữ liệu.,"Đồng bộ hai bảng bằng cách kết hợp INSERT, UPDATE (và có thể DELETE) dựa trên sự khớp mã khóa.","BACKUP DATABASE QuanlySV TO DISK = 'C:\Backups\QuanlySV.bak' WITH FORMAT, INIT;",WITH REPLACE,1002,"Kho WH01 bị xóa, đồng thời tất cả các chuyến hàng có OriginWarehouseID = 'WH01' trong bảng SHIPMENT cũng tự động bị xóa.","S001', 'CSDL', 1, 4 tiếp theo chèn 'S001', 'CSDL', 1, 8",AI Vector Search vì truy vấn sử dụng ngữ nghĩa phi cấu trúc và đo độ tương đồng cosine qua embedding.,Đăng nhập bằng danh tính và chứng chỉ bảo mật của tài khoản hệ điều hành Windows hiện hành đang mở ứng dụng.,Tập tin bảng tính Excel (.xlsx) được định dạng sẵn màu sắc.,table,NVARCHAR,sp_help,[],IDENTITY,Table level,NO ACTION ,đệ quy,DROP TABLE,CHECK,DEFAULT,DATETIME2,cha,con,ADD,ALTER COLUMN,DEFAULT,ISJSON,UNIQUE,MERGE,TRUNCATE TABLE,FOREIGN KEY ,BACKUP DATABASE,.bak,WITH REPLACE,embedding,đồng thời,cột tính,IF EXISTS,DATEDIFF,,"Tinh chỉnh (Fine-tuner): Tự viết phần lớn, chỉ dùng AI để định dạng hoặc tối ưu hóa cục bộ.",Giải thích khái niệm lý thuyết và mô hình quan hệ (ERD),"Đọc hiểu kỹ, rà soát từng dòng, tự kiểm tra các trường hợp biên (Active Verification)",Rất thường xuyên xảy ra với bản thân tôi,3,Thử nghiệm ngẫu nhiên các câu lệnh vô hiệu hóa kiểm tra cho đến khi chạy được,Sách hướng dẫn Lab thủ công (Lab Manual) chính thống của giảng viên,"Tăng cường các bài kiểm tra vấn đáp trực tiếp / live-coding không dùng mạng, Đưa các tình huống gỡ lỗi mã AI sai vào nội dung bài tập thực hành trên lớp",3,AI linh hoạt trong việc xử lí lỗi và đưa ra cách giải quyết tốt nhất cho bài toán nhưng khá rủi ro về dữ liệu nếu không đọc hết ngữ cảnh và người dùng quá phụ thuộc
9/7/2026 9:05:48,52400077@student.tdtu.edu.vn,26 / 30,Đinh Hoàng Minh Khoa,52400077,Nhóm 02 (Ca 1): thứ 2,Tôi đồng ý tham gia khảo sát và kiểm tra năng lực,Chuyển đổi ngữ cảnh làm việc (session context) hiện hành sang cơ sở dữ liệu QuanlySV.,"Là từ khóa phân tách các khối lệnh (batch separator) được tiện ích SSMS nhận diện, không phải câu lệnh SQL.","NOT NULL, UNIQUE và tự động tạo Clustered Index (mặc định trong SQL Server).",Quan hệ đệ quy (Self-referential) thông qua hai khóa ngoại cùng tham chiếu về một bảng cha.,KETQUA -> DIEUKIEN -> HOCPHAN -> SINHVIEN -> MONHOC -> KETQUA,Lệnh thực thi thành công và các dòng hiện có nhận giá trị chuỗi rỗng ''.,"Dữ liệu trên RAM bị mất hoàn toàn khi tắt tiến trình/mất điện, dễ cạn kiệt bộ nhớ (OOM) và gặp xung đột đồng thời (race condition).","Cột tính toán động (Computed Column), giá trị được sinh tự động từ biểu thức.",Đảm bảo chuỗi văn bản lưu trữ phải tuân thủ cấu trúc định dạng JSON hợp lệ.,Thêm một dòng vào bảng SINHVIEN với giá trị MAKHOA = 'LUAT' trong khi bảng KHOA chưa có mã này.,ALTER TABLE NHANVIEN DROP COLUMN DIENTHOAI;,"Khi cột đó đang bị ràng buộc bởi Primary Key, Foreign Key, CHECK hoặc DEFAULT chưa được drop.",Tự động xóa tất cả các dòng tương ứng ở bảng con để đảm bảo tính nhất quán.,Lệnh thất bại với lỗi vi phạm ràng buộc do bảng MATHANG đang có khóa ngoại tham chiếu tới NHACUNGCAP.,"CHECK (DATEDIFF(YEAR, NGAYSINH, GETDATE()) BETWEEN 18 AND 60)","OrderDate = '2026-03-10', ShipDate = '2026-03-08', DeliveryDate = '2026-03-12'",Cho phép sử dụng mệnh đề mở rộng FROM TableA JOIN TableB ON ... ngay sau mệnh đề SET.,Để tuân thủ quy tắc xóa: phải xóa dữ liệu bảng con trước khi xóa bản ghi cha để tránh lỗi vi phạm khóa ngoại.,TRUNCATE TABLE table_name;,Bỏ qua lỗi thực thi và không dừng script nếu bảng chưa từng tồn tại trong cơ sở dữ liệu.,"Đồng bộ hai bảng bằng cách kết hợp INSERT, UPDATE (và có thể DELETE) dựa trên sự khớp mã khóa.",RESTORE DATABASE QuanlySV FROM DISK = 'C:\Backups\QuanlySV.bak' WITH REPLACE;,WITH REPLACE,1002,"Kho WH01 bị xóa, đồng thời tất cả các chuyến hàng có OriginWarehouseID = 'WH01' trong bảng SHIPMENT cũng tự động bị xóa.","S001', 'CSDL', 1, 4 tiếp theo chèn 'S001', 'CSDL', 1, 8",Exact SQL Search vì dùng toán tử WHERE Content = 'B-Tree'.,Đăng nhập bằng danh tính và chứng chỉ bảo mật của tài khoản hệ điều hành Windows hiện hành đang mở ứng dụng.,File kịch bản chứa các câu lệnh T-SQL (.sql) để tái tạo lược đồ (DDL) hoặc chèn dữ liệu (DML).,table,nvarchar,sp_help, ',int identity(),mức bảng,no action,đệ quy,drop,check,default,datetime2,cha,con,add,alter column,default,isjson,duy nhất,merge,truncate,ràng buộc khóa ngoại,as snapshot of,.bak,with replace,lân cận,tiến trình,cột tính toán,if exists,datediff(),on delete cascade,"Tinh chỉnh (Fine-tuner): Tự viết phần lớn, chỉ dùng AI để định dạng hoặc tối ưu hóa cục bộ.",Tìm kiếm và sửa lỗi (Debug) các lỗi cú pháp hoặc lỗi vi phạm ràng buộc toàn vẹn,"Đọc hiểu kỹ, rà soát từng dòng, tự kiểm tra các trường hợp biên (Active Verification)","Hầu như không xảy ra, tôi luôn phân biệt rõ ràng giữa việc hiểu và việc dùng AI",3,Tự tra cứu tài liệu Lab Manual hoặc cấu trúc schema để tìm nguyên nhân gốc rễ,Tài liệu kỹ thuật chính thức (Microsoft SQL Server Documentation / TechNet),"Áp dụng giai đoạn đầu không dùng AI, sau đó mới mở rộng cho phép dùng AI",3,AI chỉ tăng tốc độ làm việc chứ không thay thế hoàn toàn bản thân. Chính bản thân sẽ quyết định bài làm có tốt hay không.
9/7/2026 10:14:47,52500114@student.tdtu.edu.vn,30 / 30,Nguyễn Thái Thanh Tú,52500114,Nhóm 02 (Ca 2): thứ 2,Tôi đồng ý tham gia khảo sát và kiểm tra năng lực,Chuyển đổi ngữ cảnh làm việc (session context) hiện hành sang cơ sở dữ liệu QuanlySV.,"Là từ khóa phân tách các khối lệnh (batch separator) được tiện ích SSMS nhận diện, không phải câu lệnh SQL.","NOT NULL, UNIQUE và tự động tạo Clustered Index (mặc định trong SQL Server).",Quan hệ đệ quy (Self-referential) thông qua hai khóa ngoại cùng tham chiếu về một bảng cha.,KETQUA -> DIEUKIEN -> HOCPHAN -> SINHVIEN -> MONHOC -> KETQUA,Lệnh thất bại và báo lỗi vì thêm cột NOT NULL vào bảng đã có dữ liệu mà không có giá trị DEFAULT.,"Dữ liệu trên RAM bị mất hoàn toàn khi tắt tiến trình/mất điện, dễ cạn kiệt bộ nhớ (OOM) và gặp xung đột đồng thời (race condition).","Cột tính toán động (Computed Column), giá trị được sinh tự động từ biểu thức.",Đảm bảo chuỗi văn bản lưu trữ phải tuân thủ cấu trúc định dạng JSON hợp lệ.,Thêm một dòng vào bảng SINHVIEN với giá trị MAKHOA = 'LUAT' trong khi bảng KHOA chưa có mã này.,ALTER TABLE NHANVIEN DROP COLUMN DIENTHOAI;,"Khi cột đó đang bị ràng buộc bởi Primary Key, Foreign Key, CHECK hoặc DEFAULT chưa được drop.",Báo lỗi vi phạm ràng buộc tham chiếu và từ chối (rollback) thao tác xóa dòng ở bảng cha.,Lệnh thất bại với lỗi vi phạm ràng buộc do bảng MATHANG đang có khóa ngoại tham chiếu tới NHACUNGCAP.,"CHECK (DATEDIFF(YEAR, NGAYSINH, GETDATE()) BETWEEN 18 AND 60)","OrderDate = '2026-03-10', ShipDate = '2026-03-08', DeliveryDate = '2026-03-12'",Cho phép sử dụng mệnh đề mở rộng FROM TableA JOIN TableB ON ... ngay sau mệnh đề SET.,Để tuân thủ quy tắc xóa: phải xóa dữ liệu bảng con trước khi xóa bản ghi cha để tránh lỗi vi phạm khóa ngoại.,TRUNCATE TABLE table_name;,Bỏ qua lỗi thực thi và không dừng script nếu bảng chưa từng tồn tại trong cơ sở dữ liệu.,"Đồng bộ hai bảng bằng cách kết hợp INSERT, UPDATE (và có thể DELETE) dựa trên sự khớp mã khóa.","BACKUP DATABASE QuanlySV TO DISK = 'C:\Backups\QuanlySV.bak' WITH FORMAT, INIT;",WITH REPLACE,1002,"Kho WH01 bị xóa, đồng thời tất cả các chuyến hàng có OriginWarehouseID = 'WH01' trong bảng SHIPMENT cũng tự động bị xóa.","S001', 'CSDL', 1, 4 tiếp theo chèn 'S001', 'CSDL', 1, 8",AI Vector Search vì truy vấn sử dụng ngữ nghĩa phi cấu trúc và đo độ tương đồng cosine qua embedding.,Đăng nhập bằng danh tính và chứng chỉ bảo mật của tài khoản hệ điều hành Windows hiện hành đang mở ứng dụng.,File kịch bản chứa các câu lệnh T-SQL (.sql) để tái tạo lược đồ (DDL) hoặc chèn dữ liệu (DML).,table,NVARCHAR,sp_help,Ngoặc vuông,IDENTITY,Cấp bảng,NO ACTION,Đệ quy,DROP TABLE,CHECK,DEFAULT,DATETIME2,Cha,Con,ADD,ALTER COLUMN,DEFAULT,ISJSON,Duy nhất,Merge,TRUNCATE TABLE,Khóa ngoại,BACKUP DATABASE,.bak,WITH REPLACE,Embedding,Đồng thời,Cột tính toán ,IF EXISTS,DATEDIFF,ON DELETE CASCADE,"Điều hướng (Navigator): Đối thoại liên tục từng bước nhỏ, xây dựng giải pháp qua gợi ý của AI (lập trình cặp).","Giải thích khái niệm lý thuyết và mô hình quan hệ (ERD), Tìm kiếm và sửa lỗi (Debug) các lỗi cú pháp hoặc lỗi vi phạm ràng buộc toàn vẹn","Đọc hiểu kỹ, rà soát từng dòng, tự kiểm tra các trường hợp biên (Active Verification)","Hầu như không xảy ra, tôi luôn phân biệt rõ ràng giữa việc hiểu và việc dùng AI",3,Tự tra cứu tài liệu Lab Manual hoặc cấu trúc schema để tìm nguyên nhân gốc rễ,Tài liệu kỹ thuật chính thức (Microsoft SQL Server Documentation / TechNet),"Áp dụng giai đoạn đầu không dùng AI, sau đó mới mở rộng cho phép dùng AI, Tăng cường các bài kiểm tra vấn đáp trực tiếp / live-coding không dùng mạng, Đưa các tình huống gỡ lỗi mã AI sai vào nội dung bài tập thực hành trên lớp",4,"Ứng dụng AI trong học cơ sở dữ liệu và lập trình mang lại hiệu quả đột phá nếu dùng làm trợ lý gợi ý, nhưng cần tránh phụ thuộc để bảo vệ tư duy nền tảng."
9/7/2026 10:17:56,52500068@student.tdtu.edu.vn,30 / 30,Đoàn Trọng Lê Minh,52500068,Nhóm 02 (Ca 2): thứ 2,Tôi đồng ý tham gia khảo sát và kiểm tra năng lực,Chuyển đổi ngữ cảnh làm việc (session context) hiện hành sang cơ sở dữ liệu QuanlySV.,"Là từ khóa phân tách các khối lệnh (batch separator) được tiện ích SSMS nhận diện, không phải câu lệnh SQL.","NOT NULL, UNIQUE và tự động tạo Clustered Index (mặc định trong SQL Server).",Quan hệ đệ quy (Self-referential) thông qua hai khóa ngoại cùng tham chiếu về một bảng cha.,KETQUA -> DIEUKIEN -> HOCPHAN -> SINHVIEN -> MONHOC -> KETQUA,Lệnh thất bại và báo lỗi vì thêm cột NOT NULL vào bảng đã có dữ liệu mà không có giá trị DEFAULT.,"Dữ liệu trên RAM bị mất hoàn toàn khi tắt tiến trình/mất điện, dễ cạn kiệt bộ nhớ (OOM) và gặp xung đột đồng thời (race condition).","Cột tính toán động (Computed Column), giá trị được sinh tự động từ biểu thức.",Đảm bảo chuỗi văn bản lưu trữ phải tuân thủ cấu trúc định dạng JSON hợp lệ.,Thêm một dòng vào bảng SINHVIEN với giá trị MAKHOA = 'LUAT' trong khi bảng KHOA chưa có mã này.,ALTER TABLE NHANVIEN DROP COLUMN DIENTHOAI;,"Khi cột đó đang bị ràng buộc bởi Primary Key, Foreign Key, CHECK hoặc DEFAULT chưa được drop.",Báo lỗi vi phạm ràng buộc tham chiếu và từ chối (rollback) thao tác xóa dòng ở bảng cha.,Lệnh thất bại với lỗi vi phạm ràng buộc do bảng MATHANG đang có khóa ngoại tham chiếu tới NHACUNGCAP.,"CHECK (DATEDIFF(YEAR, NGAYSINH, GETDATE()) BETWEEN 18 AND 60)","OrderDate = '2026-03-10', ShipDate = '2026-03-08', DeliveryDate = '2026-03-12'",Cho phép sử dụng mệnh đề mở rộng FROM TableA JOIN TableB ON ... ngay sau mệnh đề SET.,Để tuân thủ quy tắc xóa: phải xóa dữ liệu bảng con trước khi xóa bản ghi cha để tránh lỗi vi phạm khóa ngoại.,TRUNCATE TABLE table_name;,Bỏ qua lỗi thực thi và không dừng script nếu bảng chưa từng tồn tại trong cơ sở dữ liệu.,"Đồng bộ hai bảng bằng cách kết hợp INSERT, UPDATE (và có thể DELETE) dựa trên sự khớp mã khóa.","BACKUP DATABASE QuanlySV TO DISK = 'C:\Backups\QuanlySV.bak' WITH FORMAT, INIT;",WITH REPLACE,1002,"Kho WH01 bị xóa, đồng thời tất cả các chuyến hàng có OriginWarehouseID = 'WH01' trong bảng SHIPMENT cũng tự động bị xóa.","S001', 'CSDL', 1, 4 tiếp theo chèn 'S001', 'CSDL', 1, 8",AI Vector Search vì truy vấn sử dụng ngữ nghĩa phi cấu trúc và đo độ tương đồng cosine qua embedding.,Đăng nhập bằng danh tính và chứng chỉ bảo mật của tài khoản hệ điều hành Windows hiện hành đang mở ứng dụng.,File kịch bản chứa các câu lệnh T-SQL (.sql) để tái tạo lược đồ (DDL) hoặc chèn dữ liệu (DML).,table,NVARCHAR,sp_help,ngoặc vuông,IDENTITY,mức bảng,NO ACTION,đệ quy,DROP TABLE,CHECK,DEFAULT,DATETIME2,cha,con,ADD,ALTER COLUMN,mặc định,ISJSON,duy nhất,MERGE,TRUNCATE TABLE,khóa ngoại,BACKUP DATABASE,.bak,WITH REPLACE,embedding,đồng thời,cột tính toán,IF EXISTS,DATEDIFF,ON DELETE CASCADE,"Điều hướng (Navigator): Đối thoại liên tục từng bước nhỏ, xây dựng giải pháp qua gợi ý của AI (lập trình cặp).","Giải thích khái niệm lý thuyết và mô hình quan hệ (ERD), Sinh mã lệnh DDL/DML tự động (CREATE TABLE, ALTER, INSERT, UPDATE), Tìm kiếm và sửa lỗi (Debug) các lỗi cú pháp hoặc lỗi vi phạm ràng buộc toàn vẹn, Hỗ trợ giải quyết các bài tập Homework/Assignment cá nhân","Đọc hiểu kỹ, rà soát từng dòng, tự kiểm tra các trường hợp biên (Active Verification)",Thỉnh thoảng có cảm giác này,4,Tự tra cứu tài liệu Lab Manual hoặc cấu trúc schema để tìm nguyên nhân gốc rễ,Sách hướng dẫn Lab thủ công (Lab Manual) chính thống của giảng viên,"Áp dụng giai đoạn đầu không dùng AI, sau đó mới mở rộng cho phép dùng AI, Tăng cường các bài kiểm tra vấn đáp trực tiếp / live-coding không dùng mạng, Đưa các tình huống gỡ lỗi mã AI sai vào nội dung bài tập thực hành trên lớp",5,"Không nên để AI làm hết hãy để nó cung cấp một Frame work, một sơ đồ code hoặc gợi ý cách làm hướng giải hiệu quả."
9/7/2026 10:40:32,52400294@student.tdtu.edu.vn,30 / 30,Lê Quang Nghĩa ,52400294,Nhóm 02 (Ca 2): thứ 2,Tôi đồng ý tham gia khảo sát và kiểm tra năng lực,Chuyển đổi ngữ cảnh làm việc (session context) hiện hành sang cơ sở dữ liệu QuanlySV.,"Là từ khóa phân tách các khối lệnh (batch separator) được tiện ích SSMS nhận diện, không phải câu lệnh SQL.","NOT NULL, UNIQUE và tự động tạo Clustered Index (mặc định trong SQL Server).",Quan hệ đệ quy (Self-referential) thông qua hai khóa ngoại cùng tham chiếu về một bảng cha.,KETQUA -> DIEUKIEN -> HOCPHAN -> SINHVIEN -> MONHOC -> KETQUA,Lệnh thất bại và báo lỗi vì thêm cột NOT NULL vào bảng đã có dữ liệu mà không có giá trị DEFAULT.,"Dữ liệu trên RAM bị mất hoàn toàn khi tắt tiến trình/mất điện, dễ cạn kiệt bộ nhớ (OOM) và gặp xung đột đồng thời (race condition).","Cột tính toán động (Computed Column), giá trị được sinh tự động từ biểu thức.",Đảm bảo chuỗi văn bản lưu trữ phải tuân thủ cấu trúc định dạng JSON hợp lệ.,Thêm một dòng vào bảng SINHVIEN với giá trị MAKHOA = 'LUAT' trong khi bảng KHOA chưa có mã này.,ALTER TABLE NHANVIEN DROP COLUMN DIENTHOAI;,"Khi cột đó đang bị ràng buộc bởi Primary Key, Foreign Key, CHECK hoặc DEFAULT chưa được drop.",Báo lỗi vi phạm ràng buộc tham chiếu và từ chối (rollback) thao tác xóa dòng ở bảng cha.,Lệnh thất bại với lỗi vi phạm ràng buộc do bảng MATHANG đang có khóa ngoại tham chiếu tới NHACUNGCAP.,"CHECK (DATEDIFF(YEAR, NGAYSINH, GETDATE()) BETWEEN 18 AND 60)","OrderDate = '2026-03-10', ShipDate = '2026-03-08', DeliveryDate = '2026-03-12'",Cho phép sử dụng mệnh đề mở rộng FROM TableA JOIN TableB ON ... ngay sau mệnh đề SET.,Để tuân thủ quy tắc xóa: phải xóa dữ liệu bảng con trước khi xóa bản ghi cha để tránh lỗi vi phạm khóa ngoại.,TRUNCATE TABLE table_name;,Bỏ qua lỗi thực thi và không dừng script nếu bảng chưa từng tồn tại trong cơ sở dữ liệu.,"Đồng bộ hai bảng bằng cách kết hợp INSERT, UPDATE (và có thể DELETE) dựa trên sự khớp mã khóa.","BACKUP DATABASE QuanlySV TO DISK = 'C:\Backups\QuanlySV.bak' WITH FORMAT, INIT;",WITH REPLACE,1002,"Kho WH01 bị xóa, đồng thời tất cả các chuyến hàng có OriginWarehouseID = 'WH01' trong bảng SHIPMENT cũng tự động bị xóa.","S001', 'CSDL', 1, 4 tiếp theo chèn 'S001', 'CSDL', 1, 8",AI Vector Search vì truy vấn sử dụng ngữ nghĩa phi cấu trúc và đo độ tương đồng cosine qua embedding.,Đăng nhập bằng danh tính và chứng chỉ bảo mật của tài khoản hệ điều hành Windows hiện hành đang mở ứng dụng.,File kịch bản chứa các câu lệnh T-SQL (.sql) để tái tạo lược đồ (DDL) hoặc chèn dữ liệu (DML).,table,NVARCHAR,sp_help,dấu ngoặc vuông,IDENTITY,table level,NO ACTION,đệ quy,DROP TABLE,CHECK,DEFAULT,DATATIME2,Bảng cha,Bảng con,ADD,ALTER COLUMN,DEFAULT,ISJSON(),Duy nhất,MERGE,TRUNCATE TABLE,FOREIGN KEY,BACKUP DATABASE,bak,WITH REPLACE,embedding,Đồng thời,Computed Column,IF EXISTS,DATEDIFF,ON DELETE CASCADE,"Điều hướng (Navigator): Đối thoại liên tục từng bước nhỏ, xây dựng giải pháp qua gợi ý của AI (lập trình cặp).","Giải thích khái niệm lý thuyết và mô hình quan hệ (ERD), Sinh mã lệnh DDL/DML tự động (CREATE TABLE, ALTER, INSERT, UPDATE), Tìm kiếm và sửa lỗi (Debug) các lỗi cú pháp hoặc lỗi vi phạm ràng buộc toàn vẹn, Hỗ trợ giải quyết các bài tập Homework/Assignment cá nhân","Đọc hiểu kỹ, rà soát từng dòng, tự kiểm tra các trường hợp biên (Active Verification)",Thỉnh thoảng có cảm giác này,3,Tự tra cứu tài liệu Lab Manual hoặc cấu trúc schema để tìm nguyên nhân gốc rễ,Sách hướng dẫn Lab thủ công (Lab Manual) chính thống của giảng viên,"Áp dụng giai đoạn đầu không dùng AI, sau đó mới mở rộng cho phép dùng AI, Đưa các tình huống gỡ lỗi mã AI sai vào nội dung bài tập thực hành trên lớp",4,"AI là công cụ hỗ trợ viết T-SQL và giải thích khái niệm rất tốt, nhưng chỉ nên dùng để tham khảo; sinh viên cần tự tay chạy thử và hiểu bản chất để tránh phụ thuộc, đồng thời giảng viên nên có thêm bài kiểm tra thực hành độc lập để rèn tư duy logic."
9/7/2026 10:51:25,52400017@student.tdtu.edu.vn,30 / 30,Hoàng Thái Đăng Khoa,52400017,Nhóm 02 (Ca 2): thứ 2,Tôi đồng ý tham gia khảo sát và kiểm tra năng lực,Chuyển đổi ngữ cảnh làm việc (session context) hiện hành sang cơ sở dữ liệu QuanlySV.,"Là từ khóa phân tách các khối lệnh (batch separator) được tiện ích SSMS nhận diện, không phải câu lệnh SQL.","NOT NULL, UNIQUE và tự động tạo Clustered Index (mặc định trong SQL Server).",Quan hệ đệ quy (Self-referential) thông qua hai khóa ngoại cùng tham chiếu về một bảng cha.,KETQUA -> DIEUKIEN -> HOCPHAN -> SINHVIEN -> MONHOC -> KETQUA,Lệnh thất bại và báo lỗi vì thêm cột NOT NULL vào bảng đã có dữ liệu mà không có giá trị DEFAULT.,"Dữ liệu trên RAM bị mất hoàn toàn khi tắt tiến trình/mất điện, dễ cạn kiệt bộ nhớ (OOM) và gặp xung đột đồng thời (race condition).","Cột tính toán động (Computed Column), giá trị được sinh tự động từ biểu thức.",Đảm bảo chuỗi văn bản lưu trữ phải tuân thủ cấu trúc định dạng JSON hợp lệ.,Thêm một dòng vào bảng SINHVIEN với giá trị MAKHOA = 'LUAT' trong khi bảng KHOA chưa có mã này.,ALTER TABLE NHANVIEN DROP COLUMN DIENTHOAI;,"Khi cột đó đang bị ràng buộc bởi Primary Key, Foreign Key, CHECK hoặc DEFAULT chưa được drop.",Báo lỗi vi phạm ràng buộc tham chiếu và từ chối (rollback) thao tác xóa dòng ở bảng cha.,Lệnh thất bại với lỗi vi phạm ràng buộc do bảng MATHANG đang có khóa ngoại tham chiếu tới NHACUNGCAP.,"CHECK (DATEDIFF(YEAR, NGAYSINH, GETDATE()) BETWEEN 18 AND 60)","OrderDate = '2026-03-10', ShipDate = '2026-03-08', DeliveryDate = '2026-03-12'",Cho phép sử dụng mệnh đề mở rộng FROM TableA JOIN TableB ON ... ngay sau mệnh đề SET.,Để tuân thủ quy tắc xóa: phải xóa dữ liệu bảng con trước khi xóa bản ghi cha để tránh lỗi vi phạm khóa ngoại.,TRUNCATE TABLE table_name;,Bỏ qua lỗi thực thi và không dừng script nếu bảng chưa từng tồn tại trong cơ sở dữ liệu.,"Đồng bộ hai bảng bằng cách kết hợp INSERT, UPDATE (và có thể DELETE) dựa trên sự khớp mã khóa.","BACKUP DATABASE QuanlySV TO DISK = 'C:\Backups\QuanlySV.bak' WITH FORMAT, INIT;",WITH REPLACE,1002,"Kho WH01 bị xóa, đồng thời tất cả các chuyến hàng có OriginWarehouseID = 'WH01' trong bảng SHIPMENT cũng tự động bị xóa.","S001', 'CSDL', 1, 4 tiếp theo chèn 'S001', 'CSDL', 1, 8",AI Vector Search vì truy vấn sử dụng ngữ nghĩa phi cấu trúc và đo độ tương đồng cosine qua embedding.,Đăng nhập bằng danh tính và chứng chỉ bảo mật của tài khoản hệ điều hành Windows hiện hành đang mở ứng dụng.,File kịch bản chứa các câu lệnh T-SQL (.sql) để tái tạo lược đồ (DDL) hoặc chèn dữ liệu (DML).,table,NVARCHAR,sp_help,Ngoặc vuông,IDENTITY,Mức bảng,NO ACTION,Đệ quy,DROP TABLE,CHECK,DEFAULT,DATETIME2,Bảng cha,Bảng con,ADD,ALTER COLUMN,Mặc định,ISJSON,Duy nhất,MERGE,TRUNCATE TABLE,Khóa ngoại,BACKUP DATABASE,.bak,WITH REPLACE,Embedding,Đồng thời,Cột tính toán,IF EXISTS,DATEDIFF,CASCADE,"Thách thức (Challenger): Tự hoàn thiện giải pháp trước, sau đó dùng AI để kiểm chứng khả năng tối ưu.",Tìm kiếm và sửa lỗi (Debug) các lỗi cú pháp hoặc lỗi vi phạm ràng buộc toàn vẹn,"Đọc hiểu kỹ, rà soát từng dòng, tự kiểm tra các trường hợp biên (Active Verification)",Thỉnh thoảng có cảm giác này,3,Tự tra cứu tài liệu Lab Manual hoặc cấu trúc schema để tìm nguyên nhân gốc rễ,Tài liệu kỹ thuật chính thức (Microsoft SQL Server Documentation / TechNet),"Áp dụng giai đoạn đầu không dùng AI, sau đó mới mở rộng cho phép dùng AI, Đưa các tình huống gỡ lỗi mã AI sai vào nội dung bài tập thực hành trên lớp",5,không
9/7/2026 9:23:53,52500049@student.tdtu.edu.vn,26 / 30,Vương Quốc Hưng,52500049,Nhóm 02 (Ca 1): thứ 2,Tôi đồng ý tham gia khảo sát và kiểm tra năng lực,Chuyển đổi ngữ cảnh làm việc (session context) hiện hành sang cơ sở dữ liệu QuanlySV.,"Là từ khóa phân tách các khối lệnh (batch separator) được tiện ích SSMS nhận diện, không phải câu lệnh SQL.","NOT NULL, UNIQUE và tự động tạo Clustered Index (mặc định trong SQL Server).",Quan hệ đệ quy (Self-referential) thông qua hai khóa ngoại cùng tham chiếu về một bảng cha.,MONHOC -> DIEUKIEN -> HOCPHAN -> KHOA -> SINHVIEN -> KETQUA,Lệnh thất bại và báo lỗi vì thêm cột NOT NULL vào bảng đã có dữ liệu mà không có giá trị DEFAULT.,"Dữ liệu trên RAM bị mất hoàn toàn khi tắt tiến trình/mất điện, dễ cạn kiệt bộ nhớ (OOM) và gặp xung đột đồng thời (race condition).","Cột tính toán động (Computed Column), giá trị được sinh tự động từ biểu thức.",Đảm bảo chuỗi văn bản lưu trữ phải tuân thủ cấu trúc định dạng JSON hợp lệ.,Thêm một dòng vào bảng SINHVIEN với giá trị MAKHOA = 'LUAT' trong khi bảng KHOA chưa có mã này.,ALTER TABLE NHANVIEN DROP COLUMN DIENTHOAI;,"Khi cột đó đang bị ràng buộc bởi Primary Key, Foreign Key, CHECK hoặc DEFAULT chưa được drop.",Báo lỗi vi phạm ràng buộc tham chiếu và từ chối (rollback) thao tác xóa dòng ở bảng cha.,Lệnh thất bại với lỗi vi phạm ràng buộc do bảng MATHANG đang có khóa ngoại tham chiếu tới NHACUNGCAP.,"CHECK (DATEDIFF(YEAR, NGAYSINH, GETDATE()) BETWEEN 18 AND 60)","OrderDate = '2026-03-10', ShipDate = '2026-03-08', DeliveryDate = '2026-03-12'",Cho phép sử dụng mệnh đề mở rộng FROM TableA JOIN TableB ON ... ngay sau mệnh đề SET.,Để tuân thủ quy tắc xóa: phải xóa dữ liệu bảng con trước khi xóa bản ghi cha để tránh lỗi vi phạm khóa ngoại.,DELETE FROM table_name;,Bỏ qua lỗi thực thi và không dừng script nếu bảng chưa từng tồn tại trong cơ sở dữ liệu.,"Đồng bộ hai bảng bằng cách kết hợp INSERT, UPDATE (và có thể DELETE) dựa trên sự khớp mã khóa.","BACKUP DATABASE QuanlySV TO DISK = 'C:\Backups\QuanlySV.bak' WITH FORMAT, INIT;",WITH NORECOVERY,1002,"Kho WH01 bị xóa, đồng thời tất cả các chuyến hàng có OriginWarehouseID = 'WH01' trong bảng SHIPMENT cũng tự động bị xóa.","S001', 'CSDL', 1, 4 tiếp theo chèn 'S002', 'CSDL', 1, 4",AI Vector Search vì truy vấn sử dụng ngữ nghĩa phi cấu trúc và đo độ tương đồng cosine qua embedding.,Đăng nhập bằng danh tính và chứng chỉ bảo mật của tài khoản hệ điều hành Windows hiện hành đang mở ứng dụng.,File kịch bản chứa các câu lệnh T-SQL (.sql) để tái tạo lược đồ (DDL) hoặc chèn dữ liệu (DML).,table,nvarchar,sp_help,ngoặc vuông,identity,table,no action,tự tham chiếu,drop table,check,default,datetime2,bảng cha,bảng con,add,alter column,mặc định,json,duy nhất,merge,truncate table,khóa ngoại,backup database,.bak,restore,nhúng vector,đồng thời,cột tính toán,if exists,datediff,on delete,"Khởi đầu (Starter): Tự viết mã ban đầu, chỉ gọi AI khi gặp lỗi biên dịch hoặc bế tắc cú pháp.","Sinh mã lệnh DDL/DML tự động (CREATE TABLE, ALTER, INSERT, UPDATE), Tìm kiếm và sửa lỗi (Debug) các lỗi cú pháp hoặc lỗi vi phạm ràng buộc toàn vẹn","Đọc hiểu kỹ, rà soát từng dòng, tự kiểm tra các trường hợp biên (Active Verification)",Thỉnh thoảng có cảm giác này,4,Thử nghiệm ngẫu nhiên các câu lệnh vô hiệu hóa kiểm tra cho đến khi chạy được,Tài liệu kỹ thuật chính thức (Microsoft SQL Server Documentation / TechNet),"Áp dụng giai đoạn đầu không dùng AI, sau đó mới mở rộng cho phép dùng AI, Tăng cường các bài kiểm tra vấn đáp trực tiếp / live-coding không dùng mạng, Đưa các tình huống gỡ lỗi mã AI sai vào nội dung bài tập thực hành trên lớp",4,Vận dụng tránh lạm dụng ạ.
9/7/2026 11:18:44,52500105@student.tdtu.edu.vn,30 / 30,Phạm Trần Linh Trang,52500105,Nhóm 02 (Ca 2): thứ 2,Tôi đồng ý tham gia khảo sát và kiểm tra năng lực,Chuyển đổi ngữ cảnh làm việc (session context) hiện hành sang cơ sở dữ liệu QuanlySV.,"Là từ khóa phân tách các khối lệnh (batch separator) được tiện ích SSMS nhận diện, không phải câu lệnh SQL.","NOT NULL, UNIQUE và tự động tạo Clustered Index (mặc định trong SQL Server).",Quan hệ đệ quy (Self-referential) thông qua hai khóa ngoại cùng tham chiếu về một bảng cha.,KETQUA -> DIEUKIEN -> HOCPHAN -> SINHVIEN -> MONHOC -> KETQUA,Lệnh thất bại và báo lỗi vì thêm cột NOT NULL vào bảng đã có dữ liệu mà không có giá trị DEFAULT.,"Dữ liệu trên RAM bị mất hoàn toàn khi tắt tiến trình/mất điện, dễ cạn kiệt bộ nhớ (OOM) và gặp xung đột đồng thời (race condition).","Cột tính toán động (Computed Column), giá trị được sinh tự động từ biểu thức.",Đảm bảo chuỗi văn bản lưu trữ phải tuân thủ cấu trúc định dạng JSON hợp lệ.,Thêm một dòng vào bảng SINHVIEN với giá trị MAKHOA = 'LUAT' trong khi bảng KHOA chưa có mã này.,ALTER TABLE NHANVIEN DROP COLUMN DIENTHOAI;,"Khi cột đó đang bị ràng buộc bởi Primary Key, Foreign Key, CHECK hoặc DEFAULT chưa được drop.",Báo lỗi vi phạm ràng buộc tham chiếu và từ chối (rollback) thao tác xóa dòng ở bảng cha.,Lệnh thất bại với lỗi vi phạm ràng buộc do bảng MATHANG đang có khóa ngoại tham chiếu tới NHACUNGCAP.,"CHECK (DATEDIFF(YEAR, NGAYSINH, GETDATE()) BETWEEN 18 AND 60)","OrderDate = '2026-03-10', ShipDate = '2026-03-08', DeliveryDate = '2026-03-12'",Cho phép sử dụng mệnh đề mở rộng FROM TableA JOIN TableB ON ... ngay sau mệnh đề SET.,Để tuân thủ quy tắc xóa: phải xóa dữ liệu bảng con trước khi xóa bản ghi cha để tránh lỗi vi phạm khóa ngoại.,TRUNCATE TABLE table_name;,Bỏ qua lỗi thực thi và không dừng script nếu bảng chưa từng tồn tại trong cơ sở dữ liệu.,"Đồng bộ hai bảng bằng cách kết hợp INSERT, UPDATE (và có thể DELETE) dựa trên sự khớp mã khóa.","BACKUP DATABASE QuanlySV TO DISK = 'C:\Backups\QuanlySV.bak' WITH FORMAT, INIT;",WITH REPLACE,1002,"Kho WH01 bị xóa, đồng thời tất cả các chuyến hàng có OriginWarehouseID = 'WH01' trong bảng SHIPMENT cũng tự động bị xóa.","S001', 'CSDL', 1, 4 tiếp theo chèn 'S001', 'CSDL', 1, 8",AI Vector Search vì truy vấn sử dụng ngữ nghĩa phi cấu trúc và đo độ tương đồng cosine qua embedding.,Đăng nhập bằng danh tính và chứng chỉ bảo mật của tài khoản hệ điều hành Windows hiện hành đang mở ứng dụng.,File kịch bản chứa các câu lệnh T-SQL (.sql) để tái tạo lược đồ (DDL) hoặc chèn dữ liệu (DML).,table,NVARCHAR,sp_help,[],IDENTITY,cấp bảng,NO ACTION,Đệ quy,DROP TABLE,CHECK,DEFAULT,DATETIME2,cha,con,ADD,ALTER COLUMN,DEFAULT,ISJSON,Duy nhất,MERGE,TRUNCATE TABLE,Khóa ngoại,BACKUP DATABASE,.bak,WITH REPLACE,Embedding,Đồng thời,Cột tính toán,IF EXISTS,DATEDIFF,ON DELETE CASCADE,"Thách thức (Challenger): Tự hoàn thiện giải pháp trước, sau đó dùng AI để kiểm chứng khả năng tối ưu.","Giải thích khái niệm lý thuyết và mô hình quan hệ (ERD), Tìm kiếm và sửa lỗi (Debug) các lỗi cú pháp hoặc lỗi vi phạm ràng buộc toàn vẹn, Hỗ trợ giải quyết các bài tập Homework/Assignment cá nhân","Đọc hiểu kỹ, rà soát từng dòng, tự kiểm tra các trường hợp biên (Active Verification)","Hầu như không xảy ra, tôi luôn phân biệt rõ ràng giữa việc hiểu và việc dùng AI",3,Tự tra cứu tài liệu Lab Manual hoặc cấu trúc schema để tìm nguyên nhân gốc rễ,Tài liệu kỹ thuật chính thức (Microsoft SQL Server Documentation / TechNet),"Áp dụng giai đoạn đầu không dùng AI, sau đó mới mở rộng cho phép dùng AI, Đưa các tình huống gỡ lỗi mã AI sai vào nội dung bài tập thực hành trên lớp",5,Em không có ý kiến ạ.
9/7/2026 11:19:04,52500040@student.tdtu.edu.vn,30 / 30,Phạm Anh Đức,52500040,Nhóm 02 (Ca 2): thứ 2,Tôi đồng ý tham gia khảo sát và kiểm tra năng lực,Chuyển đổi ngữ cảnh làm việc (session context) hiện hành sang cơ sở dữ liệu QuanlySV.,"Là từ khóa phân tách các khối lệnh (batch separator) được tiện ích SSMS nhận diện, không phải câu lệnh SQL.","NOT NULL, UNIQUE và tự động tạo Clustered Index (mặc định trong SQL Server).",Quan hệ đệ quy (Self-referential) thông qua hai khóa ngoại cùng tham chiếu về một bảng cha.,KETQUA -> DIEUKIEN -> HOCPHAN -> SINHVIEN -> MONHOC -> KETQUA,Lệnh thất bại và báo lỗi vì thêm cột NOT NULL vào bảng đã có dữ liệu mà không có giá trị DEFAULT.,"Dữ liệu trên RAM bị mất hoàn toàn khi tắt tiến trình/mất điện, dễ cạn kiệt bộ nhớ (OOM) và gặp xung đột đồng thời (race condition).","Cột tính toán động (Computed Column), giá trị được sinh tự động từ biểu thức.",Đảm bảo chuỗi văn bản lưu trữ phải tuân thủ cấu trúc định dạng JSON hợp lệ.,Thêm một dòng vào bảng SINHVIEN với giá trị MAKHOA = 'LUAT' trong khi bảng KHOA chưa có mã này.,ALTER TABLE NHANVIEN DROP COLUMN DIENTHOAI;,"Khi cột đó đang bị ràng buộc bởi Primary Key, Foreign Key, CHECK hoặc DEFAULT chưa được drop.",Báo lỗi vi phạm ràng buộc tham chiếu và từ chối (rollback) thao tác xóa dòng ở bảng cha.,Lệnh thất bại với lỗi vi phạm ràng buộc do bảng MATHANG đang có khóa ngoại tham chiếu tới NHACUNGCAP.,"CHECK (DATEDIFF(YEAR, NGAYSINH, GETDATE()) BETWEEN 18 AND 60)","OrderDate = '2026-03-10', ShipDate = '2026-03-08', DeliveryDate = '2026-03-12'",Cho phép sử dụng mệnh đề mở rộng FROM TableA JOIN TableB ON ... ngay sau mệnh đề SET.,Để tuân thủ quy tắc xóa: phải xóa dữ liệu bảng con trước khi xóa bản ghi cha để tránh lỗi vi phạm khóa ngoại.,TRUNCATE TABLE table_name;,Bỏ qua lỗi thực thi và không dừng script nếu bảng chưa từng tồn tại trong cơ sở dữ liệu.,"Đồng bộ hai bảng bằng cách kết hợp INSERT, UPDATE (và có thể DELETE) dựa trên sự khớp mã khóa.","BACKUP DATABASE QuanlySV TO DISK = 'C:\Backups\QuanlySV.bak' WITH FORMAT, INIT;",WITH REPLACE,1002,"Kho WH01 bị xóa, đồng thời tất cả các chuyến hàng có OriginWarehouseID = 'WH01' trong bảng SHIPMENT cũng tự động bị xóa.","S001', 'CSDL', 1, 4 tiếp theo chèn 'S001', 'CSDL', 1, 8",AI Vector Search vì truy vấn sử dụng ngữ nghĩa phi cấu trúc và đo độ tương đồng cosine qua embedding.,Đăng nhập bằng danh tính và chứng chỉ bảo mật của tài khoản hệ điều hành Windows hiện hành đang mở ứng dụng.,File kịch bản chứa các câu lệnh T-SQL (.sql) để tái tạo lược đồ (DDL) hoặc chèn dữ liệu (DML).,table,nvarchar,sp_help,ngoặc vuông,identity,mức bảng,NO ACTION,Đệ quy,DROP TABLE,CHECK,DEFAULT,DATETIME2,cha,con ,Add,ALTER COLUMN,DEFAULT,ISJSON,Duy nhất,MERGE,TRUNCATE TABLE,Khóa ngoại,BACKUP DATABASE,.bak,REPLACE,Embeddings,Đồng thời,Cột tính toán,IF EXISTS,DATEDIFF,CASCADE,"Điều hướng (Navigator): Đối thoại liên tục từng bước nhỏ, xây dựng giải pháp qua gợi ý của AI (lập trình cặp).","Tìm kiếm và sửa lỗi (Debug) các lỗi cú pháp hoặc lỗi vi phạm ràng buộc toàn vẹn, Hỗ trợ giải quyết các bài tập Homework/Assignment cá nhân","Đọc hiểu kỹ, rà soát từng dòng, tự kiểm tra các trường hợp biên (Active Verification)","Hầu như không xảy ra, tôi luôn phân biệt rõ ràng giữa việc hiểu và việc dùng AI",3,Tự tra cứu tài liệu Lab Manual hoặc cấu trúc schema để tìm nguyên nhân gốc rễ,Sách hướng dẫn Lab thủ công (Lab Manual) chính thống của giảng viên,Đưa các tình huống gỡ lỗi mã AI sai vào nội dung bài tập thực hành trên lớp,3,
9/7/2026 11:30:00,52500104@student.tdtu.edu.vn,30 / 30,Ong Thị Kiều Trang,52500104,Nhóm 02 (Ca 2): thứ 2,Tôi đồng ý tham gia khảo sát và kiểm tra năng lực,Chuyển đổi ngữ cảnh làm việc (session context) hiện hành sang cơ sở dữ liệu QuanlySV.,"Là từ khóa phân tách các khối lệnh (batch separator) được tiện ích SSMS nhận diện, không phải câu lệnh SQL.","NOT NULL, UNIQUE và tự động tạo Clustered Index (mặc định trong SQL Server).",Quan hệ đệ quy (Self-referential) thông qua hai khóa ngoại cùng tham chiếu về một bảng cha.,KETQUA -> DIEUKIEN -> HOCPHAN -> SINHVIEN -> MONHOC -> KETQUA,Lệnh thất bại và báo lỗi vì thêm cột NOT NULL vào bảng đã có dữ liệu mà không có giá trị DEFAULT.,"Dữ liệu trên RAM bị mất hoàn toàn khi tắt tiến trình/mất điện, dễ cạn kiệt bộ nhớ (OOM) và gặp xung đột đồng thời (race condition).","Cột tính toán động (Computed Column), giá trị được sinh tự động từ biểu thức.",Đảm bảo chuỗi văn bản lưu trữ phải tuân thủ cấu trúc định dạng JSON hợp lệ.,Thêm một dòng vào bảng SINHVIEN với giá trị MAKHOA = 'LUAT' trong khi bảng KHOA chưa có mã này.,ALTER TABLE NHANVIEN DROP COLUMN DIENTHOAI;,"Khi cột đó đang bị ràng buộc bởi Primary Key, Foreign Key, CHECK hoặc DEFAULT chưa được drop.",Báo lỗi vi phạm ràng buộc tham chiếu và từ chối (rollback) thao tác xóa dòng ở bảng cha.,Lệnh thất bại với lỗi vi phạm ràng buộc do bảng MATHANG đang có khóa ngoại tham chiếu tới NHACUNGCAP.,"CHECK (DATEDIFF(YEAR, NGAYSINH, GETDATE()) BETWEEN 18 AND 60)","OrderDate = '2026-03-10', ShipDate = '2026-03-08', DeliveryDate = '2026-03-12'",Cho phép sử dụng mệnh đề mở rộng FROM TableA JOIN TableB ON ... ngay sau mệnh đề SET.,Để tuân thủ quy tắc xóa: phải xóa dữ liệu bảng con trước khi xóa bản ghi cha để tránh lỗi vi phạm khóa ngoại.,TRUNCATE TABLE table_name;,Bỏ qua lỗi thực thi và không dừng script nếu bảng chưa từng tồn tại trong cơ sở dữ liệu.,"Đồng bộ hai bảng bằng cách kết hợp INSERT, UPDATE (và có thể DELETE) dựa trên sự khớp mã khóa.","BACKUP DATABASE QuanlySV TO DISK = 'C:\Backups\QuanlySV.bak' WITH FORMAT, INIT;",WITH REPLACE,1002,"Kho WH01 bị xóa, đồng thời tất cả các chuyến hàng có OriginWarehouseID = 'WH01' trong bảng SHIPMENT cũng tự động bị xóa.","S001', 'CSDL', 1, 4 tiếp theo chèn 'S001', 'CSDL', 1, 8",AI Vector Search vì truy vấn sử dụng ngữ nghĩa phi cấu trúc và đo độ tương đồng cosine qua embedding.,Đăng nhập bằng danh tính và chứng chỉ bảo mật của tài khoản hệ điều hành Windows hiện hành đang mở ứng dụng.,File kịch bản chứa các câu lệnh T-SQL (.sql) để tái tạo lược đồ (DDL) hoặc chèn dữ liệu (DML).,table,nvarchar.,sp_help.,ngoặc vuông ([ ]).,identity.,mức bảng ,no action,đệ quy,drop table,check,default,datetime2,cha,con,add,alter column,mặc định,ISJSON,duy nhất,merge,truncate table,khóa ngoại,backup database,.bak,with replace,embedding,đồng thời,cột tính toán,if exists,DATEDIFF,ON DELETE CASCADE,"Điều hướng (Navigator): Đối thoại liên tục từng bước nhỏ, xây dựng giải pháp qua gợi ý của AI (lập trình cặp).","Giải thích khái niệm lý thuyết và mô hình quan hệ (ERD), Tìm kiếm và sửa lỗi (Debug) các lỗi cú pháp hoặc lỗi vi phạm ràng buộc toàn vẹn, Hỗ trợ giải quyết các bài tập Homework/Assignment cá nhân","Đọc hiểu kỹ, rà soát từng dòng, tự kiểm tra các trường hợp biên (Active Verification)","Hầu như không xảy ra, tôi luôn phân biệt rõ ràng giữa việc hiểu và việc dùng AI",4,Tự tra cứu tài liệu Lab Manual hoặc cấu trúc schema để tìm nguyên nhân gốc rễ,Sách hướng dẫn Lab thủ công (Lab Manual) chính thống của giảng viên,"Áp dụng giai đoạn đầu không dùng AI, sau đó mới mở rộng cho phép dùng AI, Tăng cường các bài kiểm tra vấn đáp trực tiếp / live-coding không dùng mạng, Đưa các tình huống gỡ lỗi mã AI sai vào nội dung bài tập thực hành trên lớp",4,em không có ý kiến.
9/7/2026 11:54:01,52500036@student.tdtu.edu.vn,30 / 30,Phạm Hoàng Đảm ,52500036,Nhóm 02 (Ca 2): thứ 2,Tôi đồng ý tham gia khảo sát và kiểm tra năng lực,Chuyển đổi ngữ cảnh làm việc (session context) hiện hành sang cơ sở dữ liệu QuanlySV.,"Là từ khóa phân tách các khối lệnh (batch separator) được tiện ích SSMS nhận diện, không phải câu lệnh SQL.","NOT NULL, UNIQUE và tự động tạo Clustered Index (mặc định trong SQL Server).",Quan hệ đệ quy (Self-referential) thông qua hai khóa ngoại cùng tham chiếu về một bảng cha.,KETQUA -> DIEUKIEN -> HOCPHAN -> SINHVIEN -> MONHOC -> KETQUA,Lệnh thất bại và báo lỗi vì thêm cột NOT NULL vào bảng đã có dữ liệu mà không có giá trị DEFAULT.,"Dữ liệu trên RAM bị mất hoàn toàn khi tắt tiến trình/mất điện, dễ cạn kiệt bộ nhớ (OOM) và gặp xung đột đồng thời (race condition).","Cột tính toán động (Computed Column), giá trị được sinh tự động từ biểu thức.",Đảm bảo chuỗi văn bản lưu trữ phải tuân thủ cấu trúc định dạng JSON hợp lệ.,Thêm một dòng vào bảng SINHVIEN với giá trị MAKHOA = 'LUAT' trong khi bảng KHOA chưa có mã này.,ALTER TABLE NHANVIEN DROP COLUMN DIENTHOAI;,"Khi cột đó đang bị ràng buộc bởi Primary Key, Foreign Key, CHECK hoặc DEFAULT chưa được drop.",Báo lỗi vi phạm ràng buộc tham chiếu và từ chối (rollback) thao tác xóa dòng ở bảng cha.,Lệnh thất bại với lỗi vi phạm ràng buộc do bảng MATHANG đang có khóa ngoại tham chiếu tới NHACUNGCAP.,"CHECK (DATEDIFF(YEAR, NGAYSINH, GETDATE()) BETWEEN 18 AND 60)","OrderDate = '2026-03-10', ShipDate = '2026-03-08', DeliveryDate = '2026-03-12'",Cho phép sử dụng mệnh đề mở rộng FROM TableA JOIN TableB ON ... ngay sau mệnh đề SET.,Để tuân thủ quy tắc xóa: phải xóa dữ liệu bảng con trước khi xóa bản ghi cha để tránh lỗi vi phạm khóa ngoại.,TRUNCATE TABLE table_name;,Bỏ qua lỗi thực thi và không dừng script nếu bảng chưa từng tồn tại trong cơ sở dữ liệu.,"Đồng bộ hai bảng bằng cách kết hợp INSERT, UPDATE (và có thể DELETE) dựa trên sự khớp mã khóa.","BACKUP DATABASE QuanlySV TO DISK = 'C:\Backups\QuanlySV.bak' WITH FORMAT, INIT;",WITH REPLACE,1002,"Kho WH01 bị xóa, đồng thời tất cả các chuyến hàng có OriginWarehouseID = 'WH01' trong bảng SHIPMENT cũng tự động bị xóa.","S001', 'CSDL', 1, 4 tiếp theo chèn 'S001', 'CSDL', 1, 8",AI Vector Search vì truy vấn sử dụng ngữ nghĩa phi cấu trúc và đo độ tương đồng cosine qua embedding.,Đăng nhập bằng danh tính và chứng chỉ bảo mật của tài khoản hệ điều hành Windows hiện hành đang mở ứng dụng.,File kịch bản chứa các câu lệnh T-SQL (.sql) để tái tạo lược đồ (DDL) hoặc chèn dữ liệu (DML).,table,nvarchar,,ngoặc vuông,identity,,,đệ quy ,drop table,check,default,datetime2,,,add,alter column,default,,unique,,,foreign key,backup database,,,,,,,,on delete cascade,"Điều hướng (Navigator): Đối thoại liên tục từng bước nhỏ, xây dựng giải pháp qua gợi ý của AI (lập trình cặp).","Giải thích khái niệm lý thuyết và mô hình quan hệ (ERD), Tìm kiếm và sửa lỗi (Debug) các lỗi cú pháp hoặc lỗi vi phạm ràng buộc toàn vẹn, Hỗ trợ giải quyết các bài tập Homework/Assignment cá nhân","Đọc hiểu kỹ, rà soát từng dòng, tự kiểm tra các trường hợp biên (Active Verification)",Rất thường xuyên xảy ra với bản thân tôi,2,Đưa ngay thông báo lỗi (Error message) cho AI để nhờ sửa hộ,Các câu trả lời giải thích bằng ngôn ngữ tự nhiên của Trợ lý AI,"Áp dụng giai đoạn đầu không dùng AI, sau đó mới mở rộng cho phép dùng AI, Tăng cường các bài kiểm tra vấn đáp trực tiếp / live-coding không dùng mạng, Đưa các tình huống gỡ lỗi mã AI sai vào nội dung bài tập thực hành trên lớp",3,rất cần thiết cho việc hỗ trợ làm bài vì trước khi làm sec nhờ ai hỗ trợ
9/7/2026 9:24:11,52500064@student.tdtu.edu.vn,29 / 30,Lê Nhật Linh,52500064,Nhóm 02 (Ca 2): thứ 2,Tôi đồng ý tham gia khảo sát và kiểm tra năng lực,Chuyển đổi ngữ cảnh làm việc (session context) hiện hành sang cơ sở dữ liệu QuanlySV.,"Là từ khóa phân tách các khối lệnh (batch separator) được tiện ích SSMS nhận diện, không phải câu lệnh SQL.","NOT NULL, UNIQUE và tự động tạo Clustered Index (mặc định trong SQL Server).",Quan hệ đệ quy (Self-referential) thông qua hai khóa ngoại cùng tham chiếu về một bảng cha.,KETQUA -> DIEUKIEN -> HOCPHAN -> SINHVIEN -> MONHOC -> KETQUA,Lệnh thất bại và báo lỗi vì thêm cột NOT NULL vào bảng đã có dữ liệu mà không có giá trị DEFAULT.,"Dữ liệu trên RAM bị mất hoàn toàn khi tắt tiến trình/mất điện, dễ cạn kiệt bộ nhớ (OOM) và gặp xung đột đồng thời (race condition).","Cột tính toán động (Computed Column), giá trị được sinh tự động từ biểu thức.",Đảm bảo chuỗi văn bản lưu trữ phải tuân thủ cấu trúc định dạng JSON hợp lệ.,Thêm một dòng vào bảng SINHVIEN với giá trị MAKHOA = 'LUAT' trong khi bảng KHOA chưa có mã này.,ALTER TABLE NHANVIEN DROP COLUMN DIENTHOAI;,"Khi cột đó đang bị ràng buộc bởi Primary Key, Foreign Key, CHECK hoặc DEFAULT chưa được drop.",Báo lỗi vi phạm ràng buộc tham chiếu và từ chối (rollback) thao tác xóa dòng ở bảng cha.,Lệnh thất bại với lỗi vi phạm ràng buộc do bảng MATHANG đang có khóa ngoại tham chiếu tới NHACUNGCAP.,"CHECK (DATEDIFF(YEAR, NGAYSINH, GETDATE()) BETWEEN 18 AND 60)","OrderDate = '2026-03-10', ShipDate = '2026-03-08', DeliveryDate = '2026-03-12'",Cho phép sử dụng mệnh đề mở rộng FROM TableA JOIN TableB ON ... ngay sau mệnh đề SET.,Để tuân thủ quy tắc xóa: phải xóa dữ liệu bảng con trước khi xóa bản ghi cha để tránh lỗi vi phạm khóa ngoại.,TRUNCATE TABLE table_name;,Bỏ qua lỗi thực thi và không dừng script nếu bảng chưa từng tồn tại trong cơ sở dữ liệu.,"Đồng bộ hai bảng bằng cách kết hợp INSERT, UPDATE (và có thể DELETE) dựa trên sự khớp mã khóa.","BACKUP DATABASE QuanlySV TO DISK = 'C:\Backups\QuanlySV.bak' WITH FORMAT, INIT;",WITH REPLACE,1002,"Kho WH01 bị xóa, đồng thời tất cả các chuyến hàng có OriginWarehouseID = 'WH01' trong bảng SHIPMENT cũng tự động bị xóa.","S001', 'CSDL', 1, 4 tiếp theo chèn 'S001', 'CSDL', 1, 8",AI Vector Search vì truy vấn sử dụng ngữ nghĩa phi cấu trúc và đo độ tương đồng cosine qua embedding.,Đăng nhập bằng danh tính và chứng chỉ bảo mật của tài khoản hệ điều hành Windows hiện hành đang mở ứng dụng.,File kịch bản chứa các câu lệnh T-SQL (.sql) để tái tạo lược đồ (DDL) hoặc chèn dữ liệu (DML).,binary,VARCHAR,sp_help, ',IDENTITY,cấp độ bảng,NO ACTION,tự tham chiếu ,DROP,CHECK,DEFAULT,DATETIME2,cha,con,ADD,ALTER COLUMN,DEFAULT,ISJSON,unique,MERGE,TRUNCATE TABLE,Khóa ngoại ,BACKUP DATABASE,.bak,WITH REPLACE,Embedding,Đồng thời,Cột tính toán ,IF EXISTS,DATEDIFF,ON DELETE CASCADE,"Tinh chỉnh (Fine-tuner): Tự viết phần lớn, chỉ dùng AI để định dạng hoặc tối ưu hóa cục bộ.","Giải thích khái niệm lý thuyết và mô hình quan hệ (ERD), Sinh mã lệnh DDL/DML tự động (CREATE TABLE, ALTER, INSERT, UPDATE)","Đọc hiểu kỹ, rà soát từng dòng, tự kiểm tra các trường hợp biên (Active Verification)",Rất thường xuyên xảy ra với bản thân tôi,4,Tự tra cứu tài liệu Lab Manual hoặc cấu trúc schema để tìm nguyên nhân gốc rễ,Các câu trả lời giải thích bằng ngôn ngữ tự nhiên của Trợ lý AI,"Áp dụng giai đoạn đầu không dùng AI, sau đó mới mở rộng cho phép dùng AI, Tăng cường các bài kiểm tra vấn đáp trực tiếp / live-coding không dùng mạng",4,không
9/7/2026 9:27:49,52500081@student.tdtu.edu.vn,29 / 30,Nguyễn Tấn Phú,52500081,Nhóm 02 (Ca 2): thứ 2,Tôi đồng ý tham gia khảo sát và kiểm tra năng lực,Chuyển đổi ngữ cảnh làm việc (session context) hiện hành sang cơ sở dữ liệu QuanlySV.,"Là từ khóa phân tách các khối lệnh (batch separator) được tiện ích SSMS nhận diện, không phải câu lệnh SQL.","NOT NULL, UNIQUE và tự động tạo Clustered Index (mặc định trong SQL Server).",Quan hệ đệ quy (Self-referential) thông qua hai khóa ngoại cùng tham chiếu về một bảng cha.,KETQUA -> DIEUKIEN -> HOCPHAN -> SINHVIEN -> MONHOC -> KETQUA,Lệnh thất bại và báo lỗi vì thêm cột NOT NULL vào bảng đã có dữ liệu mà không có giá trị DEFAULT.,"Dữ liệu trên RAM bị mất hoàn toàn khi tắt tiến trình/mất điện, dễ cạn kiệt bộ nhớ (OOM) và gặp xung đột đồng thời (race condition).","Cột tính toán động (Computed Column), giá trị được sinh tự động từ biểu thức.",Đảm bảo chuỗi văn bản lưu trữ phải tuân thủ cấu trúc định dạng JSON hợp lệ.,Thêm một dòng vào bảng SINHVIEN với giá trị MAKHOA = 'LUAT' trong khi bảng KHOA chưa có mã này.,ALTER TABLE NHANVIEN DROP COLUMN DIENTHOAI;,"Khi cột đó đang bị ràng buộc bởi Primary Key, Foreign Key, CHECK hoặc DEFAULT chưa được drop.",Báo lỗi vi phạm ràng buộc tham chiếu và từ chối (rollback) thao tác xóa dòng ở bảng cha.,Lệnh thất bại với lỗi vi phạm ràng buộc do bảng MATHANG đang có khóa ngoại tham chiếu tới NHACUNGCAP.,"CHECK (DATEDIFF(YEAR, NGAYSINH, GETDATE()) BETWEEN 18 AND 60)","OrderDate = '2026-03-10', ShipDate = '2026-03-08', DeliveryDate = '2026-03-12'",Cho phép sử dụng mệnh đề mở rộng FROM TableA JOIN TableB ON ... ngay sau mệnh đề SET.,Để tuân thủ quy tắc xóa: phải xóa dữ liệu bảng con trước khi xóa bản ghi cha để tránh lỗi vi phạm khóa ngoại.,DROP TABLE table_name;,Bỏ qua lỗi thực thi và không dừng script nếu bảng chưa từng tồn tại trong cơ sở dữ liệu.,"Đồng bộ hai bảng bằng cách kết hợp INSERT, UPDATE (và có thể DELETE) dựa trên sự khớp mã khóa.","BACKUP DATABASE QuanlySV TO DISK = 'C:\Backups\QuanlySV.bak' WITH FORMAT, INIT;",WITH REPLACE,1002,"Kho WH01 bị xóa, đồng thời tất cả các chuyến hàng có OriginWarehouseID = 'WH01' trong bảng SHIPMENT cũng tự động bị xóa.","S001', 'CSDL', 1, 4 tiếp theo chèn 'S001', 'CSDL', 1, 8",AI Vector Search vì truy vấn sử dụng ngữ nghĩa phi cấu trúc và đo độ tương đồng cosine qua embedding.,Đăng nhập bằng danh tính và chứng chỉ bảo mật của tài khoản hệ điều hành Windows hiện hành đang mở ứng dụng.,File kịch bản chứa các câu lệnh T-SQL (.sql) để tái tạo lược đồ (DDL) hoặc chèn dữ liệu (DML).,table,nvarchar,EXEC sp_help,[ ],identity(),cấp bảng,no action,tự tham chiếu,drop table,check,default,datetime2,cha ,con,add,column,default,ISJASON,unique,merge,truncate table,foreign key,backup database,.bak,with replace,embedding,đồng thời,cột tính toán,if exists,datediff,on delete cascade,"Điều hướng (Navigator): Đối thoại liên tục từng bước nhỏ, xây dựng giải pháp qua gợi ý của AI (lập trình cặp).","Giải thích khái niệm lý thuyết và mô hình quan hệ (ERD), Sinh mã lệnh DDL/DML tự động (CREATE TABLE, ALTER, INSERT, UPDATE), Tìm kiếm và sửa lỗi (Debug) các lỗi cú pháp hoặc lỗi vi phạm ràng buộc toàn vẹn, Hỗ trợ giải quyết các bài tập Homework/Assignment cá nhân","Đọc hiểu kỹ, rà soát từng dòng, tự kiểm tra các trường hợp biên (Active Verification)",Thỉnh thoảng có cảm giác này,3,Tự tra cứu tài liệu Lab Manual hoặc cấu trúc schema để tìm nguyên nhân gốc rễ,Tài liệu kỹ thuật chính thức (Microsoft SQL Server Documentation / TechNet),"Áp dụng giai đoạn đầu không dùng AI, sau đó mới mở rộng cho phép dùng AI, Tăng cường các bài kiểm tra vấn đáp trực tiếp / live-coding không dùng mạng, Đưa các tình huống gỡ lỗi mã AI sai vào nội dung bài tập thực hành trên lớp",4,nên sử dụng AI kết hợp vào học tập để tăng hiệu suất nhưng nên chú ý không nên quá lạm dụng nó
9/7/2026 10:04:15,52500282@student.tdtu.edu.vn,29 / 30,Trần Minh Nhật,52500282,Nhóm 02 (Ca 2): thứ 2,Tôi đồng ý tham gia khảo sát và kiểm tra năng lực,Chuyển đổi ngữ cảnh làm việc (session context) hiện hành sang cơ sở dữ liệu QuanlySV.,"Là từ khóa phân tách các khối lệnh (batch separator) được tiện ích SSMS nhận diện, không phải câu lệnh SQL.","NOT NULL, UNIQUE và tự động tạo Clustered Index (mặc định trong SQL Server).",Quan hệ đệ quy (Self-referential) thông qua hai khóa ngoại cùng tham chiếu về một bảng cha.,KETQUA -> DIEUKIEN -> HOCPHAN -> SINHVIEN -> MONHOC -> KETQUA,Lệnh thất bại và báo lỗi vì thêm cột NOT NULL vào bảng đã có dữ liệu mà không có giá trị DEFAULT.,"Dữ liệu trên RAM bị mất hoàn toàn khi tắt tiến trình/mất điện, dễ cạn kiệt bộ nhớ (OOM) và gặp xung đột đồng thời (race condition).","Cột tính toán động (Computed Column), giá trị được sinh tự động từ biểu thức.",Đảm bảo chuỗi văn bản lưu trữ phải tuân thủ cấu trúc định dạng JSON hợp lệ.,Thêm một dòng vào bảng SINHVIEN với giá trị MAKHOA = 'LUAT' trong khi bảng KHOA chưa có mã này.,ALTER TABLE NHANVIEN DROP COLUMN DIENTHOAI;,"Khi cột đó đang bị ràng buộc bởi Primary Key, Foreign Key, CHECK hoặc DEFAULT chưa được drop.",Báo lỗi vi phạm ràng buộc tham chiếu và từ chối (rollback) thao tác xóa dòng ở bảng cha.,Lệnh thất bại với lỗi vi phạm ràng buộc do bảng MATHANG đang có khóa ngoại tham chiếu tới NHACUNGCAP.,"CHECK (DATEDIFF(YEAR, NGAYSINH, GETDATE()) BETWEEN 18 AND 60)","OrderDate = '2026-03-10', ShipDate = '2026-03-08', DeliveryDate = '2026-03-12'",Cho phép sử dụng mệnh đề mở rộng FROM TableA JOIN TableB ON ... ngay sau mệnh đề SET.,Để tuân thủ quy tắc xóa: phải xóa dữ liệu bảng con trước khi xóa bản ghi cha để tránh lỗi vi phạm khóa ngoại.,TRUNCATE TABLE table_name;,Bỏ qua lỗi thực thi và không dừng script nếu bảng chưa từng tồn tại trong cơ sở dữ liệu.,"Đồng bộ hai bảng bằng cách kết hợp INSERT, UPDATE (và có thể DELETE) dựa trên sự khớp mã khóa.","BACKUP DATABASE QuanlySV TO DISK = 'C:\Backups\QuanlySV.bak' WITH FORMAT, INIT;",WITH REPLACE,1003,"Kho WH01 bị xóa, đồng thời tất cả các chuyến hàng có OriginWarehouseID = 'WH01' trong bảng SHIPMENT cũng tự động bị xóa.","S001', 'CSDL', 1, 4 tiếp theo chèn 'S001', 'CSDL', 1, 8",AI Vector Search vì truy vấn sử dụng ngữ nghĩa phi cấu trúc và đo độ tương đồng cosine qua embedding.,Đăng nhập bằng danh tính và chứng chỉ bảo mật của tài khoản hệ điều hành Windows hiện hành đang mở ứng dụng.,File kịch bản chứa các câu lệnh T-SQL (.sql) để tái tạo lược đồ (DDL) hoặc chèn dữ liệu (DML).,table,NVARCHAR,sp_help,ngoặc vuông,IDENTITY,mức bảng,NO ACTION ,đệ quy,DROP TABLE,CHECK,DEFAULT,DATETIME2,CHA,con,ADD,ALTER COLUMN,DEFAULT,ISJSON,duy nhất,MERGE,TRUNCATE TABLE,khóa ngoại,BACKUP DATABASE,.bak,REPLACE,nhúng,đồng thời,cột tính toán,IF EXISTS,DATEDIFF,ON DELETE CASCADE,"Thách thức (Challenger): Tự hoàn thiện giải pháp trước, sau đó dùng AI để kiểm chứng khả năng tối ưu.","Giải thích khái niệm lý thuyết và mô hình quan hệ (ERD), Tìm kiếm và sửa lỗi (Debug) các lỗi cú pháp hoặc lỗi vi phạm ràng buộc toàn vẹn","Đọc hiểu kỹ, rà soát từng dòng, tự kiểm tra các trường hợp biên (Active Verification)",Thỉnh thoảng có cảm giác này,3,Tự tra cứu tài liệu Lab Manual hoặc cấu trúc schema để tìm nguyên nhân gốc rễ,Tài liệu kỹ thuật chính thức (Microsoft SQL Server Documentation / TechNet),"Áp dụng giai đoạn đầu không dùng AI, sau đó mới mở rộng cho phép dùng AI",3,NÊN SỬ DỤNG NHƯNG KHÔNG NÊN QUÁ PHỤ THUỘC VÀO AI
9/7/2026 10:23:38,52500127@student.tdtu.edu.vn,29 / 30,Nhữ Thành Danh,52500127,Nhóm 02 (Ca 2): thứ 2,Tôi đồng ý tham gia khảo sát và kiểm tra năng lực,Chuyển đổi ngữ cảnh làm việc (session context) hiện hành sang cơ sở dữ liệu QuanlySV.,"Là từ khóa phân tách các khối lệnh (batch separator) được tiện ích SSMS nhận diện, không phải câu lệnh SQL.","NOT NULL, UNIQUE và tự động tạo Clustered Index (mặc định trong SQL Server).",Quan hệ đệ quy (Self-referential) thông qua hai khóa ngoại cùng tham chiếu về một bảng cha.,KETQUA -> DIEUKIEN -> HOCPHAN -> SINHVIEN -> MONHOC -> KETQUA,Lệnh thất bại và báo lỗi vì thêm cột NOT NULL vào bảng đã có dữ liệu mà không có giá trị DEFAULT.,"Dữ liệu trên RAM bị mất hoàn toàn khi tắt tiến trình/mất điện, dễ cạn kiệt bộ nhớ (OOM) và gặp xung đột đồng thời (race condition).","Cột tính toán động (Computed Column), giá trị được sinh tự động từ biểu thức.",Đảm bảo chuỗi văn bản lưu trữ phải tuân thủ cấu trúc định dạng JSON hợp lệ.,Thêm một dòng vào bảng SINHVIEN với giá trị MAKHOA = 'LUAT' trong khi bảng KHOA chưa có mã này.,ALTER TABLE NHANVIEN DROP COLUMN DIENTHOAI;,"Khi cột đó đang bị ràng buộc bởi Primary Key, Foreign Key, CHECK hoặc DEFAULT chưa được drop.",Báo lỗi vi phạm ràng buộc tham chiếu và từ chối (rollback) thao tác xóa dòng ở bảng cha.,Lệnh thất bại với lỗi vi phạm ràng buộc do bảng MATHANG đang có khóa ngoại tham chiếu tới NHACUNGCAP.,"CHECK (DATEDIFF(YEAR, NGAYSINH, GETDATE()) BETWEEN 18 AND 60)","OrderDate = '2026-03-10', ShipDate = '2026-03-08', DeliveryDate = '2026-03-12'",Cho phép sử dụng mệnh đề mở rộng FROM TableA JOIN TableB ON ... ngay sau mệnh đề SET.,Để tuân thủ quy tắc xóa: phải xóa dữ liệu bảng con trước khi xóa bản ghi cha để tránh lỗi vi phạm khóa ngoại.,TRUNCATE TABLE table_name;,Bỏ qua lỗi thực thi và không dừng script nếu bảng chưa từng tồn tại trong cơ sở dữ liệu.,"Đồng bộ hai bảng bằng cách kết hợp INSERT, UPDATE (và có thể DELETE) dựa trên sự khớp mã khóa.","BACKUP DATABASE QuanlySV TO DISK = 'C:\Backups\QuanlySV.bak' WITH FORMAT, INIT;",WITH REPLACE,1003,"Kho WH01 bị xóa, đồng thời tất cả các chuyến hàng có OriginWarehouseID = 'WH01' trong bảng SHIPMENT cũng tự động bị xóa.","S001', 'CSDL', 1, 4 tiếp theo chèn 'S001', 'CSDL', 1, 8",AI Vector Search vì truy vấn sử dụng ngữ nghĩa phi cấu trúc và đo độ tương đồng cosine qua embedding.,Đăng nhập bằng danh tính và chứng chỉ bảo mật của tài khoản hệ điều hành Windows hiện hành đang mở ứng dụng.,File kịch bản chứa các câu lệnh T-SQL (.sql) để tái tạo lược đồ (DDL) hoặc chèn dữ liệu (DML).,table,NVARCHAR,sp_help,[ ],IDENTITY,table level,NO ACTION,self-referential,DROP TABLE,CHECK ,DEFAULT ,DATETIME2,Khóa chính,Bảng con,ADD,ALTER COLUMN,DEFAULT,ISJSON,Kế thừa ,MERCE,DELETE ,Khóa ngoại ,CREATE TABLE ,.bak,WITH REPLACE,tương đồng ngữ nghĩa ,đồng thời ,Cột tình toán ,IF EXIST ,DATEDIFF ,ON DELETE CASADE,"Tinh chỉnh (Fine-tuner): Tự viết phần lớn, chỉ dùng AI để định dạng hoặc tối ưu hóa cục bộ.","Giải thích khái niệm lý thuyết và mô hình quan hệ (ERD), Tìm kiếm và sửa lỗi (Debug) các lỗi cú pháp hoặc lỗi vi phạm ràng buộc toàn vẹn","Đọc hiểu kỹ, rà soát từng dòng, tự kiểm tra các trường hợp biên (Active Verification)",Thỉnh thoảng có cảm giác này,3,Thử nghiệm ngẫu nhiên các câu lệnh vô hiệu hóa kiểm tra cho đến khi chạy được,Sách hướng dẫn Lab thủ công (Lab Manual) chính thống của giảng viên,"Áp dụng giai đoạn đầu không dùng AI, sau đó mới mở rộng cho phép dùng AI, Tăng cường các bài kiểm tra vấn đáp trực tiếp / live-coding không dùng mạng, Đưa các tình huống gỡ lỗi mã AI sai vào nội dung bài tập thực hành trên lớp",3,"KO DÙNG AI ĐỂ GIẢI BÀI, LÝ THUYẾT GIẢI THÍCH NGUYÊN LÝ NGẮN GỌN THỰC HÀNH THÌ ĐƯA RA BÀI TẬP VIẾT CODE CHO QUEN TAY TRỞ ĐI"
9/7/2026 11:11:00,52500090@student.tdtu.edu.vn,29 / 30,Lê Ngọc Thái,52500090,Nhóm 02 (Ca 2): thứ 2,Tôi đồng ý tham gia khảo sát và kiểm tra năng lực,Chuyển đổi ngữ cảnh làm việc (session context) hiện hành sang cơ sở dữ liệu QuanlySV.,"Là từ khóa phân tách các khối lệnh (batch separator) được tiện ích SSMS nhận diện, không phải câu lệnh SQL.","NOT NULL, UNIQUE và tự động tạo Clustered Index (mặc định trong SQL Server).",Quan hệ đệ quy (Self-referential) thông qua hai khóa ngoại cùng tham chiếu về một bảng cha.,KETQUA -> DIEUKIEN -> HOCPHAN -> SINHVIEN -> MONHOC -> KETQUA,Lệnh thất bại và báo lỗi vì thêm cột NOT NULL vào bảng đã có dữ liệu mà không có giá trị DEFAULT.,"Dữ liệu trên RAM bị mất hoàn toàn khi tắt tiến trình/mất điện, dễ cạn kiệt bộ nhớ (OOM) và gặp xung đột đồng thời (race condition).","Cột tính toán động (Computed Column), giá trị được sinh tự động từ biểu thức.",Đảm bảo chuỗi văn bản lưu trữ phải tuân thủ cấu trúc định dạng JSON hợp lệ.,Thêm một dòng vào bảng SINHVIEN với giá trị MAKHOA = 'LUAT' trong khi bảng KHOA chưa có mã này.,ALTER TABLE NHANVIEN DROP COLUMN DIENTHOAI;,"Khi cột đó đang bị ràng buộc bởi Primary Key, Foreign Key, CHECK hoặc DEFAULT chưa được drop.",Báo lỗi vi phạm ràng buộc tham chiếu và từ chối (rollback) thao tác xóa dòng ở bảng cha.,Lệnh thất bại với lỗi vi phạm ràng buộc do bảng MATHANG đang có khóa ngoại tham chiếu tới NHACUNGCAP.,"CHECK (DATEDIFF(YEAR, NGAYSINH, GETDATE()) BETWEEN 18 AND 60)","OrderDate = '2026-03-10', ShipDate = '2026-03-08', DeliveryDate = '2026-03-12'",Cho phép sử dụng mệnh đề mở rộng FROM TableA JOIN TableB ON ... ngay sau mệnh đề SET.,Để tuân thủ quy tắc xóa: phải xóa dữ liệu bảng con trước khi xóa bản ghi cha để tránh lỗi vi phạm khóa ngoại.,TRUNCATE TABLE table_name;,Bỏ qua lỗi thực thi và không dừng script nếu bảng chưa từng tồn tại trong cơ sở dữ liệu.,"Đồng bộ hai bảng bằng cách kết hợp INSERT, UPDATE (và có thể DELETE) dựa trên sự khớp mã khóa.","BACKUP DATABASE QuanlySV TO DISK = 'C:\Backups\QuanlySV.bak' WITH FORMAT, INIT;",WITH REPLACE,1003,"Kho WH01 bị xóa, đồng thời tất cả các chuyến hàng có OriginWarehouseID = 'WH01' trong bảng SHIPMENT cũng tự động bị xóa.","S001', 'CSDL', 1, 4 tiếp theo chèn 'S001', 'CSDL', 1, 8",AI Vector Search vì truy vấn sử dụng ngữ nghĩa phi cấu trúc và đo độ tương đồng cosine qua embedding.,Đăng nhập bằng danh tính và chứng chỉ bảo mật của tài khoản hệ điều hành Windows hiện hành đang mở ứng dụng.,File kịch bản chứa các câu lệnh T-SQL (.sql) để tái tạo lược đồ (DDL) hoặc chèn dữ liệu (DML).,table,NVARCHAR,sp_help,[],IDENTITY,table level,NO ACTION,Self-referential,DROP TABLE,CHECK,DEFAULT,DATETIME2,Khóa chính,Bảng con,ADD,ALER COLUMN,DEFAULT,ISJSON,Kế thừa,ALTER TABLE,DELETE,FOREIGN KEY,BACKUP DATABASE,.bak,FORCE,EMBEDED,Race Conditions,Computed Column,IF EXIST,DATEDIFF,ON DELETE CASCADE,"Thách thức (Challenger): Tự hoàn thiện giải pháp trước, sau đó dùng AI để kiểm chứng khả năng tối ưu.","Giải thích khái niệm lý thuyết và mô hình quan hệ (ERD), Tìm kiếm và sửa lỗi (Debug) các lỗi cú pháp hoặc lỗi vi phạm ràng buộc toàn vẹn",Chạy thử nghiệm (Run/Test) trên SSMS xem có báo lỗi không rồi nộp,"Hầu như không xảy ra, tôi luôn phân biệt rõ ràng giữa việc hiểu và việc dùng AI",3,Thử nghiệm ngẫu nhiên các câu lệnh vô hiệu hóa kiểm tra cho đến khi chạy được,Các câu trả lời giải thích bằng ngôn ngữ tự nhiên của Trợ lý AI,"Áp dụng giai đoạn đầu không dùng AI, sau đó mới mở rộng cho phép dùng AI, Đưa các tình huống gỡ lỗi mã AI sai vào nội dung bài tập thực hành trên lớp",3,"SỬ DỤNG ĐỂ TĂNG ĐỘ KHÓ BÀI TẬP VÀ TỰ LUYỆN THÊM, AI CÓ THỂ TẠO RA ỨNG DỤNG NHANH CÓ THỂ DÙNG NÓ LÀM VÍ DỤ VÀ THỬ NGHIỆM NHỮNG THỨ MÌNH VỪA HỌC ĐỂ CÓ KIẾN THỨC THỰC  TIỄN HƠN"
9/7/2026 11:13:26,52500054@student.tdtu.edu.vn,29 / 30,Trương Phan Đan Huy,52500054,Nhóm 02 (Ca 2): thứ 2,Tôi đồng ý tham gia khảo sát và kiểm tra năng lực,Chuyển đổi ngữ cảnh làm việc (session context) hiện hành sang cơ sở dữ liệu QuanlySV.,"Là từ khóa phân tách các khối lệnh (batch separator) được tiện ích SSMS nhận diện, không phải câu lệnh SQL.","NOT NULL, UNIQUE và tự động tạo Clustered Index (mặc định trong SQL Server).",Quan hệ đệ quy (Self-referential) thông qua hai khóa ngoại cùng tham chiếu về một bảng cha.,KETQUA -> DIEUKIEN -> HOCPHAN -> SINHVIEN -> MONHOC -> KETQUA,Lệnh thất bại và báo lỗi vì thêm cột NOT NULL vào bảng đã có dữ liệu mà không có giá trị DEFAULT.,"Dữ liệu trên RAM bị mất hoàn toàn khi tắt tiến trình/mất điện, dễ cạn kiệt bộ nhớ (OOM) và gặp xung đột đồng thời (race condition).","Cột tính toán động (Computed Column), giá trị được sinh tự động từ biểu thức.",Đảm bảo chuỗi văn bản lưu trữ phải tuân thủ cấu trúc định dạng JSON hợp lệ.,Thêm một dòng vào bảng SINHVIEN với giá trị MAKHOA = 'LUAT' trong khi bảng KHOA chưa có mã này.,ALTER TABLE NHANVIEN DROP COLUMN DIENTHOAI;,"Khi cột đó đang bị ràng buộc bởi Primary Key, Foreign Key, CHECK hoặc DEFAULT chưa được drop.",Báo lỗi vi phạm ràng buộc tham chiếu và từ chối (rollback) thao tác xóa dòng ở bảng cha.,Lệnh thất bại với lỗi vi phạm ràng buộc do bảng MATHANG đang có khóa ngoại tham chiếu tới NHACUNGCAP.,"CHECK (DATEDIFF(YEAR, NGAYSINH, GETDATE()) BETWEEN 18 AND 60)","OrderDate = '2026-03-10', ShipDate = '2026-03-08', DeliveryDate = '2026-03-12'",Cho phép sử dụng mệnh đề mở rộng FROM TableA JOIN TableB ON ... ngay sau mệnh đề SET.,Để tuân thủ quy tắc xóa: phải xóa dữ liệu bảng con trước khi xóa bản ghi cha để tránh lỗi vi phạm khóa ngoại.,TRUNCATE TABLE table_name;,Bỏ qua lỗi thực thi và không dừng script nếu bảng chưa từng tồn tại trong cơ sở dữ liệu.,"Đồng bộ hai bảng bằng cách kết hợp INSERT, UPDATE (và có thể DELETE) dựa trên sự khớp mã khóa.",RESTORE DATABASE QuanlySV FROM DISK = 'C:\Backups\QuanlySV.bak' WITH REPLACE;,WITH REPLACE,1002,"Kho WH01 bị xóa, đồng thời tất cả các chuyến hàng có OriginWarehouseID = 'WH01' trong bảng SHIPMENT cũng tự động bị xóa.","S001', 'CSDL', 1, 4 tiếp theo chèn 'S001', 'CSDL', 1, 8",AI Vector Search vì truy vấn sử dụng ngữ nghĩa phi cấu trúc và đo độ tương đồng cosine qua embedding.,Đăng nhập bằng danh tính và chứng chỉ bảo mật của tài khoản hệ điều hành Windows hiện hành đang mở ứng dụng.,File kịch bản chứa các câu lệnh T-SQL (.sql) để tái tạo lược đồ (DDL) hoặc chèn dữ liệu (DML).,table,NVARCHAR,sp_help,ngoặc vuông,IDENTITY,cấp bảng,NO ACTION,đệ quy,DROP TABLE,CHECK,DEFAULT,DATETIME2,cha,con,ADD,ALTER COLUMN,mặc định,ISJSON,,duy nhất,TRUNCATE TABLE,khóa ngoại,CREATE DATABASE,.bak,REPLACE,tương đồng,đồng thời,cột tính toán,IF EXISTS,DATEDIFF,ON DELETE CASCADE,"Khởi đầu (Starter): Tự viết mã ban đầu, chỉ gọi AI khi gặp lỗi biên dịch hoặc bế tắc cú pháp.",Giải thích khái niệm lý thuyết và mô hình quan hệ (ERD),"Đọc hiểu kỹ, rà soát từng dòng, tự kiểm tra các trường hợp biên (Active Verification)",Rất thường xuyên xảy ra với bản thân tôi,3,Đưa ngay thông báo lỗi (Error message) cho AI để nhờ sửa hộ,Các câu trả lời giải thích bằng ngôn ngữ tự nhiên của Trợ lý AI,Tăng cường các bài kiểm tra vấn đáp trực tiếp / live-coding không dùng mạng,1,
9/7/2026 11:51:04,52500067@student.tdtu.edu.vn,29 / 30,Vũ Duy Mẫn,52500067,Nhóm 02 (Ca 2): thứ 2,Tôi đồng ý tham gia khảo sát và kiểm tra năng lực,Chuyển đổi ngữ cảnh làm việc (session context) hiện hành sang cơ sở dữ liệu QuanlySV.,"Là từ khóa phân tách các khối lệnh (batch separator) được tiện ích SSMS nhận diện, không phải câu lệnh SQL.","NOT NULL, UNIQUE và tự động tạo Clustered Index (mặc định trong SQL Server).",Quan hệ đệ quy (Self-referential) thông qua hai khóa ngoại cùng tham chiếu về một bảng cha.,KETQUA -> DIEUKIEN -> HOCPHAN -> SINHVIEN -> MONHOC -> KETQUA,Lệnh thất bại và báo lỗi vì thêm cột NOT NULL vào bảng đã có dữ liệu mà không có giá trị DEFAULT.,"Dữ liệu trên RAM bị mất hoàn toàn khi tắt tiến trình/mất điện, dễ cạn kiệt bộ nhớ (OOM) và gặp xung đột đồng thời (race condition).","Cột tính toán động (Computed Column), giá trị được sinh tự động từ biểu thức.",Đảm bảo chuỗi văn bản lưu trữ phải tuân thủ cấu trúc định dạng JSON hợp lệ.,Thêm một dòng vào bảng SINHVIEN với giá trị MAKHOA = 'LUAT' trong khi bảng KHOA chưa có mã này.,ALTER TABLE NHANVIEN DROP COLUMN DIENTHOAI;,"Khi cột đó đang bị ràng buộc bởi Primary Key, Foreign Key, CHECK hoặc DEFAULT chưa được drop.",Báo lỗi vi phạm ràng buộc tham chiếu và từ chối (rollback) thao tác xóa dòng ở bảng cha.,Lệnh thất bại với lỗi vi phạm ràng buộc do bảng MATHANG đang có khóa ngoại tham chiếu tới NHACUNGCAP.,"CHECK (DATEDIFF(YEAR, NGAYSINH, GETDATE()) BETWEEN 18 AND 60)","OrderDate = '2026-03-10', ShipDate = '2026-03-08', DeliveryDate = '2026-03-12'",Cho phép sử dụng mệnh đề mở rộng FROM TableA JOIN TableB ON ... ngay sau mệnh đề SET.,Để tuân thủ quy tắc xóa: phải xóa dữ liệu bảng con trước khi xóa bản ghi cha để tránh lỗi vi phạm khóa ngoại.,TRUNCATE TABLE table_name;,Bỏ qua lỗi thực thi và không dừng script nếu bảng chưa từng tồn tại trong cơ sở dữ liệu.,"Đồng bộ hai bảng bằng cách kết hợp INSERT, UPDATE (và có thể DELETE) dựa trên sự khớp mã khóa.","BACKUP DATABASE QuanlySV TO DISK = 'C:\Backups\QuanlySV.bak' WITH FORMAT, INIT;",WITH REPLACE,1003,"Kho WH01 bị xóa, đồng thời tất cả các chuyến hàng có OriginWarehouseID = 'WH01' trong bảng SHIPMENT cũng tự động bị xóa.","S001', 'CSDL', 1, 4 tiếp theo chèn 'S001', 'CSDL', 1, 8",AI Vector Search vì truy vấn sử dụng ngữ nghĩa phi cấu trúc và đo độ tương đồng cosine qua embedding.,Đăng nhập bằng danh tính và chứng chỉ bảo mật của tài khoản hệ điều hành Windows hiện hành đang mở ứng dụng.,File kịch bản chứa các câu lệnh T-SQL (.sql) để tái tạo lược đồ (DDL) hoặc chèn dữ liệu (DML).,table,NVARCHAR,sp_help, ',identity,constraint,no action,đệ quy,drop,check,default,datetime2,cha,con,add column,alter column,default,isjson(),duy nhất,merge,truncate,khóa ngoại,as snapshot of,.sql,replace,nhúng,truy xuất,cột tính toán,if exist,"datediff(year,...,...)",on delete cascade,"Thách thức (Challenger): Tự hoàn thiện giải pháp trước, sau đó dùng AI để kiểm chứng khả năng tối ưu.","Giải thích khái niệm lý thuyết và mô hình quan hệ (ERD), Tìm kiếm và sửa lỗi (Debug) các lỗi cú pháp hoặc lỗi vi phạm ràng buộc toàn vẹn","Đọc hiểu kỹ, rà soát từng dòng, tự kiểm tra các trường hợp biên (Active Verification)",Thỉnh thoảng có cảm giác này,1,Tự tra cứu tài liệu Lab Manual hoặc cấu trúc schema để tìm nguyên nhân gốc rễ,Sách hướng dẫn Lab thủ công (Lab Manual) chính thống của giảng viên,,2,"Em cảm thấy việc sử dụng AI khiến quá trình tích lũy kiến thức của mình khá mông lung và không nhận được sự thỏa mãn sau khi hoàn thành các bài tập. Khi cố gắng áp dụng AI vào học tập một cách lành mạnh, em nhận thấy AI có thể hữu ích cho việc Giải thích khái niệm, mặc dù đôi lúc vẫn hơi mơ hồ."
9/7/2026 11:55:08,52300067@student.tdtu.edu.vn,29 / 30,Lê Quốc Thống,52300067,Nhóm 02 (Ca 2): thứ 2,Tôi đồng ý tham gia khảo sát và kiểm tra năng lực,Chuyển đổi ngữ cảnh làm việc (session context) hiện hành sang cơ sở dữ liệu QuanlySV.,"Là từ khóa phân tách các khối lệnh (batch separator) được tiện ích SSMS nhận diện, không phải câu lệnh SQL.","NOT NULL, UNIQUE và tự động tạo Clustered Index (mặc định trong SQL Server).",Quan hệ đệ quy (Self-referential) thông qua hai khóa ngoại cùng tham chiếu về một bảng cha.,KETQUA -> DIEUKIEN -> HOCPHAN -> SINHVIEN -> MONHOC -> KETQUA,Lệnh thất bại và báo lỗi vì thêm cột NOT NULL vào bảng đã có dữ liệu mà không có giá trị DEFAULT.,"Dữ liệu trên RAM bị mất hoàn toàn khi tắt tiến trình/mất điện, dễ cạn kiệt bộ nhớ (OOM) và gặp xung đột đồng thời (race condition).","Cột tính toán động (Computed Column), giá trị được sinh tự động từ biểu thức.",Đảm bảo chuỗi văn bản lưu trữ phải tuân thủ cấu trúc định dạng JSON hợp lệ.,Thêm một dòng vào bảng SINHVIEN với giá trị MAKHOA = 'LUAT' trong khi bảng KHOA chưa có mã này.,ALTER TABLE NHANVIEN DROP COLUMN DIENTHOAI;,"Khi cột đó đang bị ràng buộc bởi Primary Key, Foreign Key, CHECK hoặc DEFAULT chưa được drop.",Báo lỗi vi phạm ràng buộc tham chiếu và từ chối (rollback) thao tác xóa dòng ở bảng cha.,Lệnh thất bại với lỗi vi phạm ràng buộc do bảng MATHANG đang có khóa ngoại tham chiếu tới NHACUNGCAP.,"CHECK (DATEDIFF(YEAR, NGAYSINH, GETDATE()) BETWEEN 18 AND 60)","OrderDate = '2026-03-10', ShipDate = '2026-03-08', DeliveryDate = '2026-03-12'",Cho phép sử dụng mệnh đề mở rộng FROM TableA JOIN TableB ON ... ngay sau mệnh đề SET.,Để tuân thủ quy tắc xóa: phải xóa dữ liệu bảng con trước khi xóa bản ghi cha để tránh lỗi vi phạm khóa ngoại.,TRUNCATE TABLE table_name;,Bỏ qua lỗi thực thi và không dừng script nếu bảng chưa từng tồn tại trong cơ sở dữ liệu.,"Đồng bộ hai bảng bằng cách kết hợp INSERT, UPDATE (và có thể DELETE) dựa trên sự khớp mã khóa.","BACKUP DATABASE QuanlySV TO DISK = 'C:\Backups\QuanlySV.bak' WITH FORMAT, INIT;",WITH REPLACE,1002,"Kho WH01 bị xóa, đồng thời tất cả các chuyến hàng có OriginWarehouseID = 'WH01' trong bảng SHIPMENT cũng tự động bị xóa.","S001', 'CSDL', 1, 4 tiếp theo chèn 'S001', 'CSDL', 1, 8",AI Vector Search vì truy vấn sử dụng ngữ nghĩa phi cấu trúc và đo độ tương đồng cosine qua embedding.,Đăng nhập bằng danh tính và chứng chỉ bảo mật của tài khoản hệ điều hành Windows hiện hành đang mở ứng dụng.,File kịch bản chứa các câu lệnh T-SQL (.sql) để tái tạo lược đồ (DDL) hoặc chèn dữ liệu (DML).,hierarchyid,NVARCHAR,,,IDENTITY,cuối bảng,NO ACTION,đệ quy,DROP,CHECK,,SMALLDATETIME,cha,con,ADD,ALTER COLUMN,DEFAULT,ISJSON,,MERGE,TRUNCATE,khóa ngoại,,.bak,WITH REPLACE,,đồng thời,,,DATEDIFF,CASCADE,"Thách thức (Challenger): Tự hoàn thiện giải pháp trước, sau đó dùng AI để kiểm chứng khả năng tối ưu.","Giải thích khái niệm lý thuyết và mô hình quan hệ (ERD), Tìm kiếm và sửa lỗi (Debug) các lỗi cú pháp hoặc lỗi vi phạm ràng buộc toàn vẹn, Hỗ trợ giải quyết các bài tập Homework/Assignment cá nhân","Đọc hiểu kỹ, rà soát từng dòng, tự kiểm tra các trường hợp biên (Active Verification)","Hầu như không xảy ra, tôi luôn phân biệt rõ ràng giữa việc hiểu và việc dùng AI",3,Tự tra cứu tài liệu Lab Manual hoặc cấu trúc schema để tìm nguyên nhân gốc rễ,Tài liệu kỹ thuật chính thức (Microsoft SQL Server Documentation / TechNet),"Áp dụng giai đoạn đầu không dùng AI, sau đó mới mở rộng cho phép dùng AI, Tăng cường các bài kiểm tra vấn đáp trực tiếp / live-coding không dùng mạng, Đưa các tình huống gỡ lỗi mã AI sai vào nội dung bài tập thực hành trên lớp",3,
9/7/2026 11:28:22,52500095@student.tdtu.edu.vn,28 / 30,Trương Đình Thống,52500095,Nhóm 02 (Ca 2): thứ 2,Tôi đồng ý tham gia khảo sát và kiểm tra năng lực,Chuyển đổi ngữ cảnh làm việc (session context) hiện hành sang cơ sở dữ liệu QuanlySV.,"Là từ khóa phân tách các khối lệnh (batch separator) được tiện ích SSMS nhận diện, không phải câu lệnh SQL.","NOT NULL, UNIQUE và tự động tạo Clustered Index (mặc định trong SQL Server).",Quan hệ đệ quy (Self-referential) thông qua hai khóa ngoại cùng tham chiếu về một bảng cha.,MONHOC -> DIEUKIEN -> HOCPHAN -> KHOA -> SINHVIEN -> KETQUA,Lệnh thực thi thành công và các dòng hiện có nhận giá trị chuỗi rỗng ''.,"Dữ liệu trên RAM bị mất hoàn toàn khi tắt tiến trình/mất điện, dễ cạn kiệt bộ nhớ (OOM) và gặp xung đột đồng thời (race condition).","Cột tính toán động (Computed Column), giá trị được sinh tự động từ biểu thức.",Đảm bảo chuỗi văn bản lưu trữ phải tuân thủ cấu trúc định dạng JSON hợp lệ.,Thêm một dòng vào bảng SINHVIEN với giá trị MAKHOA = 'LUAT' trong khi bảng KHOA chưa có mã này.,ALTER TABLE NHANVIEN DROP COLUMN DIENTHOAI;,"Khi cột đó đang bị ràng buộc bởi Primary Key, Foreign Key, CHECK hoặc DEFAULT chưa được drop.",Báo lỗi vi phạm ràng buộc tham chiếu và từ chối (rollback) thao tác xóa dòng ở bảng cha.,Lệnh thất bại với lỗi vi phạm ràng buộc do bảng MATHANG đang có khóa ngoại tham chiếu tới NHACUNGCAP.,"CHECK (DATEDIFF(YEAR, NGAYSINH, GETDATE()) BETWEEN 18 AND 60)","OrderDate = '2026-03-10', ShipDate = '2026-03-08', DeliveryDate = '2026-03-12'",Cho phép sử dụng mệnh đề mở rộng FROM TableA JOIN TableB ON ... ngay sau mệnh đề SET.,Để tuân thủ quy tắc xóa: phải xóa dữ liệu bảng con trước khi xóa bản ghi cha để tránh lỗi vi phạm khóa ngoại.,TRUNCATE TABLE table_name;,Bỏ qua lỗi thực thi và không dừng script nếu bảng chưa từng tồn tại trong cơ sở dữ liệu.,"Đồng bộ hai bảng bằng cách kết hợp INSERT, UPDATE (và có thể DELETE) dựa trên sự khớp mã khóa.","BACKUP DATABASE QuanlySV TO DISK = 'C:\Backups\QuanlySV.bak' WITH FORMAT, INIT;",WITH REPLACE,1002,"Kho WH01 bị xóa, đồng thời tất cả các chuyến hàng có OriginWarehouseID = 'WH01' trong bảng SHIPMENT cũng tự động bị xóa.","S001', 'CSDL', 1, 4 tiếp theo chèn 'S001', 'CSDL', 1, 8",AI Vector Search vì truy vấn sử dụng ngữ nghĩa phi cấu trúc và đo độ tương đồng cosine qua embedding.,Đăng nhập bằng danh tính và chứng chỉ bảo mật của tài khoản hệ điều hành Windows hiện hành đang mở ứng dụng.,File kịch bản chứa các câu lệnh T-SQL (.sql) để tái tạo lược đồ (DDL) hoặc chèn dữ liệu (DML).,table,NVARCHAR,EXEC,NGOẶC VUÔNG,IDENTITY,Table level,NO ACTION,Self-referential,DROP TABLE,CHECK CONSTRAINT,DEFAULT CONSTRAINT ,DATETIME2,Cha,Con,ADD,ALTER COLUMN,DEFAULT ,ISJSON,UNIQUE,MERGE,TRUNCATE TABLE,KHÓA NGOẠI,BACKUP DATABASE,.bak,WITH REPLACE,EMBEDDING,ĐỒNG THỜI ,CỘT TÍNH TOÁN,IF EXISTS,DATEDIFF,ON DELETE CASCADE,"Tinh chỉnh (Fine-tuner): Tự viết phần lớn, chỉ dùng AI để định dạng hoặc tối ưu hóa cục bộ.","Giải thích khái niệm lý thuyết và mô hình quan hệ (ERD), Tìm kiếm và sửa lỗi (Debug) các lỗi cú pháp hoặc lỗi vi phạm ràng buộc toàn vẹn, Hỗ trợ giải quyết các bài tập Homework/Assignment cá nhân","Đọc hiểu kỹ, rà soát từng dòng, tự kiểm tra các trường hợp biên (Active Verification)",Thỉnh thoảng có cảm giác này,3,Tự tra cứu tài liệu Lab Manual hoặc cấu trúc schema để tìm nguyên nhân gốc rễ,Sách hướng dẫn Lab thủ công (Lab Manual) chính thống của giảng viên,"Áp dụng giai đoạn đầu không dùng AI, sau đó mới mở rộng cho phép dùng AI, Tăng cường các bài kiểm tra vấn đáp trực tiếp / live-coding không dùng mạng, Đưa các tình huống gỡ lỗi mã AI sai vào nội dung bài tập thực hành trên lớp",4,Em không có ý kiến
9/7/2026 11:31:37,52500115@student.tdtu.edu.vn,28 / 30,Phan Quốc Việt,52500115,Nhóm 02 (Ca 2): thứ 2,Tôi đồng ý tham gia khảo sát và kiểm tra năng lực,Chuyển đổi ngữ cảnh làm việc (session context) hiện hành sang cơ sở dữ liệu QuanlySV.,"Là từ khóa phân tách các khối lệnh (batch separator) được tiện ích SSMS nhận diện, không phải câu lệnh SQL.","NOT NULL, UNIQUE và tự động tạo Clustered Index (mặc định trong SQL Server).",Quan hệ đệ quy (Self-referential) thông qua hai khóa ngoại cùng tham chiếu về một bảng cha.,MONHOC -> DIEUKIEN -> HOCPHAN -> KHOA -> SINHVIEN -> KETQUA,Lệnh thất bại và báo lỗi vì thêm cột NOT NULL vào bảng đã có dữ liệu mà không có giá trị DEFAULT.,"Dữ liệu trên RAM bị mất hoàn toàn khi tắt tiến trình/mất điện, dễ cạn kiệt bộ nhớ (OOM) và gặp xung đột đồng thời (race condition).","Cột tính toán động (Computed Column), giá trị được sinh tự động từ biểu thức.",Đảm bảo chuỗi văn bản lưu trữ phải tuân thủ cấu trúc định dạng JSON hợp lệ.,Thêm một dòng vào bảng SINHVIEN với giá trị MAKHOA = 'LUAT' trong khi bảng KHOA chưa có mã này.,ALTER TABLE NHANVIEN DROP COLUMN DIENTHOAI;,"Khi cột đó đang bị ràng buộc bởi Primary Key, Foreign Key, CHECK hoặc DEFAULT chưa được drop.",Báo lỗi vi phạm ràng buộc tham chiếu và từ chối (rollback) thao tác xóa dòng ở bảng cha.,Lệnh thất bại với lỗi vi phạm ràng buộc do bảng MATHANG đang có khóa ngoại tham chiếu tới NHACUNGCAP.,"CHECK (DATEDIFF(YEAR, NGAYSINH, GETDATE()) BETWEEN 18 AND 60)","OrderDate = '2026-03-10', ShipDate = '2026-03-08', DeliveryDate = '2026-03-12'",Cho phép sử dụng mệnh đề mở rộng FROM TableA JOIN TableB ON ... ngay sau mệnh đề SET.,Để tuân thủ quy tắc xóa: phải xóa dữ liệu bảng con trước khi xóa bản ghi cha để tránh lỗi vi phạm khóa ngoại.,TRUNCATE TABLE table_name;,Bỏ qua lỗi thực thi và không dừng script nếu bảng chưa từng tồn tại trong cơ sở dữ liệu.,"Đồng bộ hai bảng bằng cách kết hợp INSERT, UPDATE (và có thể DELETE) dựa trên sự khớp mã khóa.","BACKUP DATABASE QuanlySV TO DISK = 'C:\Backups\QuanlySV.bak' WITH FORMAT, INIT;",WITH REPLACE,3,"Kho WH01 bị xóa, đồng thời tất cả các chuyến hàng có OriginWarehouseID = 'WH01' trong bảng SHIPMENT cũng tự động bị xóa.","S001', 'CSDL', 1, 4 tiếp theo chèn 'S001', 'CSDL', 1, 8",AI Vector Search vì truy vấn sử dụng ngữ nghĩa phi cấu trúc và đo độ tương đồng cosine qua embedding.,Đăng nhập bằng danh tính và chứng chỉ bảo mật của tài khoản hệ điều hành Windows hiện hành đang mở ứng dụng.,File kịch bản chứa các câu lệnh T-SQL (.sql) để tái tạo lược đồ (DDL) hoặc chèn dữ liệu (DML).,table,NVARCHAR,EXAC sp_help 'tên table',[ ],IDENTITY,Mức bảng,NO ACTION,tự tham chiếu ,DROP TABLE,CHECK (...BETWEEN...),,DATETIME2,cha,con,ADD,ALTER COLLUM,DEFAULT,,UNIQUE,MERGE,TRUNCATE,FOREIGN KEY,BACKUP DATABASE,.bak,WITH REPLACE,search,thứ tự,,,DATEDIFF(),ON DELETE CASCADE,"Thách thức (Challenger): Tự hoàn thiện giải pháp trước, sau đó dùng AI để kiểm chứng khả năng tối ưu.","Giải thích khái niệm lý thuyết và mô hình quan hệ (ERD), Tìm kiếm và sửa lỗi (Debug) các lỗi cú pháp hoặc lỗi vi phạm ràng buộc toàn vẹn","Đọc hiểu kỹ, rà soát từng dòng, tự kiểm tra các trường hợp biên (Active Verification)",Thỉnh thoảng có cảm giác này,3,Tự tra cứu tài liệu Lab Manual hoặc cấu trúc schema để tìm nguyên nhân gốc rễ,Sách hướng dẫn Lab thủ công (Lab Manual) chính thống của giảng viên,"Áp dụng giai đoạn đầu không dùng AI, sau đó mới mở rộng cho phép dùng AI, Tăng cường các bài kiểm tra vấn đáp trực tiếp / live-coding không dùng mạng, Đưa các tình huống gỡ lỗi mã AI sai vào nội dung bài tập thực hành trên lớp",4,Theo em AI chỉ nên là công cụ hỗ trợ gợi ý giải pháp đồng thời cũng là công cụ giải đáp một số thắc về các nội dung bài học
9/7/2026 11:52:51,52500086@student.tdtu.edu.vn,28 / 30,Doãn Tùng Sơn,52500086,Nhóm 02 (Ca 2): thứ 2,Tôi đồng ý tham gia khảo sát và kiểm tra năng lực,Chuyển đổi ngữ cảnh làm việc (session context) hiện hành sang cơ sở dữ liệu QuanlySV.,"Là từ khóa phân tách các khối lệnh (batch separator) được tiện ích SSMS nhận diện, không phải câu lệnh SQL.","NOT NULL, UNIQUE và tự động tạo Clustered Index (mặc định trong SQL Server).",Quan hệ đệ quy (Self-referential) thông qua hai khóa ngoại cùng tham chiếu về một bảng cha.,KHOA -> SINHVIEN -> MONHOC -> KETQUA -> HOCPHAN -> DIEUKIEN,Lệnh thất bại và báo lỗi vì thêm cột NOT NULL vào bảng đã có dữ liệu mà không có giá trị DEFAULT.,"Dữ liệu trên RAM bị mất hoàn toàn khi tắt tiến trình/mất điện, dễ cạn kiệt bộ nhớ (OOM) và gặp xung đột đồng thời (race condition).","Cột tính toán động (Computed Column), giá trị được sinh tự động từ biểu thức.",Đảm bảo chuỗi văn bản lưu trữ phải tuân thủ cấu trúc định dạng JSON hợp lệ.,Thêm một dòng vào bảng SINHVIEN với giá trị MAKHOA = 'LUAT' trong khi bảng KHOA chưa có mã này.,ALTER TABLE NHANVIEN DROP COLUMN DIENTHOAI;,"Khi cột đó đang bị ràng buộc bởi Primary Key, Foreign Key, CHECK hoặc DEFAULT chưa được drop.",Báo lỗi vi phạm ràng buộc tham chiếu và từ chối (rollback) thao tác xóa dòng ở bảng cha.,Lệnh thất bại với lỗi vi phạm ràng buộc do bảng MATHANG đang có khóa ngoại tham chiếu tới NHACUNGCAP.,"CHECK (DATEDIFF(YEAR, NGAYSINH, GETDATE()) BETWEEN 18 AND 60)","OrderDate = '2026-03-10', ShipDate = '2026-03-08', DeliveryDate = '2026-03-12'",Cho phép sử dụng mệnh đề mở rộng FROM TableA JOIN TableB ON ... ngay sau mệnh đề SET.,Để tuân thủ quy tắc xóa: phải xóa dữ liệu bảng con trước khi xóa bản ghi cha để tránh lỗi vi phạm khóa ngoại.,TRUNCATE TABLE table_name;,Bỏ qua lỗi thực thi và không dừng script nếu bảng chưa từng tồn tại trong cơ sở dữ liệu.,"Đồng bộ hai bảng bằng cách kết hợp INSERT, UPDATE (và có thể DELETE) dựa trên sự khớp mã khóa.","BACKUP DATABASE QuanlySV TO DISK = 'C:\Backups\QuanlySV.bak' WITH FORMAT, INIT;",WITH REPLACE,1003,"Kho WH01 bị xóa, đồng thời tất cả các chuyến hàng có OriginWarehouseID = 'WH01' trong bảng SHIPMENT cũng tự động bị xóa.","S001', 'CSDL', 1, 4 tiếp theo chèn 'S001', 'CSDL', 1, 8",AI Vector Search vì truy vấn sử dụng ngữ nghĩa phi cấu trúc và đo độ tương đồng cosine qua embedding.,Đăng nhập bằng danh tính và chứng chỉ bảo mật của tài khoản hệ điều hành Windows hiện hành đang mở ứng dụng.,File kịch bản chứa các câu lệnh T-SQL (.sql) để tái tạo lược đồ (DDL) hoặc chèn dữ liệu (DML).,table,nvarchar,sp_help, [ ],identity,table level,,,,check,default,datatime2,cha,con,add,,,,,,,foreign key,,,,,,,,,,"Điều hướng (Navigator): Đối thoại liên tục từng bước nhỏ, xây dựng giải pháp qua gợi ý của AI (lập trình cặp).","Giải thích khái niệm lý thuyết và mô hình quan hệ (ERD), Sinh mã lệnh DDL/DML tự động (CREATE TABLE, ALTER, INSERT, UPDATE), Tìm kiếm và sửa lỗi (Debug) các lỗi cú pháp hoặc lỗi vi phạm ràng buộc toàn vẹn, Hỗ trợ giải quyết các bài tập Homework/Assignment cá nhân","Đọc hiểu kỹ, rà soát từng dòng, tự kiểm tra các trường hợp biên (Active Verification)",Thỉnh thoảng có cảm giác này,3,Tự tra cứu tài liệu Lab Manual hoặc cấu trúc schema để tìm nguyên nhân gốc rễ,Tài liệu kỹ thuật chính thức (Microsoft SQL Server Documentation / TechNet),"Áp dụng giai đoạn đầu không dùng AI, sau đó mới mở rộng cho phép dùng AI, Tăng cường các bài kiểm tra vấn đáp trực tiếp / live-coding không dùng mạng, Đưa các tình huống gỡ lỗi mã AI sai vào nội dung bài tập thực hành trên lớp",4,giúp hỗ trợ trong việc học rất tốt
9/7/2026 9:58:41,52500220@student.tdtu.edu.vn,27 / 30,Đinh Tuấn Anh,52500220,Nhóm 02 (Ca 2): thứ 2,Tôi đồng ý tham gia khảo sát và kiểm tra năng lực,Chuyển đổi ngữ cảnh làm việc (session context) hiện hành sang cơ sở dữ liệu QuanlySV.,Là trigger tự động thực thi các ràng buộc toàn vẹn khóa ngoại.,"NOT NULL, UNIQUE và tự động tạo Clustered Index (mặc định trong SQL Server).",Quan hệ đệ quy (Self-referential) thông qua hai khóa ngoại cùng tham chiếu về một bảng cha.,KETQUA -> DIEUKIEN -> HOCPHAN -> SINHVIEN -> MONHOC -> KETQUA,Lệnh thất bại và báo lỗi vì thêm cột NOT NULL vào bảng đã có dữ liệu mà không có giá trị DEFAULT.,"Dữ liệu trên RAM bị mất hoàn toàn khi tắt tiến trình/mất điện, dễ cạn kiệt bộ nhớ (OOM) và gặp xung đột đồng thời (race condition).","Cột tính toán động (Computed Column), giá trị được sinh tự động từ biểu thức.",Đảm bảo chuỗi văn bản lưu trữ phải tuân thủ cấu trúc định dạng JSON hợp lệ.,Thêm một dòng vào bảng SINHVIEN với giá trị MAKHOA = 'LUAT' trong khi bảng KHOA chưa có mã này.,ALTER TABLE NHANVIEN DROP COLUMN DIENTHOAI;,"Khi cột đó đang bị ràng buộc bởi Primary Key, Foreign Key, CHECK hoặc DEFAULT chưa được drop.",Báo lỗi vi phạm ràng buộc tham chiếu và từ chối (rollback) thao tác xóa dòng ở bảng cha.,Lệnh thất bại với lỗi vi phạm ràng buộc do bảng MATHANG đang có khóa ngoại tham chiếu tới NHACUNGCAP.,"CHECK (DATEDIFF(YEAR, NGAYSINH, GETDATE()) BETWEEN 18 AND 60)","OrderDate = '2026-03-10', ShipDate = '2026-03-08', DeliveryDate = '2026-03-12'",Cho phép sử dụng mệnh đề mở rộng FROM TableA JOIN TableB ON ... ngay sau mệnh đề SET.,Để tuân thủ quy tắc xóa: phải xóa dữ liệu bảng con trước khi xóa bản ghi cha để tránh lỗi vi phạm khóa ngoại.,TRUNCATE TABLE table_name;,Bỏ qua lỗi thực thi và không dừng script nếu bảng chưa từng tồn tại trong cơ sở dữ liệu.,"Đồng bộ hai bảng bằng cách kết hợp INSERT, UPDATE (và có thể DELETE) dựa trên sự khớp mã khóa.","BACKUP DATABASE QuanlySV TO DISK = 'C:\Backups\QuanlySV.bak' WITH FORMAT, INIT;",WITH REPLACE,1002,"Kho WH01 bị xóa, đồng thời tất cả các chuyến hàng có OriginWarehouseID = 'WH01' trong bảng SHIPMENT cũng tự động bị xóa.","S001', 'CSDL', 1, 4 tiếp theo chèn 'S002', 'CSDL', 1, 4",AI Vector Search vì truy vấn sử dụng ngữ nghĩa phi cấu trúc và đo độ tương đồng cosine qua embedding.,Đăng nhập bằng danh tính và chứng chỉ bảo mật của tài khoản hệ điều hành Windows hiện hành đang mở ứng dụng.,File kịch bản chứa các câu lệnh T-SQL (.sql) để tái tạo lược đồ (DDL) hoặc chèn dữ liệu (DML).,hierarchyid,NVARCHAR,HELP,[ ],IDENTITY,MỨC BẢNG,NO ACTION,ĐỆ QUY,DROP TABLE,CHECK,DÈAULT,DATETIME2,CHA,CON,ADD,ALTER COLUMN,MẶC ĐỊNH,ISJSON,DUY NHẤT,MẺGE,TRUNCATE TABLE,KHÓA NGOẠI,BACKUP DÂTBASEB,BAK,WITH REPLACE,EMBEDDING,,,IF EXISTS,DATEDIFF,CASCADE,"Điều hướng (Navigator): Đối thoại liên tục từng bước nhỏ, xây dựng giải pháp qua gợi ý của AI (lập trình cặp).",Tìm kiếm và sửa lỗi (Debug) các lỗi cú pháp hoặc lỗi vi phạm ràng buộc toàn vẹn,"Đọc hiểu kỹ, rà soát từng dòng, tự kiểm tra các trường hợp biên (Active Verification)",Thỉnh thoảng có cảm giác này,3,Tự tra cứu tài liệu Lab Manual hoặc cấu trúc schema để tìm nguyên nhân gốc rễ,Tài liệu kỹ thuật chính thức (Microsoft SQL Server Documentation / TechNet),Đưa các tình huống gỡ lỗi mã AI sai vào nội dung bài tập thực hành trên lớp,4,
9/7/2026 10:11:26,52400076@student.tdtu.edu.vn,27 / 30,Trần Phú Khánh,52400076,Nhóm 02 (Ca 2): thứ 2,Tôi đồng ý tham gia khảo sát và kiểm tra năng lực,Chuyển đổi ngữ cảnh làm việc (session context) hiện hành sang cơ sở dữ liệu QuanlySV.,"Là từ khóa phân tách các khối lệnh (batch separator) được tiện ích SSMS nhận diện, không phải câu lệnh SQL.","NOT NULL, UNIQUE và tự động tạo Clustered Index (mặc định trong SQL Server).",Quan hệ đệ quy (Self-referential) thông qua hai khóa ngoại cùng tham chiếu về một bảng cha.,SINHVIEN -> KHOA -> HOCPHAN -> MONHOC -> KETQUA -> DIEUKIEN,Lệnh thất bại và báo lỗi vì thêm cột NOT NULL vào bảng đã có dữ liệu mà không có giá trị DEFAULT.,"Dữ liệu trên RAM bị mất hoàn toàn khi tắt tiến trình/mất điện, dễ cạn kiệt bộ nhớ (OOM) và gặp xung đột đồng thời (race condition).","Cột tính toán động (Computed Column), giá trị được sinh tự động từ biểu thức.",Đảm bảo chuỗi văn bản lưu trữ phải tuân thủ cấu trúc định dạng JSON hợp lệ.,Thêm một dòng vào bảng SINHVIEN với giá trị MAKHOA = 'LUAT' trong khi bảng KHOA chưa có mã này.,ALTER TABLE NHANVIEN DROP COLUMN DIENTHOAI;,"Khi cột đó đang bị ràng buộc bởi Primary Key, Foreign Key, CHECK hoặc DEFAULT chưa được drop.",Báo lỗi vi phạm ràng buộc tham chiếu và từ chối (rollback) thao tác xóa dòng ở bảng cha.,Lệnh thất bại với lỗi vi phạm ràng buộc do bảng MATHANG đang có khóa ngoại tham chiếu tới NHACUNGCAP.,"CHECK (DATEDIFF(YEAR, NGAYSINH, GETDATE()) BETWEEN 18 AND 60)","OrderDate = '2026-03-10', ShipDate = '2026-03-08', DeliveryDate = '2026-03-12'",Cho phép sử dụng mệnh đề mở rộng FROM TableA JOIN TableB ON ... ngay sau mệnh đề SET.,Để tuân thủ quy tắc xóa: phải xóa dữ liệu bảng con trước khi xóa bản ghi cha để tránh lỗi vi phạm khóa ngoại.,TRUNCATE TABLE table_name;,Bỏ qua lỗi thực thi và không dừng script nếu bảng chưa từng tồn tại trong cơ sở dữ liệu.,"Đồng bộ hai bảng bằng cách kết hợp INSERT, UPDATE (và có thể DELETE) dựa trên sự khớp mã khóa.","BACKUP DATABASE QuanlySV TO DISK = 'C:\Backups\QuanlySV.bak' WITH FORMAT, INIT;",WITH REPLACE,1002,"Kho WH01 bị xóa, đồng thời tất cả các chuyến hàng có OriginWarehouseID = 'WH01' trong bảng SHIPMENT cũng tự động bị xóa.","S001', 'CSDL', 1, 4 tiếp theo chèn 'S001', 'CSDL', 2, 7",AI Vector Search vì truy vấn sử dụng ngữ nghĩa phi cấu trúc và đo độ tương đồng cosine qua embedding.,Đăng nhập bằng danh tính và chứng chỉ bảo mật của tài khoản hệ điều hành Windows hiện hành đang mở ứng dụng.,File kịch bản chứa các câu lệnh T-SQL (.sql) để tái tạo lược đồ (DDL) hoặc chèn dữ liệu (DML).,binary,NVARCHAR,sp_help,ngoặc vuông,IDENTITY,table level,No ACTION,đệ quy,DROP TABLE,CHECK,DEFAULT,DATETIME2,cha,con,ADD,ALTER COLUMN,DEFAULT,ISJSON,duy nhất,MERGE,TRUNCATE TABLE,FOREIGN KEY,BACKUP DATABASE,.bak,REPLACE,embedding,tranh chấp,cột tính toán,IF EXISTS,DATEDIFF,ON DELETE CASCADE,"Thách thức (Challenger): Tự hoàn thiện giải pháp trước, sau đó dùng AI để kiểm chứng khả năng tối ưu.","Giải thích khái niệm lý thuyết và mô hình quan hệ (ERD), Tìm kiếm và sửa lỗi (Debug) các lỗi cú pháp hoặc lỗi vi phạm ràng buộc toàn vẹn","Đọc hiểu kỹ, rà soát từng dòng, tự kiểm tra các trường hợp biên (Active Verification)","Hầu như không xảy ra, tôi luôn phân biệt rõ ràng giữa việc hiểu và việc dùng AI",3,Tự tra cứu tài liệu Lab Manual hoặc cấu trúc schema để tìm nguyên nhân gốc rễ,Sách hướng dẫn Lab thủ công (Lab Manual) chính thống của giảng viên,"Áp dụng giai đoạn đầu không dùng AI, sau đó mới mở rộng cho phép dùng AI",5,"AI nên là một công cụ giúp hỗ trợ tìm kiếm tài liệu và học tập, còn việc thực hành và nâng cao trình độ bản thân thông qua code và rà lỗi vẫn là nên tự lực bản thân. Chỉ dùng AI khi thật sự hiểu vấn đề bài toán cần giải quyết là gì, và AI sẽ cho ra code như thế nào, và có thể sửa lại trực tiếp code của AI. AI chỉ nên có vai trò giúp code nhanh hơn và rà lỗi nhanh hơn, chứ k nên là người giải quyết vấn đề bài toán"
9/7/2026 10:24:36,52200232@student.tdtu.edu.vn,26 / 30,Châu Ngọc Đăng Khoa,52200232,Nhóm 02 (Ca 2): thứ 2,Tôi đồng ý tham gia khảo sát và kiểm tra năng lực,Chuyển đổi ngữ cảnh làm việc (session context) hiện hành sang cơ sở dữ liệu QuanlySV.,"Là từ khóa phân tách các khối lệnh (batch separator) được tiện ích SSMS nhận diện, không phải câu lệnh SQL.","NOT NULL, UNIQUE và tự động tạo Clustered Index (mặc định trong SQL Server).",Quan hệ đệ quy (Self-referential) thông qua hai khóa ngoại cùng tham chiếu về một bảng cha.,KETQUA -> DIEUKIEN -> HOCPHAN -> SINHVIEN -> MONHOC -> KETQUA,Lệnh thất bại và báo lỗi vì thêm cột NOT NULL vào bảng đã có dữ liệu mà không có giá trị DEFAULT.,"Dữ liệu trên RAM bị mất hoàn toàn khi tắt tiến trình/mất điện, dễ cạn kiệt bộ nhớ (OOM) và gặp xung đột đồng thời (race condition).","Cột tính toán động (Computed Column), giá trị được sinh tự động từ biểu thức.",Đảm bảo chuỗi văn bản lưu trữ phải tuân thủ cấu trúc định dạng JSON hợp lệ.,Thêm một dòng vào bảng SINHVIEN với giá trị MAKHOA = 'LUAT' trong khi bảng KHOA chưa có mã này.,ALTER TABLE NHANVIEN DROP COLUMN DIENTHOAI;,"Khi cột đó đang bị ràng buộc bởi Primary Key, Foreign Key, CHECK hoặc DEFAULT chưa được drop.",Báo lỗi vi phạm ràng buộc tham chiếu và từ chối (rollback) thao tác xóa dòng ở bảng cha.,Lệnh thất bại với lỗi vi phạm ràng buộc do bảng MATHANG đang có khóa ngoại tham chiếu tới NHACUNGCAP.,"CHECK (DATEDIFF(YEAR, NGAYSINH, GETDATE()) BETWEEN 18 AND 60)","OrderDate = '2026-03-10', ShipDate = '2026-03-08', DeliveryDate = '2026-03-12'",Cho phép sử dụng mệnh đề mở rộng FROM TableA JOIN TableB ON ... ngay sau mệnh đề SET.,Để tuân thủ quy tắc xóa: phải xóa dữ liệu bảng con trước khi xóa bản ghi cha để tránh lỗi vi phạm khóa ngoại.,TRUNCATE TABLE table_name;,Bỏ qua lỗi thực thi và không dừng script nếu bảng chưa từng tồn tại trong cơ sở dữ liệu.,"Đồng bộ hai bảng bằng cách kết hợp INSERT, UPDATE (và có thể DELETE) dựa trên sự khớp mã khóa.",EXPORT DATABASE QuanlySV TO 'C:\Backups\QuanlySV.bak';,WITH REPLACE,1003,"Kho WH01 bị xóa, đồng thời tất cả các chuyến hàng có OriginWarehouseID = 'WH01' trong bảng SHIPMENT cũng tự động bị xóa.","S001', 'CSDL', 1, 4 tiếp theo chèn 'S001', 'CSDL', 1, 8",Exact SQL Search vì dùng toán tử WHERE Content = 'B-Tree'.,Đăng nhập bằng danh tính và chứng chỉ bảo mật của tài khoản hệ điều hành Windows hiện hành đang mở ứng dụng.,File kịch bản chứa các câu lệnh T-SQL (.sql) để tái tạo lược đồ (DDL) hoặc chèn dữ liệu (DML).,binary,NVACHAR,sp_help,,IDENTITY,primary key,no action,,DROP TABLE,CHECK,DEFAULT,,cha,con,ADD,ALTER COLUMN,DEFAULT,ISJSON,UNIQUE,MERGE,TRUNCATE TABLE,FOREIGN KEY,SNAPSHOT,.bak,REPLACE,EMBEDDING,race,,EXISTS,DATEDIFF,CASDADE,"Điều hướng (Navigator): Đối thoại liên tục từng bước nhỏ, xây dựng giải pháp qua gợi ý của AI (lập trình cặp).","Giải thích khái niệm lý thuyết và mô hình quan hệ (ERD), Tìm kiếm và sửa lỗi (Debug) các lỗi cú pháp hoặc lỗi vi phạm ràng buộc toàn vẹn",Chạy thử nghiệm (Run/Test) trên SSMS xem có báo lỗi không rồi nộp,"Hầu như không xảy ra, tôi luôn phân biệt rõ ràng giữa việc hiểu và việc dùng AI",2,Thử nghiệm ngẫu nhiên các câu lệnh vô hiệu hóa kiểm tra cho đến khi chạy được,Sách hướng dẫn Lab thủ công (Lab Manual) chính thống của giảng viên,"Áp dụng giai đoạn đầu không dùng AI, sau đó mới mở rộng cho phép dùng AI",4,
9/7/2026 11:19:58,52500058@student.tdtu.edu.vn,26 / 30,Lê Minh Khánh,52500058,Nhóm 02 (Ca 2): thứ 2,Tôi đồng ý tham gia khảo sát và kiểm tra năng lực,Chuyển đổi ngữ cảnh làm việc (session context) hiện hành sang cơ sở dữ liệu QuanlySV.,"Là từ khóa phân tách các khối lệnh (batch separator) được tiện ích SSMS nhận diện, không phải câu lệnh SQL.","NOT NULL, UNIQUE và tự động tạo Clustered Index (mặc định trong SQL Server).",Quan hệ đệ quy (Self-referential) thông qua hai khóa ngoại cùng tham chiếu về một bảng cha.,KETQUA -> DIEUKIEN -> HOCPHAN -> SINHVIEN -> MONHOC -> KETQUA,Lệnh thất bại và báo lỗi vì thêm cột NOT NULL vào bảng đã có dữ liệu mà không có giá trị DEFAULT.,"Dữ liệu trên RAM bị mất hoàn toàn khi tắt tiến trình/mất điện, dễ cạn kiệt bộ nhớ (OOM) và gặp xung đột đồng thời (race condition).","Cột tính toán động (Computed Column), giá trị được sinh tự động từ biểu thức.",Đảm bảo chuỗi văn bản lưu trữ phải tuân thủ cấu trúc định dạng JSON hợp lệ.,Thêm một dòng vào bảng SINHVIEN với giá trị MAKHOA = 'LUAT' trong khi bảng KHOA chưa có mã này.,ALTER TABLE NHANVIEN DELETE COLUMN DIENTHOAI;,"Khi cột đó đang bị ràng buộc bởi Primary Key, Foreign Key, CHECK hoặc DEFAULT chưa được drop.",Báo lỗi vi phạm ràng buộc tham chiếu và từ chối (rollback) thao tác xóa dòng ở bảng cha.,Lệnh thất bại với lỗi vi phạm ràng buộc do bảng MATHANG đang có khóa ngoại tham chiếu tới NHACUNGCAP.,"CHECK (DATEDIFF(YEAR, NGAYSINH, GETDATE()) BETWEEN 18 AND 60)","OrderDate = '2026-03-10', ShipDate = '2026-03-08', DeliveryDate = '2026-03-12'",Cho phép sử dụng mệnh đề mở rộng FROM TableA JOIN TableB ON ... ngay sau mệnh đề SET.,Để tuân thủ quy tắc xóa: phải xóa dữ liệu bảng con trước khi xóa bản ghi cha để tránh lỗi vi phạm khóa ngoại.,TRUNCATE TABLE table_name;,Bỏ qua lỗi thực thi và không dừng script nếu bảng chưa từng tồn tại trong cơ sở dữ liệu.,"Đồng bộ hai bảng bằng cách kết hợp INSERT, UPDATE (và có thể DELETE) dựa trên sự khớp mã khóa.","BACKUP DATABASE QuanlySV TO DISK = 'C:\Backups\QuanlySV.bak' WITH FORMAT, INIT;",WITH NORECOVERY,1003,"Kho WH01 bị xóa, đồng thời tất cả các chuyến hàng có OriginWarehouseID = 'WH01' trong bảng SHIPMENT cũng tự động bị xóa.","S001', 'CSDL', 1, 4 tiếp theo chèn 'S001', 'CSDL', 1, 8",AI Vector Search vì truy vấn sử dụng ngữ nghĩa phi cấu trúc và đo độ tương đồng cosine qua embedding.,Đăng nhập bằng danh tính và chứng chỉ bảo mật của tài khoản hệ điều hành Windows hiện hành đang mở ứng dụng.,File kịch bản chứa các câu lệnh T-SQL (.sql) để tái tạo lược đồ (DDL) hoặc chèn dữ liệu (DML).,uniqueidentifier,NVARCHAR,sp_help,ngoặc vuông,IDENTITY,table level,NO ACTION,đệ quy,DROP TABLE,CHECK,DEFAULT,DATETIME2,bảng cha,bảng con,ADD,ALTER COLUMN,mặc định,ISJSON,duy nhất,MERGE,TRUNCATE TABLE,khóa ngoại,BACKUP DATABASE,.bak,,,,,,,,"Khởi đầu (Starter): Tự viết mã ban đầu, chỉ gọi AI khi gặp lỗi biên dịch hoặc bế tắc cú pháp.",Giải thích khái niệm lý thuyết và mô hình quan hệ (ERD),Sao chép và dán (Copy-paste) thẳng vào bài nộp mà không kiểm tra lại,Thỉnh thoảng có cảm giác này,3,Tự tra cứu tài liệu Lab Manual hoặc cấu trúc schema để tìm nguyên nhân gốc rễ,Sách hướng dẫn Lab thủ công (Lab Manual) chính thống của giảng viên,Tăng cường các bài kiểm tra vấn đáp trực tiếp / live-coding không dùng mạng,4,.
9/7/2026 11:24:10,52500035@student.tdtu.edu.vn,26 / 30,CAO BẢO CHÂU,52500035,Nhóm 02 (Ca 2): thứ 2,Tôi đồng ý tham gia khảo sát và kiểm tra năng lực,Chuyển đổi ngữ cảnh làm việc (session context) hiện hành sang cơ sở dữ liệu QuanlySV.,"Là từ khóa phân tách các khối lệnh (batch separator) được tiện ích SSMS nhận diện, không phải câu lệnh SQL.","NOT NULL, UNIQUE và tự động tạo Clustered Index (mặc định trong SQL Server).",Quan hệ đệ quy (Self-referential) thông qua hai khóa ngoại cùng tham chiếu về một bảng cha.,KETQUA -> DIEUKIEN -> HOCPHAN -> SINHVIEN -> MONHOC -> KETQUA,Lệnh thất bại và báo lỗi vì thêm cột NOT NULL vào bảng đã có dữ liệu mà không có giá trị DEFAULT.,"Dữ liệu trên RAM bị mất hoàn toàn khi tắt tiến trình/mất điện, dễ cạn kiệt bộ nhớ (OOM) và gặp xung đột đồng thời (race condition).","Cột tính toán động (Computed Column), giá trị được sinh tự động từ biểu thức.",Đảm bảo chuỗi văn bản lưu trữ phải tuân thủ cấu trúc định dạng JSON hợp lệ.,Thêm một dòng vào bảng SINHVIEN với giá trị MAKHOA = 'LUAT' trong khi bảng KHOA chưa có mã này.,ALTER TABLE NHANVIEN DROP COLUMN DIENTHOAI;,"Khi cột đó đang bị ràng buộc bởi Primary Key, Foreign Key, CHECK hoặc DEFAULT chưa được drop.",Báo lỗi vi phạm ràng buộc tham chiếu và từ chối (rollback) thao tác xóa dòng ở bảng cha.,Lệnh thất bại với lỗi vi phạm ràng buộc do bảng MATHANG đang có khóa ngoại tham chiếu tới NHACUNGCAP.,"CHECK (DATEDIFF(YEAR, NGAYSINH, GETDATE()) BETWEEN 18 AND 60)","OrderDate = '2026-03-01', ShipDate = '2026-03-05', DeliveryDate = '2026-03-10'",Cho phép sử dụng mệnh đề mở rộng FROM TableA JOIN TableB ON ... ngay sau mệnh đề SET.,Để tuân thủ quy tắc xóa: phải xóa dữ liệu bảng con trước khi xóa bản ghi cha để tránh lỗi vi phạm khóa ngoại.,TRUNCATE TABLE table_name;,Bỏ qua lỗi thực thi và không dừng script nếu bảng chưa từng tồn tại trong cơ sở dữ liệu.,"Đồng bộ hai bảng bằng cách kết hợp INSERT, UPDATE (và có thể DELETE) dựa trên sự khớp mã khóa.",EXPORT DATABASE QuanlySV TO 'C:\Backups\QuanlySV.bak';,WITH REPLACE,1002,"Kho WH01 bị xóa, đồng thời tất cả các chuyến hàng có OriginWarehouseID = 'WH01' trong bảng SHIPMENT cũng tự động bị xóa.","S001', 'CSDL', 1, 4 tiếp theo chèn 'S001', 'CSDL', 2, 7",Deterministic Search vì mã bài giảng là chuỗi ký tự cố định.,Đăng nhập bằng danh tính và chứng chỉ bảo mật của tài khoản hệ điều hành Windows hiện hành đang mở ứng dụng.,File kịch bản chứa các câu lệnh T-SQL (.sql) để tái tạo lược đồ (DDL) hoặc chèn dữ liệu (DML).,table,NVARCHAR,SP-HELP,NGOẶC VUÔNG,IDENTITY,cấp bảng,NO ACTION,đệ quy,DROP TABLE ,CHECK CONSTRAINT,DEFAULT ,DATETIME2,cha,con,ADD,ALTER COLUMN,DEFAULT,ISJSON,DUY NHẤT,MERGE,TRUNCATE TABLE ,Khóa ngoại,BACKUP DATABASE,.bak,WITH REPLACE,EMBEDDING,Đồng thời ,Cột tính toán,IF EXISTS,DATEDIFF,ON DELETE CASCADE,"Thách thức (Challenger): Tự hoàn thiện giải pháp trước, sau đó dùng AI để kiểm chứng khả năng tối ưu.","Giải thích khái niệm lý thuyết và mô hình quan hệ (ERD), Tìm kiếm và sửa lỗi (Debug) các lỗi cú pháp hoặc lỗi vi phạm ràng buộc toàn vẹn","Đọc hiểu kỹ, rà soát từng dòng, tự kiểm tra các trường hợp biên (Active Verification)",Thỉnh thoảng có cảm giác này,3,Đưa ngay thông báo lỗi (Error message) cho AI để nhờ sửa hộ,,"Áp dụng giai đoạn đầu không dùng AI, sau đó mới mở rộng cho phép dùng AI, Tăng cường các bài kiểm tra vấn đáp trực tiếp / live-coding không dùng mạng, Đưa các tình huống gỡ lỗi mã AI sai vào nội dung bài tập thực hành trên lớp",4,em thấy cũng cần thiết
9/7/2026 11:50:06,52500059@student.tdtu.edu.vn,25 / 30,Nguyễn Anh Khoa,52500059,Nhóm 02 (Ca 2): thứ 2,Tôi đồng ý tham gia khảo sát và kiểm tra năng lực,Chuyển đổi ngữ cảnh làm việc (session context) hiện hành sang cơ sở dữ liệu QuanlySV.,Là trigger tự động thực thi các ràng buộc toàn vẹn khóa ngoại.,"NOT NULL, UNIQUE và tự động tạo Clustered Index (mặc định trong SQL Server).",Quan hệ đệ quy (Self-referential) thông qua hai khóa ngoại cùng tham chiếu về một bảng cha.,SINHVIEN -> KHOA -> HOCPHAN -> MONHOC -> KETQUA -> DIEUKIEN,Lệnh thất bại và báo lỗi vì thêm cột NOT NULL vào bảng đã có dữ liệu mà không có giá trị DEFAULT.,"Dữ liệu trên RAM bị mất hoàn toàn khi tắt tiến trình/mất điện, dễ cạn kiệt bộ nhớ (OOM) và gặp xung đột đồng thời (race condition).","Cột tính toán động (Computed Column), giá trị được sinh tự động từ biểu thức.",Đảm bảo chuỗi văn bản lưu trữ phải tuân thủ cấu trúc định dạng JSON hợp lệ.,Thêm một dòng vào bảng SINHVIEN với giá trị MAKHOA = 'LUAT' trong khi bảng KHOA chưa có mã này.,ALTER TABLE NHANVIEN DROP COLUMN DIENTHOAI;,"Khi cột đó đang bị ràng buộc bởi Primary Key, Foreign Key, CHECK hoặc DEFAULT chưa được drop.",Báo lỗi vi phạm ràng buộc tham chiếu và từ chối (rollback) thao tác xóa dòng ở bảng cha.,Lệnh thất bại với lỗi vi phạm ràng buộc do bảng MATHANG đang có khóa ngoại tham chiếu tới NHACUNGCAP.,"CHECK (DATEDIFF(YEAR, NGAYSINH, GETDATE()) BETWEEN 18 AND 60)","OrderDate = '2026-03-10', ShipDate = '2026-03-08', DeliveryDate = '2026-03-12'",Cho phép sử dụng mệnh đề mở rộng FROM TableA JOIN TableB ON ... ngay sau mệnh đề SET.,Để tuân thủ quy tắc xóa: phải xóa dữ liệu bảng con trước khi xóa bản ghi cha để tránh lỗi vi phạm khóa ngoại.,TRUNCATE TABLE table_name;,Bỏ qua lỗi thực thi và không dừng script nếu bảng chưa từng tồn tại trong cơ sở dữ liệu.,"Đồng bộ hai bảng bằng cách kết hợp INSERT, UPDATE (và có thể DELETE) dựa trên sự khớp mã khóa.","BACKUP DATABASE QuanlySV TO DISK = 'C:\Backups\QuanlySV.bak' WITH FORMAT, INIT;",WITH REPLACE,1003,"Kho WH01 bị xóa, đồng thời tất cả các chuyến hàng có OriginWarehouseID = 'WH01' trong bảng SHIPMENT cũng tự động bị xóa.","S001', 'CSDL', 1, 4 tiếp theo chèn 'S002', 'CSDL', 1, 4",AI Vector Search vì truy vấn sử dụng ngữ nghĩa phi cấu trúc và đo độ tương đồng cosine qua embedding.,Đăng nhập bằng danh tính và chứng chỉ bảo mật của tài khoản hệ điều hành Windows hiện hành đang mở ứng dụng.,File kịch bản chứa các câu lệnh T-SQL (.sql) để tái tạo lược đồ (DDL) hoặc chèn dữ liệu (DML).,binary,NVARCHAR,, ',IDENTIFY,CONSTRAINT,,INHERITANCE,DROP,CHECK,cascade,,cha,con,INSERT,ALTER COLUMN,ADD column_name data_type,ISJSON,references,UPSERT,DROP,foreign key,BACKUP,,REPLACE,,dữ liệu,,ON DELETE CASCADE,GETDATE,CASCADE,"Điều hướng (Navigator): Đối thoại liên tục từng bước nhỏ, xây dựng giải pháp qua gợi ý của AI (lập trình cặp).","Giải thích khái niệm lý thuyết và mô hình quan hệ (ERD), Tìm kiếm và sửa lỗi (Debug) các lỗi cú pháp hoặc lỗi vi phạm ràng buộc toàn vẹn, Hỗ trợ giải quyết các bài tập Homework/Assignment cá nhân","Đọc hiểu kỹ, rà soát từng dòng, tự kiểm tra các trường hợp biên (Active Verification)",Rất thường xuyên xảy ra với bản thân tôi,4,Tự tra cứu tài liệu Lab Manual hoặc cấu trúc schema để tìm nguyên nhân gốc rễ,Các câu trả lời giải thích bằng ngôn ngữ tự nhiên của Trợ lý AI,"Áp dụng giai đoạn đầu không dùng AI, sau đó mới mở rộng cho phép dùng AI",3,"Em hay dùng AI để giải thích thắc mắc của các điều kiền hoặc ràng buộc mà em chưa hiểu rõ. Sau đó thì tự giải, nếu không được thì em sẽ dùng AI tạo ví dụ."
9/7/2026 11:01:20,52500041@student.tdtu.edu.vn,22 / 30,Nguyễn Hùng Dũng,52500041,Nhóm 02 (Ca 2): thứ 2,Tôi đồng ý tham gia khảo sát và kiểm tra năng lực,Chuyển đổi ngữ cảnh làm việc (session context) hiện hành sang cơ sở dữ liệu QuanlySV.,Là lệnh hệ thống của SQL Server Engine để giải phóng bộ đệm Log (.ldf).,"NOT NULL, UNIQUE và tự động tạo Clustered Index (mặc định trong SQL Server).",Quan hệ đệ quy (Self-referential) thông qua hai khóa ngoại cùng tham chiếu về một bảng cha.,KETQUA -> DIEUKIEN -> HOCPHAN -> SINHVIEN -> MONHOC -> KETQUA,Lệnh thất bại và báo lỗi vì thêm cột NOT NULL vào bảng đã có dữ liệu mà không có giá trị DEFAULT.,"Dữ liệu trên RAM bị mất hoàn toàn khi tắt tiến trình/mất điện, dễ cạn kiệt bộ nhớ (OOM) và gặp xung đột đồng thời (race condition).",Cột thuộc tính dẫn xuất phải nhập bằng lệnh INSERT.,Đảm bảo chuỗi văn bản lưu trữ phải tuân thủ cấu trúc định dạng JSON hợp lệ.,Thêm một dòng vào bảng SINHVIEN với giá trị MAKHOA = 'LUAT' trong khi bảng KHOA chưa có mã này.,ALTER TABLE NHANVIEN DROP COLUMN DIENTHOAI;,"Khi cột đó đang bị ràng buộc bởi Primary Key, Foreign Key, CHECK hoặc DEFAULT chưa được drop.",Báo lỗi vi phạm ràng buộc tham chiếu và từ chối (rollback) thao tác xóa dòng ở bảng cha.,Lệnh thất bại với lỗi vi phạm ràng buộc do bảng MATHANG đang có khóa ngoại tham chiếu tới NHACUNGCAP.,"CHECK (DATEDIFF(YEAR, NGAYSINH, GETDATE()) BETWEEN 18 AND 60)","OrderDate = '2026-03-10', ShipDate = '2026-03-08', DeliveryDate = '2026-03-12'",Cho phép sử dụng mệnh đề mở rộng FROM TableA JOIN TableB ON ... ngay sau mệnh đề SET.,Để tuân thủ quy tắc xóa: phải xóa dữ liệu bảng con trước khi xóa bản ghi cha để tránh lỗi vi phạm khóa ngoại.,REMOVE ALL ROWS FROM table_name;,Tự động tạo bản sao lưu (.bak) trước khi xóa các bảng.,"Đồng bộ hai bảng bằng cách kết hợp INSERT, UPDATE (và có thể DELETE) dựa trên sự khớp mã khóa.",EXPORT DATABASE QuanlySV TO 'C:\Backups\QuanlySV.bak';,WITH FORMAT,1002,"Kho WH01 bị xóa, đồng thời tất cả các chuyến hàng có OriginWarehouseID = 'WH01' trong bảng SHIPMENT cũng tự động bị xóa.","S001', 'CSDL', 1, 4 tiếp theo chèn 'S002', 'CSDL', 1, 4",Exact SQL Search vì dùng toán tử WHERE Content = 'B-Tree'.,Đăng nhập bằng danh tính và chứng chỉ bảo mật của tài khoản hệ điều hành Windows hiện hành đang mở ứng dụng.,File kịch bản chứa các câu lệnh T-SQL (.sql) để tái tạo lược đồ (DDL) hoặc chèn dữ liệu (DML).,table,Varchar,Sp_help,[],Identity,Bảng,No action,Đệ quy,Drop table,Check,Default ,Datetime2,Cha,Con,Add,Alter collum,Mặc định,Json,Duy nhất,Merge,Clear,Khoá ngoại ,Backup,.bak,Replace,.,Đồng thời,Cột tính toán,If exists,Datediff,Cascade,"Điều hướng (Navigator): Đối thoại liên tục từng bước nhỏ, xây dựng giải pháp qua gợi ý của AI (lập trình cặp).","Giải thích khái niệm lý thuyết và mô hình quan hệ (ERD), Tìm kiếm và sửa lỗi (Debug) các lỗi cú pháp hoặc lỗi vi phạm ràng buộc toàn vẹn, Hỗ trợ giải quyết các bài tập Homework/Assignment cá nhân","Đọc hiểu kỹ, rà soát từng dòng, tự kiểm tra các trường hợp biên (Active Verification)",Thỉnh thoảng có cảm giác này,3,Đưa ngay thông báo lỗi (Error message) cho AI để nhờ sửa hộ,Sách hướng dẫn Lab thủ công (Lab Manual) chính thống của giảng viên,"Áp dụng giai đoạn đầu không dùng AI, sau đó mới mở rộng cho phép dùng AI",5,.
9/9/2026 9:15:12,525h0054@student.tdtu.edu.vn,30 / 30,Nguyễn Hoàng Minh,525H0054,Nhóm 07 (Ca2): thứ 5,Tôi đồng ý tham gia khảo sát và kiểm tra năng lực,Chuyển đổi ngữ cảnh làm việc (session context) hiện hành sang cơ sở dữ liệu QuanlySV.,"Là từ khóa phân tách các khối lệnh (batch separator) được tiện ích SSMS nhận diện, không phải câu lệnh SQL.","NOT NULL, UNIQUE và tự động tạo Clustered Index (mặc định trong SQL Server).",Quan hệ đệ quy (Self-referential) thông qua hai khóa ngoại cùng tham chiếu về một bảng cha.,KETQUA -> DIEUKIEN -> HOCPHAN -> SINHVIEN -> MONHOC -> KETQUA,Lệnh thất bại và báo lỗi vì thêm cột NOT NULL vào bảng đã có dữ liệu mà không có giá trị DEFAULT.,"Dữ liệu trên RAM bị mất hoàn toàn khi tắt tiến trình/mất điện, dễ cạn kiệt bộ nhớ (OOM) và gặp xung đột đồng thời (race condition).","Cột tính toán động (Computed Column), giá trị được sinh tự động từ biểu thức.",Đảm bảo chuỗi văn bản lưu trữ phải tuân thủ cấu trúc định dạng JSON hợp lệ.,Thêm một dòng vào bảng SINHVIEN với giá trị MAKHOA = 'LUAT' trong khi bảng KHOA chưa có mã này.,ALTER TABLE NHANVIEN DROP COLUMN DIENTHOAI;,"Khi cột đó đang bị ràng buộc bởi Primary Key, Foreign Key, CHECK hoặc DEFAULT chưa được drop.",Báo lỗi vi phạm ràng buộc tham chiếu và từ chối (rollback) thao tác xóa dòng ở bảng cha.,Lệnh thất bại với lỗi vi phạm ràng buộc do bảng MATHANG đang có khóa ngoại tham chiếu tới NHACUNGCAP.,"CHECK (DATEDIFF(YEAR, NGAYSINH, GETDATE()) BETWEEN 18 AND 60)","OrderDate = '2026-03-10', ShipDate = '2026-03-08', DeliveryDate = '2026-03-12'",Cho phép sử dụng mệnh đề mở rộng FROM TableA JOIN TableB ON ... ngay sau mệnh đề SET.,Để tuân thủ quy tắc xóa: phải xóa dữ liệu bảng con trước khi xóa bản ghi cha để tránh lỗi vi phạm khóa ngoại.,TRUNCATE TABLE table_name;,Bỏ qua lỗi thực thi và không dừng script nếu bảng chưa từng tồn tại trong cơ sở dữ liệu.,"Đồng bộ hai bảng bằng cách kết hợp INSERT, UPDATE (và có thể DELETE) dựa trên sự khớp mã khóa.","BACKUP DATABASE QuanlySV TO DISK = 'C:\Backups\QuanlySV.bak' WITH FORMAT, INIT;",WITH REPLACE,1002,"Kho WH01 bị xóa, đồng thời tất cả các chuyến hàng có OriginWarehouseID = 'WH01' trong bảng SHIPMENT cũng tự động bị xóa.","S001', 'CSDL', 1, 4 tiếp theo chèn 'S001', 'CSDL', 1, 8",AI Vector Search vì truy vấn sử dụng ngữ nghĩa phi cấu trúc và đo độ tương đồng cosine qua embedding.,Đăng nhập bằng danh tính và chứng chỉ bảo mật của tài khoản hệ điều hành Windows hiện hành đang mở ứng dụng.,File kịch bản chứa các câu lệnh T-SQL (.sql) để tái tạo lược đồ (DDL) hoặc chèn dữ liệu (DML).,table,NVARCHAR,sp_help,ngoặc vuông,IDENTITY,mức bảng,NO ACTION,đệ quy,DROP TABLE,CHECK,DEFAULT,DATETIME2,cha,con,ADD,ALTER COLUMN,DEFAULT,ISJSON,duy nhất,MERGE,TRUNCATE,khóa ngoại,BACKUP DATABASE,.bak,WITH REPLACE,embedding,điều kiện,cột tính toán,IF EXISTS,DATEDIFF,CASCADE,"Khởi đầu (Starter): Tự viết mã ban đầu, chỉ gọi AI khi gặp lỗi biên dịch hoặc bế tắc cú pháp.","Giải thích khái niệm lý thuyết và mô hình quan hệ (ERD), Tìm kiếm và sửa lỗi (Debug) các lỗi cú pháp hoặc lỗi vi phạm ràng buộc toàn vẹn, Hỗ trợ giải quyết các bài tập Homework/Assignment cá nhân","Đọc hiểu kỹ, rà soát từng dòng, tự kiểm tra các trường hợp biên (Active Verification)",Rất thường xuyên xảy ra với bản thân tôi,3,Tự tra cứu tài liệu Lab Manual hoặc cấu trúc schema để tìm nguyên nhân gốc rễ,Các câu trả lời giải thích bằng ngôn ngữ tự nhiên của Trợ lý AI,Tăng cường các bài kiểm tra vấn đáp trực tiếp / live-coding không dùng mạng,4,"AI rất tốt nếu sinh viên dùng để hỏi bài vì AI có thể là một giáo viên online 1-1, giảng rất kỹ từng vấn đề cũng như đưa ra các ví dụ liên quan đến thực tế giúp sinh viên hiểu bài nhanh hơn nhưng nếu lạm dụng AI để làm bài hộ thì đây là mối lo ngại cho sinh viên sau này ra môi trường việc làm"
9/9/2026 22:04:51,525h0071@student.tdtu.edu.vn,30 / 30,Nguyễn Huỳnh Minh Phúc,525H0071,Nhóm 07 (Ca2): thứ 5,Tôi đồng ý tham gia khảo sát và kiểm tra năng lực,Chuyển đổi ngữ cảnh làm việc (session context) hiện hành sang cơ sở dữ liệu QuanlySV.,"Là từ khóa phân tách các khối lệnh (batch separator) được tiện ích SSMS nhận diện, không phải câu lệnh SQL.","NOT NULL, UNIQUE và tự động tạo Clustered Index (mặc định trong SQL Server).",Quan hệ đệ quy (Self-referential) thông qua hai khóa ngoại cùng tham chiếu về một bảng cha.,KETQUA -> DIEUKIEN -> HOCPHAN -> SINHVIEN -> MONHOC -> KETQUA,Lệnh thất bại và báo lỗi vì thêm cột NOT NULL vào bảng đã có dữ liệu mà không có giá trị DEFAULT.,"Dữ liệu trên RAM bị mất hoàn toàn khi tắt tiến trình/mất điện, dễ cạn kiệt bộ nhớ (OOM) và gặp xung đột đồng thời (race condition).","Cột tính toán động (Computed Column), giá trị được sinh tự động từ biểu thức.",Đảm bảo chuỗi văn bản lưu trữ phải tuân thủ cấu trúc định dạng JSON hợp lệ.,Thêm một dòng vào bảng SINHVIEN với giá trị MAKHOA = 'LUAT' trong khi bảng KHOA chưa có mã này.,ALTER TABLE NHANVIEN DROP COLUMN DIENTHOAI;,"Khi cột đó đang bị ràng buộc bởi Primary Key, Foreign Key, CHECK hoặc DEFAULT chưa được drop.",Báo lỗi vi phạm ràng buộc tham chiếu và từ chối (rollback) thao tác xóa dòng ở bảng cha.,Lệnh thất bại với lỗi vi phạm ràng buộc do bảng MATHANG đang có khóa ngoại tham chiếu tới NHACUNGCAP.,"CHECK (DATEDIFF(YEAR, NGAYSINH, GETDATE()) BETWEEN 18 AND 60)","OrderDate = '2026-03-10', ShipDate = '2026-03-08', DeliveryDate = '2026-03-12'",Cho phép sử dụng mệnh đề mở rộng FROM TableA JOIN TableB ON ... ngay sau mệnh đề SET.,Để tuân thủ quy tắc xóa: phải xóa dữ liệu bảng con trước khi xóa bản ghi cha để tránh lỗi vi phạm khóa ngoại.,TRUNCATE TABLE table_name;,Bỏ qua lỗi thực thi và không dừng script nếu bảng chưa từng tồn tại trong cơ sở dữ liệu.,"Đồng bộ hai bảng bằng cách kết hợp INSERT, UPDATE (và có thể DELETE) dựa trên sự khớp mã khóa.","BACKUP DATABASE QuanlySV TO DISK = 'C:\Backups\QuanlySV.bak' WITH FORMAT, INIT;",WITH REPLACE,1002,"Kho WH01 bị xóa, đồng thời tất cả các chuyến hàng có OriginWarehouseID = 'WH01' trong bảng SHIPMENT cũng tự động bị xóa.","S001', 'CSDL', 1, 4 tiếp theo chèn 'S001', 'CSDL', 1, 8",AI Vector Search vì truy vấn sử dụng ngữ nghĩa phi cấu trúc và đo độ tương đồng cosine qua embedding.,Đăng nhập bằng danh tính và chứng chỉ bảo mật của tài khoản hệ điều hành Windows hiện hành đang mở ứng dụng.,File kịch bản chứa các câu lệnh T-SQL (.sql) để tái tạo lược đồ (DDL) hoặc chèn dữ liệu (DML).,table,NVARCHAR,sp_help,ngoặc vuông,IDENTITY,mức bảng,NO ACTION,đệ quy,DROP TABLE,CHECK,DEFAULT,DATETIME2,cha,con,ADD,ALTER COLUMN,mặc định,ISJSON,duy nhất,MERGE,TRUNCATE,khóa ngoại,BACKUP DATABASE,.bak,WITH REPLACE,embedding,đồng thời,cột tính toán,IF EXISTS,DATEDIFF,CASCADE,"Khởi đầu (Starter): Tự viết mã ban đầu, chỉ gọi AI khi gặp lỗi biên dịch hoặc bế tắc cú pháp.","Giải thích khái niệm lý thuyết và mô hình quan hệ (ERD), Sinh mã lệnh DDL/DML tự động (CREATE TABLE, ALTER, INSERT, UPDATE), Tìm kiếm và sửa lỗi (Debug) các lỗi cú pháp hoặc lỗi vi phạm ràng buộc toàn vẹn, Hỗ trợ giải quyết các bài tập Homework/Assignment cá nhân","Đọc hiểu kỹ, rà soát từng dòng, tự kiểm tra các trường hợp biên (Active Verification)",Thỉnh thoảng có cảm giác này,3,Thử nghiệm ngẫu nhiên các câu lệnh vô hiệu hóa kiểm tra cho đến khi chạy được,Các câu trả lời giải thích bằng ngôn ngữ tự nhiên của Trợ lý AI,Đưa các tình huống gỡ lỗi mã AI sai vào nội dung bài tập thực hành trên lớp,2,"Dạ thưa cô em thấy bản thân khi học Cơ sở dữ liệu vẫn còn nhiều thiếu sót, đôi lúc phụ thuộc vào AI để tìm đáp án nhanh thay vì tự mình suy nghĩ. Em nhận ra AI chỉ nên là người hỗ trợ giải đáp, còn tư duy logic và kỹ năng lập trình bền vững phải do chính em tự rèn luyện. Dù chưa hoàn thiện, em sẽ nỗ lực thay đổi cách học để từng bước chủ động và vững vàng hơn."
9/9/2026 22:57:07,525h0024@student.tdtu.edu.vn,30 / 30,Phan Gia Hoàng,525H0024,Nhóm 07 (Ca2): thứ 5,Tôi đồng ý tham gia khảo sát và kiểm tra năng lực,Chuyển đổi ngữ cảnh làm việc (session context) hiện hành sang cơ sở dữ liệu QuanlySV.,"Là từ khóa phân tách các khối lệnh (batch separator) được tiện ích SSMS nhận diện, không phải câu lệnh SQL.","NOT NULL, UNIQUE và tự động tạo Clustered Index (mặc định trong SQL Server).",Quan hệ đệ quy (Self-referential) thông qua hai khóa ngoại cùng tham chiếu về một bảng cha.,KETQUA -> DIEUKIEN -> HOCPHAN -> SINHVIEN -> MONHOC -> KETQUA,Lệnh thất bại và báo lỗi vì thêm cột NOT NULL vào bảng đã có dữ liệu mà không có giá trị DEFAULT.,"Dữ liệu trên RAM bị mất hoàn toàn khi tắt tiến trình/mất điện, dễ cạn kiệt bộ nhớ (OOM) và gặp xung đột đồng thời (race condition).","Cột tính toán động (Computed Column), giá trị được sinh tự động từ biểu thức.",Đảm bảo chuỗi văn bản lưu trữ phải tuân thủ cấu trúc định dạng JSON hợp lệ.,Thêm một dòng vào bảng SINHVIEN với giá trị MAKHOA = 'LUAT' trong khi bảng KHOA chưa có mã này.,ALTER TABLE NHANVIEN DROP COLUMN DIENTHOAI;,"Khi cột đó đang bị ràng buộc bởi Primary Key, Foreign Key, CHECK hoặc DEFAULT chưa được drop.",Báo lỗi vi phạm ràng buộc tham chiếu và từ chối (rollback) thao tác xóa dòng ở bảng cha.,Lệnh thất bại với lỗi vi phạm ràng buộc do bảng MATHANG đang có khóa ngoại tham chiếu tới NHACUNGCAP.,"CHECK (DATEDIFF(YEAR, NGAYSINH, GETDATE()) BETWEEN 18 AND 60)","OrderDate = '2026-03-10', ShipDate = '2026-03-08', DeliveryDate = '2026-03-12'",Cho phép sử dụng mệnh đề mở rộng FROM TableA JOIN TableB ON ... ngay sau mệnh đề SET.,Để tuân thủ quy tắc xóa: phải xóa dữ liệu bảng con trước khi xóa bản ghi cha để tránh lỗi vi phạm khóa ngoại.,TRUNCATE TABLE table_name;,Bỏ qua lỗi thực thi và không dừng script nếu bảng chưa từng tồn tại trong cơ sở dữ liệu.,"Đồng bộ hai bảng bằng cách kết hợp INSERT, UPDATE (và có thể DELETE) dựa trên sự khớp mã khóa.","BACKUP DATABASE QuanlySV TO DISK = 'C:\Backups\QuanlySV.bak' WITH FORMAT, INIT;",WITH REPLACE,1002,"Kho WH01 bị xóa, đồng thời tất cả các chuyến hàng có OriginWarehouseID = 'WH01' trong bảng SHIPMENT cũng tự động bị xóa.","S001', 'CSDL', 1, 4 tiếp theo chèn 'S001', 'CSDL', 1, 8",AI Vector Search vì truy vấn sử dụng ngữ nghĩa phi cấu trúc và đo độ tương đồng cosine qua embedding.,Đăng nhập bằng danh tính và chứng chỉ bảo mật của tài khoản hệ điều hành Windows hiện hành đang mở ứng dụng.,File kịch bản chứa các câu lệnh T-SQL (.sql) để tái tạo lược đồ (DDL) hoặc chèn dữ liệu (DML).,table,NVARCHAR,sp_help,Ngoặc vuông,IDENTITY,Mức bẳng,NO ACTION,Đệ quy,DROP TABLE,CHECK,DEFAULT,DATETIME2,Bảng cha,Bảng con,ADD COLUMN,ALTER COLUMN,DEFAULT,ISJSON,Duy nhất,MERGE,TRUNCATE TABLE,Khóa ngoại,BACKUP DATABASE,.bak,WITH REPLACE,Embedding,Đồng thời,Cột tính toán,IF EXISTS,DATEDIFF,CASCADE,"Điều hướng (Navigator): Đối thoại liên tục từng bước nhỏ, xây dựng giải pháp qua gợi ý của AI (lập trình cặp).",Tìm kiếm và sửa lỗi (Debug) các lỗi cú pháp hoặc lỗi vi phạm ràng buộc toàn vẹn,"Đọc hiểu kỹ, rà soát từng dòng, tự kiểm tra các trường hợp biên (Active Verification)",Thỉnh thoảng có cảm giác này,3,Tự tra cứu tài liệu Lab Manual hoặc cấu trúc schema để tìm nguyên nhân gốc rễ,Các câu trả lời giải thích bằng ngôn ngữ tự nhiên của Trợ lý AI,"Áp dụng giai đoạn đầu không dùng AI, sau đó mới mở rộng cho phép dùng AI, Tăng cường các bài kiểm tra vấn đáp trực tiếp / live-coding không dùng mạng, Đưa các tình huống gỡ lỗi mã AI sai vào nội dung bài tập thực hành trên lớp",3,
9/10/2026 1:40:35,ngotankiet793@gmail.com,30 / 30,Ngô Tấn Kiệt,525H0048,Nhóm 07 (Ca2): thứ 5,Tôi đồng ý tham gia khảo sát và kiểm tra năng lực,Chuyển đổi ngữ cảnh làm việc (session context) hiện hành sang cơ sở dữ liệu QuanlySV.,"Là từ khóa phân tách các khối lệnh (batch separator) được tiện ích SSMS nhận diện, không phải câu lệnh SQL.","NOT NULL, UNIQUE và tự động tạo Clustered Index (mặc định trong SQL Server).",Quan hệ đệ quy (Self-referential) thông qua hai khóa ngoại cùng tham chiếu về một bảng cha.,KETQUA -> DIEUKIEN -> HOCPHAN -> SINHVIEN -> MONHOC -> KETQUA,Lệnh thất bại và báo lỗi vì thêm cột NOT NULL vào bảng đã có dữ liệu mà không có giá trị DEFAULT.,"Dữ liệu trên RAM bị mất hoàn toàn khi tắt tiến trình/mất điện, dễ cạn kiệt bộ nhớ (OOM) và gặp xung đột đồng thời (race condition).","Cột tính toán động (Computed Column), giá trị được sinh tự động từ biểu thức.",Đảm bảo chuỗi văn bản lưu trữ phải tuân thủ cấu trúc định dạng JSON hợp lệ.,Thêm một dòng vào bảng SINHVIEN với giá trị MAKHOA = 'LUAT' trong khi bảng KHOA chưa có mã này.,ALTER TABLE NHANVIEN DROP COLUMN DIENTHOAI;,"Khi cột đó đang bị ràng buộc bởi Primary Key, Foreign Key, CHECK hoặc DEFAULT chưa được drop.",Báo lỗi vi phạm ràng buộc tham chiếu và từ chối (rollback) thao tác xóa dòng ở bảng cha.,Lệnh thất bại với lỗi vi phạm ràng buộc do bảng MATHANG đang có khóa ngoại tham chiếu tới NHACUNGCAP.,"CHECK (DATEDIFF(YEAR, NGAYSINH, GETDATE()) BETWEEN 18 AND 60)","OrderDate = '2026-03-10', ShipDate = '2026-03-08', DeliveryDate = '2026-03-12'",Cho phép sử dụng mệnh đề mở rộng FROM TableA JOIN TableB ON ... ngay sau mệnh đề SET.,Để tuân thủ quy tắc xóa: phải xóa dữ liệu bảng con trước khi xóa bản ghi cha để tránh lỗi vi phạm khóa ngoại.,TRUNCATE TABLE table_name;,Bỏ qua lỗi thực thi và không dừng script nếu bảng chưa từng tồn tại trong cơ sở dữ liệu.,"Đồng bộ hai bảng bằng cách kết hợp INSERT, UPDATE (và có thể DELETE) dựa trên sự khớp mã khóa.","BACKUP DATABASE QuanlySV TO DISK = 'C:\Backups\QuanlySV.bak' WITH FORMAT, INIT;",WITH REPLACE,1002,"Kho WH01 bị xóa, đồng thời tất cả các chuyến hàng có OriginWarehouseID = 'WH01' trong bảng SHIPMENT cũng tự động bị xóa.","S001', 'CSDL', 1, 4 tiếp theo chèn 'S001', 'CSDL', 1, 8",AI Vector Search vì truy vấn sử dụng ngữ nghĩa phi cấu trúc và đo độ tương đồng cosine qua embedding.,Đăng nhập bằng danh tính và chứng chỉ bảo mật của tài khoản hệ điều hành Windows hiện hành đang mở ứng dụng.,File kịch bản chứa các câu lệnh T-SQL (.sql) để tái tạo lược đồ (DDL) hoặc chèn dữ liệu (DML).,table,NVCHAR,sp_help,Ngoặc Vuông,IDENTITY,Cấp bảng,NO ACTION,đệ quy,DROP TABLE,CHECK,DEFAULT,DATETIME2,Cha,Con,ADD,ALTER COLUMN,DEFAULT,ISJSON,Duy nhất,MERGE,TRUNCATE TABLE,Khóa ngoại,BACKUP DATABASE,.bak,WITH REPLACE,Embedding,Đồng thời,Cột tính toán,IF EXISTS,DATEDIFF,ON DELETE CASCADE,"Điều hướng (Navigator): Đối thoại liên tục từng bước nhỏ, xây dựng giải pháp qua gợi ý của AI (lập trình cặp).","Giải thích khái niệm lý thuyết và mô hình quan hệ (ERD), Tìm kiếm và sửa lỗi (Debug) các lỗi cú pháp hoặc lỗi vi phạm ràng buộc toàn vẹn, Hỗ trợ giải quyết các bài tập Homework/Assignment cá nhân",Chạy thử nghiệm (Run/Test) trên SSMS xem có báo lỗi không rồi nộp,Rất thường xuyên xảy ra với bản thân tôi,3,Đưa ngay thông báo lỗi (Error message) cho AI để nhờ sửa hộ,Các câu trả lời giải thích bằng ngôn ngữ tự nhiên của Trợ lý AI,Đưa các tình huống gỡ lỗi mã AI sai vào nội dung bài tập thực hành trên lớp,4,
9/10/2026 5:51:31,525h0087@student.tdtu.edu.vn,30 / 30,ĐẶNG HOÀNG PHƯƠNG THẢO,525H0087,Nhóm 07 (Ca2): thứ 5,Tôi đồng ý tham gia khảo sát và kiểm tra năng lực,Chuyển đổi ngữ cảnh làm việc (session context) hiện hành sang cơ sở dữ liệu QuanlySV.,"Là từ khóa phân tách các khối lệnh (batch separator) được tiện ích SSMS nhận diện, không phải câu lệnh SQL.","NOT NULL, UNIQUE và tự động tạo Clustered Index (mặc định trong SQL Server).",Quan hệ đệ quy (Self-referential) thông qua hai khóa ngoại cùng tham chiếu về một bảng cha.,KETQUA -> DIEUKIEN -> HOCPHAN -> SINHVIEN -> MONHOC -> KETQUA,Lệnh thất bại và báo lỗi vì thêm cột NOT NULL vào bảng đã có dữ liệu mà không có giá trị DEFAULT.,"Dữ liệu trên RAM bị mất hoàn toàn khi tắt tiến trình/mất điện, dễ cạn kiệt bộ nhớ (OOM) và gặp xung đột đồng thời (race condition).","Cột tính toán động (Computed Column), giá trị được sinh tự động từ biểu thức.",Đảm bảo chuỗi văn bản lưu trữ phải tuân thủ cấu trúc định dạng JSON hợp lệ.,Thêm một dòng vào bảng SINHVIEN với giá trị MAKHOA = 'LUAT' trong khi bảng KHOA chưa có mã này.,ALTER TABLE NHANVIEN DROP COLUMN DIENTHOAI;,"Khi cột đó đang bị ràng buộc bởi Primary Key, Foreign Key, CHECK hoặc DEFAULT chưa được drop.",Báo lỗi vi phạm ràng buộc tham chiếu và từ chối (rollback) thao tác xóa dòng ở bảng cha.,Lệnh thất bại với lỗi vi phạm ràng buộc do bảng MATHANG đang có khóa ngoại tham chiếu tới NHACUNGCAP.,"CHECK (DATEDIFF(YEAR, NGAYSINH, GETDATE()) BETWEEN 18 AND 60)","OrderDate = '2026-03-10', ShipDate = '2026-03-08', DeliveryDate = '2026-03-12'",Cho phép sử dụng mệnh đề mở rộng FROM TableA JOIN TableB ON ... ngay sau mệnh đề SET.,Để tuân thủ quy tắc xóa: phải xóa dữ liệu bảng con trước khi xóa bản ghi cha để tránh lỗi vi phạm khóa ngoại.,TRUNCATE TABLE table_name;,Bỏ qua lỗi thực thi và không dừng script nếu bảng chưa từng tồn tại trong cơ sở dữ liệu.,"Đồng bộ hai bảng bằng cách kết hợp INSERT, UPDATE (và có thể DELETE) dựa trên sự khớp mã khóa.","BACKUP DATABASE QuanlySV TO DISK = 'C:\Backups\QuanlySV.bak' WITH FORMAT, INIT;",WITH REPLACE,1002,"Kho WH01 bị xóa, đồng thời tất cả các chuyến hàng có OriginWarehouseID = 'WH01' trong bảng SHIPMENT cũng tự động bị xóa.","S001', 'CSDL', 1, 4 tiếp theo chèn 'S001', 'CSDL', 1, 8",AI Vector Search vì truy vấn sử dụng ngữ nghĩa phi cấu trúc và đo độ tương đồng cosine qua embedding.,Đăng nhập bằng danh tính và chứng chỉ bảo mật của tài khoản hệ điều hành Windows hiện hành đang mở ứng dụng.,File kịch bản chứa các câu lệnh T-SQL (.sql) để tái tạo lược đồ (DDL) hoặc chèn dữ liệu (DML).,table,NVARCHAR,sp_help,Ngoặc vuông,IDENTITY,Cấp bảng, NO ACTION,đệ quy,DROP TABLE,CHECK,DEFAULT,DATETIME2,cha,con,ADD,ALTER COLUMN,DEFAULT,ISJSON,duy nhất,MERGE,TRUNCATE TABLE,khóa ngoại,BACKUP DATABASE,.bak, WITH REPLACE, Embedding,truy cập đồng thời,Cột tính toán,IF EXISTS,DATEDIFF,ON DELETE CASCADE,"Thách thức (Challenger): Tự hoàn thiện giải pháp trước, sau đó dùng AI để kiểm chứng khả năng tối ưu.","Giải thích khái niệm lý thuyết và mô hình quan hệ (ERD), Sinh mã lệnh DDL/DML tự động (CREATE TABLE, ALTER, INSERT, UPDATE), Tìm kiếm và sửa lỗi (Debug) các lỗi cú pháp hoặc lỗi vi phạm ràng buộc toàn vẹn, Hỗ trợ giải quyết các bài tập Homework/Assignment cá nhân","Đọc hiểu kỹ, rà soát từng dòng, tự kiểm tra các trường hợp biên (Active Verification)","Hầu như không xảy ra, tôi luôn phân biệt rõ ràng giữa việc hiểu và việc dùng AI",3,Tự tra cứu tài liệu Lab Manual hoặc cấu trúc schema để tìm nguyên nhân gốc rễ,Sách hướng dẫn Lab thủ công (Lab Manual) chính thống của giảng viên,"Áp dụng giai đoạn đầu không dùng AI, sau đó mới mở rộng cho phép dùng AI, Tăng cường các bài kiểm tra vấn đáp trực tiếp / live-coding không dùng mạng, Đưa các tình huống gỡ lỗi mã AI sai vào nội dung bài tập thực hành trên lớp",3,
9/10/2026 9:39:59,525h0059@student.tdtu.edu.vn,30 / 30,Lý Chấn Nam,525H0059,Nhóm 07 (Ca2): thứ 5,Tôi đồng ý tham gia khảo sát và kiểm tra năng lực,Chuyển đổi ngữ cảnh làm việc (session context) hiện hành sang cơ sở dữ liệu QuanlySV.,"Là từ khóa phân tách các khối lệnh (batch separator) được tiện ích SSMS nhận diện, không phải câu lệnh SQL.","NOT NULL, UNIQUE và tự động tạo Clustered Index (mặc định trong SQL Server).",Quan hệ đệ quy (Self-referential) thông qua hai khóa ngoại cùng tham chiếu về một bảng cha.,KETQUA -> DIEUKIEN -> HOCPHAN -> SINHVIEN -> MONHOC -> KETQUA,Lệnh thất bại và báo lỗi vì thêm cột NOT NULL vào bảng đã có dữ liệu mà không có giá trị DEFAULT.,"Dữ liệu trên RAM bị mất hoàn toàn khi tắt tiến trình/mất điện, dễ cạn kiệt bộ nhớ (OOM) và gặp xung đột đồng thời (race condition).","Cột tính toán động (Computed Column), giá trị được sinh tự động từ biểu thức.",Đảm bảo chuỗi văn bản lưu trữ phải tuân thủ cấu trúc định dạng JSON hợp lệ.,Thêm một dòng vào bảng SINHVIEN với giá trị MAKHOA = 'LUAT' trong khi bảng KHOA chưa có mã này.,ALTER TABLE NHANVIEN DROP COLUMN DIENTHOAI;,"Khi cột đó đang bị ràng buộc bởi Primary Key, Foreign Key, CHECK hoặc DEFAULT chưa được drop.",Báo lỗi vi phạm ràng buộc tham chiếu và từ chối (rollback) thao tác xóa dòng ở bảng cha.,Lệnh thất bại với lỗi vi phạm ràng buộc do bảng MATHANG đang có khóa ngoại tham chiếu tới NHACUNGCAP.,"CHECK (DATEDIFF(YEAR, NGAYSINH, GETDATE()) BETWEEN 18 AND 60)","OrderDate = '2026-03-10', ShipDate = '2026-03-08', DeliveryDate = '2026-03-12'",Cho phép sử dụng mệnh đề mở rộng FROM TableA JOIN TableB ON ... ngay sau mệnh đề SET.,Để tuân thủ quy tắc xóa: phải xóa dữ liệu bảng con trước khi xóa bản ghi cha để tránh lỗi vi phạm khóa ngoại.,TRUNCATE TABLE table_name;,Bỏ qua lỗi thực thi và không dừng script nếu bảng chưa từng tồn tại trong cơ sở dữ liệu.,"Đồng bộ hai bảng bằng cách kết hợp INSERT, UPDATE (và có thể DELETE) dựa trên sự khớp mã khóa.","BACKUP DATABASE QuanlySV TO DISK = 'C:\Backups\QuanlySV.bak' WITH FORMAT, INIT;",WITH REPLACE,1002,"Kho WH01 bị xóa, đồng thời tất cả các chuyến hàng có OriginWarehouseID = 'WH01' trong bảng SHIPMENT cũng tự động bị xóa.","S001', 'CSDL', 1, 4 tiếp theo chèn 'S001', 'CSDL', 1, 8",AI Vector Search vì truy vấn sử dụng ngữ nghĩa phi cấu trúc và đo độ tương đồng cosine qua embedding.,Đăng nhập bằng danh tính và chứng chỉ bảo mật của tài khoản hệ điều hành Windows hiện hành đang mở ứng dụng.,File kịch bản chứa các câu lệnh T-SQL (.sql) để tái tạo lược đồ (DDL) hoặc chèn dữ liệu (DML).,table,NVARCHAR,sp_help,[],IDENTITY,table level,NO ACTION,đệ quy,DROP TABLE,CHECK,DEFAULT,DATETIME2,bảng cha,bảng con,ADD COLUMN,ALTER COLUMN,DEFAULT,ISJSON,duy nhất,MERGE,TABLE,Foreign Key,BACKUP DATABASE,bak,WITH REPLACE,embedding,đồng thời,Computed Column,IF EXISTS,DATEDIFF,ON DELETE CASCADE,"Thách thức (Challenger): Tự hoàn thiện giải pháp trước, sau đó dùng AI để kiểm chứng khả năng tối ưu.","Giải thích khái niệm lý thuyết và mô hình quan hệ (ERD), Sinh mã lệnh DDL/DML tự động (CREATE TABLE, ALTER, INSERT, UPDATE), Tìm kiếm và sửa lỗi (Debug) các lỗi cú pháp hoặc lỗi vi phạm ràng buộc toàn vẹn, Hỗ trợ giải quyết các bài tập Homework/Assignment cá nhân","Đọc hiểu kỹ, rà soát từng dòng, tự kiểm tra các trường hợp biên (Active Verification)",Thỉnh thoảng có cảm giác này,3,Thử nghiệm ngẫu nhiên các câu lệnh vô hiệu hóa kiểm tra cho đến khi chạy được,Các câu trả lời giải thích bằng ngôn ngữ tự nhiên của Trợ lý AI,"Áp dụng giai đoạn đầu không dùng AI, sau đó mới mở rộng cho phép dùng AI, Đưa các tình huống gỡ lỗi mã AI sai vào nội dung bài tập thực hành trên lớp",4,AI giúp học và thực hành Cơ sở dữ liệu hiệu quả hơn thông qua việc hỗ trợ giải thích kiến thức và gợi ý câu lệnh SQL
9/10/2026 9:45:39,525h0173@student.tdtu.edu.vn,30 / 30,Lê Trần Khôi Nguyên,525H0173,Nhóm 07 (Ca2): thứ 5,Tôi đồng ý tham gia khảo sát và kiểm tra năng lực,Chuyển đổi ngữ cảnh làm việc (session context) hiện hành sang cơ sở dữ liệu QuanlySV.,"Là từ khóa phân tách các khối lệnh (batch separator) được tiện ích SSMS nhận diện, không phải câu lệnh SQL.","NOT NULL, UNIQUE và tự động tạo Clustered Index (mặc định trong SQL Server).",Quan hệ đệ quy (Self-referential) thông qua hai khóa ngoại cùng tham chiếu về một bảng cha.,KETQUA -> DIEUKIEN -> HOCPHAN -> SINHVIEN -> MONHOC -> KETQUA,Lệnh thất bại và báo lỗi vì thêm cột NOT NULL vào bảng đã có dữ liệu mà không có giá trị DEFAULT.,"Dữ liệu trên RAM bị mất hoàn toàn khi tắt tiến trình/mất điện, dễ cạn kiệt bộ nhớ (OOM) và gặp xung đột đồng thời (race condition).","Cột tính toán động (Computed Column), giá trị được sinh tự động từ biểu thức.",Đảm bảo chuỗi văn bản lưu trữ phải tuân thủ cấu trúc định dạng JSON hợp lệ.,Thêm một dòng vào bảng SINHVIEN với giá trị MAKHOA = 'LUAT' trong khi bảng KHOA chưa có mã này.,ALTER TABLE NHANVIEN DROP COLUMN DIENTHOAI;,"Khi cột đó đang bị ràng buộc bởi Primary Key, Foreign Key, CHECK hoặc DEFAULT chưa được drop.",Báo lỗi vi phạm ràng buộc tham chiếu và từ chối (rollback) thao tác xóa dòng ở bảng cha.,Lệnh thất bại với lỗi vi phạm ràng buộc do bảng MATHANG đang có khóa ngoại tham chiếu tới NHACUNGCAP.,"CHECK (DATEDIFF(YEAR, NGAYSINH, GETDATE()) BETWEEN 18 AND 60)","OrderDate = '2026-03-10', ShipDate = '2026-03-08', DeliveryDate = '2026-03-12'",Cho phép sử dụng mệnh đề mở rộng FROM TableA JOIN TableB ON ... ngay sau mệnh đề SET.,Để tuân thủ quy tắc xóa: phải xóa dữ liệu bảng con trước khi xóa bản ghi cha để tránh lỗi vi phạm khóa ngoại.,TRUNCATE TABLE table_name;,Bỏ qua lỗi thực thi và không dừng script nếu bảng chưa từng tồn tại trong cơ sở dữ liệu.,"Đồng bộ hai bảng bằng cách kết hợp INSERT, UPDATE (và có thể DELETE) dựa trên sự khớp mã khóa.","BACKUP DATABASE QuanlySV TO DISK = 'C:\Backups\QuanlySV.bak' WITH FORMAT, INIT;",WITH REPLACE,1002,"Kho WH01 bị xóa, đồng thời tất cả các chuyến hàng có OriginWarehouseID = 'WH01' trong bảng SHIPMENT cũng tự động bị xóa.","S001', 'CSDL', 1, 4 tiếp theo chèn 'S001', 'CSDL', 1, 8",AI Vector Search vì truy vấn sử dụng ngữ nghĩa phi cấu trúc và đo độ tương đồng cosine qua embedding.,Đăng nhập bằng danh tính và chứng chỉ bảo mật của tài khoản hệ điều hành Windows hiện hành đang mở ứng dụng.,File kịch bản chứa các câu lệnh T-SQL (.sql) để tái tạo lược đồ (DDL) hoặc chèn dữ liệu (DML).,table,NVARCHAR,sp_help,ngoặc vuông,IDENTITY,cấp bảng,NO ACTION,đệ quy,DROP TABLE,CHECK,DEFAULT,DATETIME2,cha,con,add,ALTER COLUMN,DEFAULT,ISJSON,duy nhất,MERGE,TRUNCATE TABLE,FOREIGN KEY,BACKUP DATABASE,.bak,WITH REPLACE,embedding,đồng thời,Computed Column,IF EXISTS,DATEDIFF,ON DELETE CASCADE,"Điều hướng (Navigator): Đối thoại liên tục từng bước nhỏ, xây dựng giải pháp qua gợi ý của AI (lập trình cặp).","Giải thích khái niệm lý thuyết và mô hình quan hệ (ERD), Sinh mã lệnh DDL/DML tự động (CREATE TABLE, ALTER, INSERT, UPDATE), Tìm kiếm và sửa lỗi (Debug) các lỗi cú pháp hoặc lỗi vi phạm ràng buộc toàn vẹn, Hỗ trợ giải quyết các bài tập Homework/Assignment cá nhân","Đọc hiểu kỹ, rà soát từng dòng, tự kiểm tra các trường hợp biên (Active Verification)",Thỉnh thoảng có cảm giác này,3,Tự tra cứu tài liệu Lab Manual hoặc cấu trúc schema để tìm nguyên nhân gốc rễ,Các câu trả lời giải thích bằng ngôn ngữ tự nhiên của Trợ lý AI,"Áp dụng giai đoạn đầu không dùng AI, sau đó mới mở rộng cho phép dùng AI, Tăng cường các bài kiểm tra vấn đáp trực tiếp / live-coding không dùng mạng, Đưa các tình huống gỡ lỗi mã AI sai vào nội dung bài tập thực hành trên lớp",5,"Theo em, AI hỗ trợ rất tốt trong việc giải thích các khái niệm khó, tìm nguyên nhân lỗi và kiểm tra lại câu lệnh SQL. Tuy nhiên, người học không nên phụ thuộc vào việc sao chép mã do AI tạo ra mà cần tự viết, đọc hiểu và kiểm thử lại kết quả. Em nghĩ nên kết hợp AI với các bài thực hành tự làm, live-coding và các tình huống yêu cầu tìm lỗi để vừa tận dụng được AI vừa duy trì khả năng tư duy logic và giải quyết vấn đề độc lập."
9/10/2026 9:47:16,525h0055@student.tdtu.edu.vn,30 / 30,Phạm Quang Minh,525H0055,Nhóm 07 (Ca2): thứ 5,Tôi không đồng ý,Chuyển đổi ngữ cảnh làm việc (session context) hiện hành sang cơ sở dữ liệu QuanlySV.,"Là từ khóa phân tách các khối lệnh (batch separator) được tiện ích SSMS nhận diện, không phải câu lệnh SQL.","NOT NULL, UNIQUE và tự động tạo Clustered Index (mặc định trong SQL Server).",Quan hệ đệ quy (Self-referential) thông qua hai khóa ngoại cùng tham chiếu về một bảng cha.,KETQUA -> DIEUKIEN -> HOCPHAN -> SINHVIEN -> MONHOC -> KETQUA,Lệnh thất bại và báo lỗi vì thêm cột NOT NULL vào bảng đã có dữ liệu mà không có giá trị DEFAULT.,"Dữ liệu trên RAM bị mất hoàn toàn khi tắt tiến trình/mất điện, dễ cạn kiệt bộ nhớ (OOM) và gặp xung đột đồng thời (race condition).","Cột tính toán động (Computed Column), giá trị được sinh tự động từ biểu thức.",Đảm bảo chuỗi văn bản lưu trữ phải tuân thủ cấu trúc định dạng JSON hợp lệ.,Thêm một dòng vào bảng SINHVIEN với giá trị MAKHOA = 'LUAT' trong khi bảng KHOA chưa có mã này.,ALTER TABLE NHANVIEN DROP COLUMN DIENTHOAI;,"Khi cột đó đang bị ràng buộc bởi Primary Key, Foreign Key, CHECK hoặc DEFAULT chưa được drop.",Báo lỗi vi phạm ràng buộc tham chiếu và từ chối (rollback) thao tác xóa dòng ở bảng cha.,Lệnh thất bại với lỗi vi phạm ràng buộc do bảng MATHANG đang có khóa ngoại tham chiếu tới NHACUNGCAP.,"CHECK (DATEDIFF(YEAR, NGAYSINH, GETDATE()) BETWEEN 18 AND 60)","OrderDate = '2026-03-10', ShipDate = '2026-03-08', DeliveryDate = '2026-03-12'",Cho phép sử dụng mệnh đề mở rộng FROM TableA JOIN TableB ON ... ngay sau mệnh đề SET.,Để tuân thủ quy tắc xóa: phải xóa dữ liệu bảng con trước khi xóa bản ghi cha để tránh lỗi vi phạm khóa ngoại.,TRUNCATE TABLE table_name;,Bỏ qua lỗi thực thi và không dừng script nếu bảng chưa từng tồn tại trong cơ sở dữ liệu.,"Đồng bộ hai bảng bằng cách kết hợp INSERT, UPDATE (và có thể DELETE) dựa trên sự khớp mã khóa.","BACKUP DATABASE QuanlySV TO DISK = 'C:\Backups\QuanlySV.bak' WITH FORMAT, INIT;",WITH REPLACE,1002,"Kho WH01 bị xóa, đồng thời tất cả các chuyến hàng có OriginWarehouseID = 'WH01' trong bảng SHIPMENT cũng tự động bị xóa.","S001', 'CSDL', 1, 4 tiếp theo chèn 'S001', 'CSDL', 1, 8",AI Vector Search vì truy vấn sử dụng ngữ nghĩa phi cấu trúc và đo độ tương đồng cosine qua embedding.,Đăng nhập bằng danh tính và chứng chỉ bảo mật của tài khoản hệ điều hành Windows hiện hành đang mở ứng dụng.,File kịch bản chứa các câu lệnh T-SQL (.sql) để tái tạo lược đồ (DDL) hoặc chèn dữ liệu (DML).,table,NVARCHAR,sp_help,[],IDENTITY,Table level,NO ACTION,Self-referential,DROP TABLE,CHECK,DEFAULT,DATETIME2,Bảng cha,Bảng con,ADD,ALTER COLUMN,DEFAULT,ISJSON,Unique,MERGE,TRUNCATE TABLE,Foreign Key,BACKUP DATEBASE,.bak,REPLACE,Embedding vectors,đồng thời,Computed Column,IF EXISTS,DATEDIFF,ON DELETE CASCADE,"Điều hướng (Navigator): Đối thoại liên tục từng bước nhỏ, xây dựng giải pháp qua gợi ý của AI (lập trình cặp).","Giải thích khái niệm lý thuyết và mô hình quan hệ (ERD), Sinh mã lệnh DDL/DML tự động (CREATE TABLE, ALTER, INSERT, UPDATE), Tìm kiếm và sửa lỗi (Debug) các lỗi cú pháp hoặc lỗi vi phạm ràng buộc toàn vẹn, Hỗ trợ giải quyết các bài tập Homework/Assignment cá nhân","Đọc hiểu kỹ, rà soát từng dòng, tự kiểm tra các trường hợp biên (Active Verification)",Thỉnh thoảng có cảm giác này,3,Tự tra cứu tài liệu Lab Manual hoặc cấu trúc schema để tìm nguyên nhân gốc rễ,Tài liệu kỹ thuật chính thức (Microsoft SQL Server Documentation / TechNet),"Áp dụng giai đoạn đầu không dùng AI, sau đó mới mở rộng cho phép dùng AI, Tăng cường các bài kiểm tra vấn đáp trực tiếp / live-coding không dùng mạng, Đưa các tình huống gỡ lỗi mã AI sai vào nội dung bài tập thực hành trên lớp",4,"AI là công cụ hỗ trợ rất hữu ích trong quá trình học Cơ sở dữ liệu, đặc biệt trong việc giải thích khái niệm, gợi ý cách viết SQL và tìm nguyên nhân lỗi. Tuy nhiên, người học vẫn cần tự đọc hiểu, kiểm tra và thực hành lại mã nguồn để tránh phụ thuộc vào AI. Theo tôi, nên kết hợp AI với việc tự làm bài, debug và kiểm tra thực tế trên SQL Server để vừa tận dụng được AI vừa xây dựng tư duy logic và kỹ năng lập trình bền vững.
"
9/10/2026 9:48:02,525h0027@student.tdtu.edu.vn,30 / 30,Đoàn Quốc Hưng,525H0027,Nhóm 07 (Ca2): thứ 5,Tôi đồng ý tham gia khảo sát và kiểm tra năng lực,Chuyển đổi ngữ cảnh làm việc (session context) hiện hành sang cơ sở dữ liệu QuanlySV.,"Là từ khóa phân tách các khối lệnh (batch separator) được tiện ích SSMS nhận diện, không phải câu lệnh SQL.","NOT NULL, UNIQUE và tự động tạo Clustered Index (mặc định trong SQL Server).",Quan hệ đệ quy (Self-referential) thông qua hai khóa ngoại cùng tham chiếu về một bảng cha.,KETQUA -> DIEUKIEN -> HOCPHAN -> SINHVIEN -> MONHOC -> KETQUA,Lệnh thất bại và báo lỗi vì thêm cột NOT NULL vào bảng đã có dữ liệu mà không có giá trị DEFAULT.,"Dữ liệu trên RAM bị mất hoàn toàn khi tắt tiến trình/mất điện, dễ cạn kiệt bộ nhớ (OOM) và gặp xung đột đồng thời (race condition).","Cột tính toán động (Computed Column), giá trị được sinh tự động từ biểu thức.",Đảm bảo chuỗi văn bản lưu trữ phải tuân thủ cấu trúc định dạng JSON hợp lệ.,Thêm một dòng vào bảng SINHVIEN với giá trị MAKHOA = 'LUAT' trong khi bảng KHOA chưa có mã này.,ALTER TABLE NHANVIEN DROP COLUMN DIENTHOAI;,"Khi cột đó đang bị ràng buộc bởi Primary Key, Foreign Key, CHECK hoặc DEFAULT chưa được drop.",Báo lỗi vi phạm ràng buộc tham chiếu và từ chối (rollback) thao tác xóa dòng ở bảng cha.,Lệnh thất bại với lỗi vi phạm ràng buộc do bảng MATHANG đang có khóa ngoại tham chiếu tới NHACUNGCAP.,"CHECK (DATEDIFF(YEAR, NGAYSINH, GETDATE()) BETWEEN 18 AND 60)","OrderDate = '2026-03-10', ShipDate = '2026-03-08', DeliveryDate = '2026-03-12'",Cho phép sử dụng mệnh đề mở rộng FROM TableA JOIN TableB ON ... ngay sau mệnh đề SET.,Để tuân thủ quy tắc xóa: phải xóa dữ liệu bảng con trước khi xóa bản ghi cha để tránh lỗi vi phạm khóa ngoại.,TRUNCATE TABLE table_name;,Bỏ qua lỗi thực thi và không dừng script nếu bảng chưa từng tồn tại trong cơ sở dữ liệu.,"Đồng bộ hai bảng bằng cách kết hợp INSERT, UPDATE (và có thể DELETE) dựa trên sự khớp mã khóa.","BACKUP DATABASE QuanlySV TO DISK = 'C:\Backups\QuanlySV.bak' WITH FORMAT, INIT;",WITH REPLACE,1002,"Kho WH01 bị xóa, đồng thời tất cả các chuyến hàng có OriginWarehouseID = 'WH01' trong bảng SHIPMENT cũng tự động bị xóa.","S001', 'CSDL', 1, 4 tiếp theo chèn 'S001', 'CSDL', 1, 8",AI Vector Search vì truy vấn sử dụng ngữ nghĩa phi cấu trúc và đo độ tương đồng cosine qua embedding.,Đăng nhập bằng danh tính và chứng chỉ bảo mật của tài khoản hệ điều hành Windows hiện hành đang mở ứng dụng.,File kịch bản chứa các câu lệnh T-SQL (.sql) để tái tạo lược đồ (DDL) hoặc chèn dữ liệu (DML).,table,NVARCHAR,sp_help,ngoặc vuông (hoặc []),IDENTITY,mức bảng,NO ACTION,đệ quy,DROP TABLE,CHECK,DEFAULT,DATETIME2,bảng cha,bảng con,ADD,ALTER COLUMN,DEFAULT,ISJSON(),duy nhất,MERGE,TRUNCATE TABLE,khóa ngoại,BACKUP DATABASE,.bak,WITH REPLACE,embedding,đồng thời,cột tính toán,IF EXISTS,DATEDIFF,CASCADE,"Tinh chỉnh (Fine-tuner): Tự viết phần lớn, chỉ dùng AI để định dạng hoặc tối ưu hóa cục bộ.","Giải thích khái niệm lý thuyết và mô hình quan hệ (ERD), Sinh mã lệnh DDL/DML tự động (CREATE TABLE, ALTER, INSERT, UPDATE), Tìm kiếm và sửa lỗi (Debug) các lỗi cú pháp hoặc lỗi vi phạm ràng buộc toàn vẹn, Hỗ trợ giải quyết các bài tập Homework/Assignment cá nhân","Đọc hiểu kỹ, rà soát từng dòng, tự kiểm tra các trường hợp biên (Active Verification)",Thỉnh thoảng có cảm giác này,3,Tự tra cứu tài liệu Lab Manual hoặc cấu trúc schema để tìm nguyên nhân gốc rễ,Các câu trả lời giải thích bằng ngôn ngữ tự nhiên của Trợ lý AI,"Áp dụng giai đoạn đầu không dùng AI, sau đó mới mở rộng cho phép dùng AI, Tăng cường các bài kiểm tra vấn đáp trực tiếp / live-coding không dùng mạng, Đưa các tình huống gỡ lỗi mã AI sai vào nội dung bài tập thực hành trên lớp",5,Không
9/10/2026 9:49:06,525h0084@student.tdtu.edu.vn,30 / 30,Vũ Duy Tân,525H0084,Nhóm 07 (Ca2): thứ 5,Tôi đồng ý tham gia khảo sát và kiểm tra năng lực,Chuyển đổi ngữ cảnh làm việc (session context) hiện hành sang cơ sở dữ liệu QuanlySV.,"Là từ khóa phân tách các khối lệnh (batch separator) được tiện ích SSMS nhận diện, không phải câu lệnh SQL.","NOT NULL, UNIQUE và tự động tạo Clustered Index (mặc định trong SQL Server).",Quan hệ đệ quy (Self-referential) thông qua hai khóa ngoại cùng tham chiếu về một bảng cha.,KETQUA -> DIEUKIEN -> HOCPHAN -> SINHVIEN -> MONHOC -> KETQUA,Lệnh thất bại và báo lỗi vì thêm cột NOT NULL vào bảng đã có dữ liệu mà không có giá trị DEFAULT.,"Dữ liệu trên RAM bị mất hoàn toàn khi tắt tiến trình/mất điện, dễ cạn kiệt bộ nhớ (OOM) và gặp xung đột đồng thời (race condition).","Cột tính toán động (Computed Column), giá trị được sinh tự động từ biểu thức.",Đảm bảo chuỗi văn bản lưu trữ phải tuân thủ cấu trúc định dạng JSON hợp lệ.,Thêm một dòng vào bảng SINHVIEN với giá trị MAKHOA = 'LUAT' trong khi bảng KHOA chưa có mã này.,ALTER TABLE NHANVIEN DROP COLUMN DIENTHOAI;,"Khi cột đó đang bị ràng buộc bởi Primary Key, Foreign Key, CHECK hoặc DEFAULT chưa được drop.",Báo lỗi vi phạm ràng buộc tham chiếu và từ chối (rollback) thao tác xóa dòng ở bảng cha.,Lệnh thất bại với lỗi vi phạm ràng buộc do bảng MATHANG đang có khóa ngoại tham chiếu tới NHACUNGCAP.,"CHECK (DATEDIFF(YEAR, NGAYSINH, GETDATE()) BETWEEN 18 AND 60)","OrderDate = '2026-03-10', ShipDate = '2026-03-08', DeliveryDate = '2026-03-12'",Cho phép sử dụng mệnh đề mở rộng FROM TableA JOIN TableB ON ... ngay sau mệnh đề SET.,Để tuân thủ quy tắc xóa: phải xóa dữ liệu bảng con trước khi xóa bản ghi cha để tránh lỗi vi phạm khóa ngoại.,TRUNCATE TABLE table_name;,Bỏ qua lỗi thực thi và không dừng script nếu bảng chưa từng tồn tại trong cơ sở dữ liệu.,"Đồng bộ hai bảng bằng cách kết hợp INSERT, UPDATE (và có thể DELETE) dựa trên sự khớp mã khóa.","BACKUP DATABASE QuanlySV TO DISK = 'C:\Backups\QuanlySV.bak' WITH FORMAT, INIT;",WITH REPLACE,1002,"Kho WH01 bị xóa, đồng thời tất cả các chuyến hàng có OriginWarehouseID = 'WH01' trong bảng SHIPMENT cũng tự động bị xóa.","S001', 'CSDL', 1, 4 tiếp theo chèn 'S001', 'CSDL', 1, 8",AI Vector Search vì truy vấn sử dụng ngữ nghĩa phi cấu trúc và đo độ tương đồng cosine qua embedding.,Đăng nhập bằng danh tính và chứng chỉ bảo mật của tài khoản hệ điều hành Windows hiện hành đang mở ứng dụng.,File kịch bản chứa các câu lệnh T-SQL (.sql) để tái tạo lược đồ (DDL) hoặc chèn dữ liệu (DML).,table,NVARCHAR,sp_help,Ngoặc vuông,IDENTITY,Cấp bảng,NO ACTION,Đệ quy,DROP TABLE,CHECK,DEFAULT,DATETIME2,Cha,Con,ADD,ALTER COLUMN,DEFAULT,ISJSON,Duy nhất,MERGE,TRUNCATE TABLE,FOREIGN KEY,BACKUP DATABASE,.bak,WITH REPLACE,Embedding,Đồng thời,Computed Column,IF EXISTS,DATEDIFF,ON DELETE CASCADE,"Khởi đầu (Starter): Tự viết mã ban đầu, chỉ gọi AI khi gặp lỗi biên dịch hoặc bế tắc cú pháp.","Giải thích khái niệm lý thuyết và mô hình quan hệ (ERD), Tìm kiếm và sửa lỗi (Debug) các lỗi cú pháp hoặc lỗi vi phạm ràng buộc toàn vẹn, Hỗ trợ giải quyết các bài tập Homework/Assignment cá nhân","Đọc hiểu kỹ, rà soát từng dòng, tự kiểm tra các trường hợp biên (Active Verification)",Thỉnh thoảng có cảm giác này,3,Tự tra cứu tài liệu Lab Manual hoặc cấu trúc schema để tìm nguyên nhân gốc rễ,Sách hướng dẫn Lab thủ công (Lab Manual) chính thống của giảng viên,"Áp dụng giai đoạn đầu không dùng AI, sau đó mới mở rộng cho phép dùng AI",3,
9/10/2026 9:50:11,525h0124@student.tdtu.edu.vn,30 / 30,Bùi Trương Gia Định,525H0124,Nhóm 07 (Ca2): thứ 5,Tôi đồng ý tham gia khảo sát và kiểm tra năng lực,Chuyển đổi ngữ cảnh làm việc (session context) hiện hành sang cơ sở dữ liệu QuanlySV.,"Là từ khóa phân tách các khối lệnh (batch separator) được tiện ích SSMS nhận diện, không phải câu lệnh SQL.","NOT NULL, UNIQUE và tự động tạo Clustered Index (mặc định trong SQL Server).",Quan hệ đệ quy (Self-referential) thông qua hai khóa ngoại cùng tham chiếu về một bảng cha.,KETQUA -> DIEUKIEN -> HOCPHAN -> SINHVIEN -> MONHOC -> KETQUA,Lệnh thất bại và báo lỗi vì thêm cột NOT NULL vào bảng đã có dữ liệu mà không có giá trị DEFAULT.,"Dữ liệu trên RAM bị mất hoàn toàn khi tắt tiến trình/mất điện, dễ cạn kiệt bộ nhớ (OOM) và gặp xung đột đồng thời (race condition).","Cột tính toán động (Computed Column), giá trị được sinh tự động từ biểu thức.",Đảm bảo chuỗi văn bản lưu trữ phải tuân thủ cấu trúc định dạng JSON hợp lệ.,Thêm một dòng vào bảng SINHVIEN với giá trị MAKHOA = 'LUAT' trong khi bảng KHOA chưa có mã này.,ALTER TABLE NHANVIEN DROP COLUMN DIENTHOAI;,"Khi cột đó đang bị ràng buộc bởi Primary Key, Foreign Key, CHECK hoặc DEFAULT chưa được drop.",Báo lỗi vi phạm ràng buộc tham chiếu và từ chối (rollback) thao tác xóa dòng ở bảng cha.,Lệnh thất bại với lỗi vi phạm ràng buộc do bảng MATHANG đang có khóa ngoại tham chiếu tới NHACUNGCAP.,"CHECK (DATEDIFF(YEAR, NGAYSINH, GETDATE()) BETWEEN 18 AND 60)","OrderDate = '2026-03-10', ShipDate = '2026-03-08', DeliveryDate = '2026-03-12'",Cho phép sử dụng mệnh đề mở rộng FROM TableA JOIN TableB ON ... ngay sau mệnh đề SET.,Để tuân thủ quy tắc xóa: phải xóa dữ liệu bảng con trước khi xóa bản ghi cha để tránh lỗi vi phạm khóa ngoại.,TRUNCATE TABLE table_name;,Bỏ qua lỗi thực thi và không dừng script nếu bảng chưa từng tồn tại trong cơ sở dữ liệu.,"Đồng bộ hai bảng bằng cách kết hợp INSERT, UPDATE (và có thể DELETE) dựa trên sự khớp mã khóa.","BACKUP DATABASE QuanlySV TO DISK = 'C:\Backups\QuanlySV.bak' WITH FORMAT, INIT;",WITH REPLACE,1002,"Kho WH01 bị xóa, đồng thời tất cả các chuyến hàng có OriginWarehouseID = 'WH01' trong bảng SHIPMENT cũng tự động bị xóa.","S001', 'CSDL', 1, 4 tiếp theo chèn 'S001', 'CSDL', 1, 8",AI Vector Search vì truy vấn sử dụng ngữ nghĩa phi cấu trúc và đo độ tương đồng cosine qua embedding.,Đăng nhập bằng danh tính và chứng chỉ bảo mật của tài khoản hệ điều hành Windows hiện hành đang mở ứng dụng.,File kịch bản chứa các câu lệnh T-SQL (.sql) để tái tạo lược đồ (DDL) hoặc chèn dữ liệu (DML).,table,NVARCHAR,sp_help,Ngoặc vuông [ ],IDENTITY,Mức bảng,NO ACTION,Đệ quy,DROP TABLE,CHECK,DEFAULT,DATETIME2,Bảng cha,Bảng con,ADD,ALTER COLUMN,Mặc định,ISJSON,Duy nhất,MERGE,TRUNCATE TABLE,Khóa ngoại,BACKUP DATABASE,.bak,WITH REPLACE,Vector embedding,Đồng thời,Cột tính toán,IF EXISTS,DATEDIFF,ON DELETE CASCADE,"Tinh chỉnh (Fine-tuner): Tự viết phần lớn, chỉ dùng AI để định dạng hoặc tối ưu hóa cục bộ.","Giải thích khái niệm lý thuyết và mô hình quan hệ (ERD), Sinh mã lệnh DDL/DML tự động (CREATE TABLE, ALTER, INSERT, UPDATE)","Đọc hiểu kỹ, rà soát từng dòng, tự kiểm tra các trường hợp biên (Active Verification)","Hầu như không xảy ra, tôi luôn phân biệt rõ ràng giữa việc hiểu và việc dùng AI",4,Tự tra cứu tài liệu Lab Manual hoặc cấu trúc schema để tìm nguyên nhân gốc rễ,Các câu trả lời giải thích bằng ngôn ngữ tự nhiên của Trợ lý AI,"Áp dụng giai đoạn đầu không dùng AI, sau đó mới mở rộng cho phép dùng AI, Đưa các tình huống gỡ lỗi mã AI sai vào nội dung bài tập thực hành trên lớp",4,
9/10/2026 9:50:15,525h0147@student.tdtu.edu.vn,30 / 30,Nguyễn Hoài Khanh,525H0147,Nhóm 07 (Ca2): thứ 5,Tôi đồng ý tham gia khảo sát và kiểm tra năng lực,Chuyển đổi ngữ cảnh làm việc (session context) hiện hành sang cơ sở dữ liệu QuanlySV.,"Là từ khóa phân tách các khối lệnh (batch separator) được tiện ích SSMS nhận diện, không phải câu lệnh SQL.","NOT NULL, UNIQUE và tự động tạo Clustered Index (mặc định trong SQL Server).",Quan hệ đệ quy (Self-referential) thông qua hai khóa ngoại cùng tham chiếu về một bảng cha.,KETQUA -> DIEUKIEN -> HOCPHAN -> SINHVIEN -> MONHOC -> KETQUA,Lệnh thất bại và báo lỗi vì thêm cột NOT NULL vào bảng đã có dữ liệu mà không có giá trị DEFAULT.,"Dữ liệu trên RAM bị mất hoàn toàn khi tắt tiến trình/mất điện, dễ cạn kiệt bộ nhớ (OOM) và gặp xung đột đồng thời (race condition).","Cột tính toán động (Computed Column), giá trị được sinh tự động từ biểu thức.",Đảm bảo chuỗi văn bản lưu trữ phải tuân thủ cấu trúc định dạng JSON hợp lệ.,Thêm một dòng vào bảng SINHVIEN với giá trị MAKHOA = 'LUAT' trong khi bảng KHOA chưa có mã này.,ALTER TABLE NHANVIEN DROP COLUMN DIENTHOAI;,"Khi cột đó đang bị ràng buộc bởi Primary Key, Foreign Key, CHECK hoặc DEFAULT chưa được drop.",Báo lỗi vi phạm ràng buộc tham chiếu và từ chối (rollback) thao tác xóa dòng ở bảng cha.,Lệnh thất bại với lỗi vi phạm ràng buộc do bảng MATHANG đang có khóa ngoại tham chiếu tới NHACUNGCAP.,"CHECK (DATEDIFF(YEAR, NGAYSINH, GETDATE()) BETWEEN 18 AND 60)","OrderDate = '2026-03-10', ShipDate = '2026-03-08', DeliveryDate = '2026-03-12'",Cho phép sử dụng mệnh đề mở rộng FROM TableA JOIN TableB ON ... ngay sau mệnh đề SET.,Để tuân thủ quy tắc xóa: phải xóa dữ liệu bảng con trước khi xóa bản ghi cha để tránh lỗi vi phạm khóa ngoại.,TRUNCATE TABLE table_name;,Bỏ qua lỗi thực thi và không dừng script nếu bảng chưa từng tồn tại trong cơ sở dữ liệu.,"Đồng bộ hai bảng bằng cách kết hợp INSERT, UPDATE (và có thể DELETE) dựa trên sự khớp mã khóa.","BACKUP DATABASE QuanlySV TO DISK = 'C:\Backups\QuanlySV.bak' WITH FORMAT, INIT;",WITH REPLACE,1002,"Kho WH01 bị xóa, đồng thời tất cả các chuyến hàng có OriginWarehouseID = 'WH01' trong bảng SHIPMENT cũng tự động bị xóa.","S001', 'CSDL', 1, 4 tiếp theo chèn 'S001', 'CSDL', 1, 8",AI Vector Search vì truy vấn sử dụng ngữ nghĩa phi cấu trúc và đo độ tương đồng cosine qua embedding.,Đăng nhập bằng danh tính và chứng chỉ bảo mật của tài khoản hệ điều hành Windows hiện hành đang mở ứng dụng.,File kịch bản chứa các câu lệnh T-SQL (.sql) để tái tạo lược đồ (DDL) hoặc chèn dữ liệu (DML).,table,NVARCHAR,sp_help,ngoặc vuông [ ],IDENTITY,mức bảng,NO ACTION,đệ quy,DROP TABLE,CHECK,DEFAULT,DATETIME2,cha,con,ADD,ALTER COLUMN,mặc định,ISJSON,duy nhất,MERGE,TRUNCATE TABLE,khóa ngoại,BACKUP DATABASE,.bak,WITH REPLACE,nhúng (embedding),đồng thời,tính toán,IF EXISTS,DATEDIFF,ON DELETE CASCADE,"Khởi đầu (Starter): Tự viết mã ban đầu, chỉ gọi AI khi gặp lỗi biên dịch hoặc bế tắc cú pháp.","Giải thích khái niệm lý thuyết và mô hình quan hệ (ERD), Sinh mã lệnh DDL/DML tự động (CREATE TABLE, ALTER, INSERT, UPDATE), Tìm kiếm và sửa lỗi (Debug) các lỗi cú pháp hoặc lỗi vi phạm ràng buộc toàn vẹn, Hỗ trợ giải quyết các bài tập Homework/Assignment cá nhân","Đọc hiểu kỹ, rà soát từng dòng, tự kiểm tra các trường hợp biên (Active Verification)",Thỉnh thoảng có cảm giác này,3,Tự tra cứu tài liệu Lab Manual hoặc cấu trúc schema để tìm nguyên nhân gốc rễ,Tài liệu kỹ thuật chính thức (Microsoft SQL Server Documentation / TechNet),"Áp dụng giai đoạn đầu không dùng AI, sau đó mới mở rộng cho phép dùng AI, Tăng cường các bài kiểm tra vấn đáp trực tiếp / live-coding không dùng mạng, Đưa các tình huống gỡ lỗi mã AI sai vào nội dung bài tập thực hành trên lớp",4,"AI là một công cụ hỗ trợ học tập đắc lực giúp tăng tốc quá trình gỡ lỗi, gợi ý cú pháp và giải thích lý thuyết trực quan."
9/10/2026 9:51:51,525h0029@student.tdtu.edu.vn,30 / 30,Lê Quốc Huy,525h0029,Nhóm 07 (Ca2): thứ 5,Tôi đồng ý tham gia khảo sát và kiểm tra năng lực,Chuyển đổi ngữ cảnh làm việc (session context) hiện hành sang cơ sở dữ liệu QuanlySV.,"Là từ khóa phân tách các khối lệnh (batch separator) được tiện ích SSMS nhận diện, không phải câu lệnh SQL.","NOT NULL, UNIQUE và tự động tạo Clustered Index (mặc định trong SQL Server).",Quan hệ đệ quy (Self-referential) thông qua hai khóa ngoại cùng tham chiếu về một bảng cha.,KETQUA -> DIEUKIEN -> HOCPHAN -> SINHVIEN -> MONHOC -> KETQUA,Lệnh thất bại và báo lỗi vì thêm cột NOT NULL vào bảng đã có dữ liệu mà không có giá trị DEFAULT.,"Dữ liệu trên RAM bị mất hoàn toàn khi tắt tiến trình/mất điện, dễ cạn kiệt bộ nhớ (OOM) và gặp xung đột đồng thời (race condition).","Cột tính toán động (Computed Column), giá trị được sinh tự động từ biểu thức.",Đảm bảo chuỗi văn bản lưu trữ phải tuân thủ cấu trúc định dạng JSON hợp lệ.,Thêm một dòng vào bảng SINHVIEN với giá trị MAKHOA = 'LUAT' trong khi bảng KHOA chưa có mã này.,ALTER TABLE NHANVIEN DROP COLUMN DIENTHOAI;,"Khi cột đó đang bị ràng buộc bởi Primary Key, Foreign Key, CHECK hoặc DEFAULT chưa được drop.",Báo lỗi vi phạm ràng buộc tham chiếu và từ chối (rollback) thao tác xóa dòng ở bảng cha.,Lệnh thất bại với lỗi vi phạm ràng buộc do bảng MATHANG đang có khóa ngoại tham chiếu tới NHACUNGCAP.,"CHECK (DATEDIFF(YEAR, NGAYSINH, GETDATE()) BETWEEN 18 AND 60)","OrderDate = '2026-03-10', ShipDate = '2026-03-08', DeliveryDate = '2026-03-12'",Cho phép sử dụng mệnh đề mở rộng FROM TableA JOIN TableB ON ... ngay sau mệnh đề SET.,Để tuân thủ quy tắc xóa: phải xóa dữ liệu bảng con trước khi xóa bản ghi cha để tránh lỗi vi phạm khóa ngoại.,TRUNCATE TABLE table_name;,Bỏ qua lỗi thực thi và không dừng script nếu bảng chưa từng tồn tại trong cơ sở dữ liệu.,"Đồng bộ hai bảng bằng cách kết hợp INSERT, UPDATE (và có thể DELETE) dựa trên sự khớp mã khóa.","BACKUP DATABASE QuanlySV TO DISK = 'C:\Backups\QuanlySV.bak' WITH FORMAT, INIT;",WITH REPLACE,1002,"Kho WH01 bị xóa, đồng thời tất cả các chuyến hàng có OriginWarehouseID = 'WH01' trong bảng SHIPMENT cũng tự động bị xóa.","S001', 'CSDL', 1, 4 tiếp theo chèn 'S001', 'CSDL', 1, 8",AI Vector Search vì truy vấn sử dụng ngữ nghĩa phi cấu trúc và đo độ tương đồng cosine qua embedding.,Đăng nhập bằng danh tính và chứng chỉ bảo mật của tài khoản hệ điều hành Windows hiện hành đang mở ứng dụng.,File kịch bản chứa các câu lệnh T-SQL (.sql) để tái tạo lược đồ (DDL) hoặc chèn dữ liệu (DML).,table,NVARCHAR,sp_help,Ngoặc vuông,IDENTITY,Cấp bảng,NO ACTION,Đệ quy,DROP TABLE,CHECK,DEFAULT,DATETIME2,Bảng cha,Bảng con,ADD,ALTER COLUMN,Mặc định,ISJSON,Duy nhất,MERGE,TRUNCATE TABLE,Khóa ngoại,BACKUP DATABASE,.bak,WITH REPLACE,Nhúng,Đồng thời,Cột tính toán,IF EXISTS,DATEDIFF,ON DELETE CASCADE,"Thách thức (Challenger): Tự hoàn thiện giải pháp trước, sau đó dùng AI để kiểm chứng khả năng tối ưu.","Giải thích khái niệm lý thuyết và mô hình quan hệ (ERD), Sinh mã lệnh DDL/DML tự động (CREATE TABLE, ALTER, INSERT, UPDATE), Tìm kiếm và sửa lỗi (Debug) các lỗi cú pháp hoặc lỗi vi phạm ràng buộc toàn vẹn, Hỗ trợ giải quyết các bài tập Homework/Assignment cá nhân","Đọc hiểu kỹ, rà soát từng dòng, tự kiểm tra các trường hợp biên (Active Verification)",Thỉnh thoảng có cảm giác này,5,Tự tra cứu tài liệu Lab Manual hoặc cấu trúc schema để tìm nguyên nhân gốc rễ,Sách hướng dẫn Lab thủ công (Lab Manual) chính thống của giảng viên,Đưa các tình huống gỡ lỗi mã AI sai vào nội dung bài tập thực hành trên lớp,3,"Lợi ích: Trực quan hóa lý thuyết, sửa lỗi cú pháp, sinh dữ liệu test.
Rủi ro: Code AI dễ chạy đúng ở dữ liệu nhỏ nhưng gây nghẽn hệ thống khi mở rộng"
9/10/2026 9:57:02,525h0075@student.tdtu.edu.vn,30 / 30,Trần Nguyễn Minh Phước,525h0075,Nhóm 07 (Ca2): thứ 5,Tôi đồng ý tham gia khảo sát và kiểm tra năng lực,Chuyển đổi ngữ cảnh làm việc (session context) hiện hành sang cơ sở dữ liệu QuanlySV.,"Là từ khóa phân tách các khối lệnh (batch separator) được tiện ích SSMS nhận diện, không phải câu lệnh SQL.","NOT NULL, UNIQUE và tự động tạo Clustered Index (mặc định trong SQL Server).",Quan hệ đệ quy (Self-referential) thông qua hai khóa ngoại cùng tham chiếu về một bảng cha.,KETQUA -> DIEUKIEN -> HOCPHAN -> SINHVIEN -> MONHOC -> KETQUA,Lệnh thất bại và báo lỗi vì thêm cột NOT NULL vào bảng đã có dữ liệu mà không có giá trị DEFAULT.,"Dữ liệu trên RAM bị mất hoàn toàn khi tắt tiến trình/mất điện, dễ cạn kiệt bộ nhớ (OOM) và gặp xung đột đồng thời (race condition).","Cột tính toán động (Computed Column), giá trị được sinh tự động từ biểu thức.",Đảm bảo chuỗi văn bản lưu trữ phải tuân thủ cấu trúc định dạng JSON hợp lệ.,Thêm một dòng vào bảng SINHVIEN với giá trị MAKHOA = 'LUAT' trong khi bảng KHOA chưa có mã này.,ALTER TABLE NHANVIEN DROP COLUMN DIENTHOAI;,"Khi cột đó đang bị ràng buộc bởi Primary Key, Foreign Key, CHECK hoặc DEFAULT chưa được drop.",Báo lỗi vi phạm ràng buộc tham chiếu và từ chối (rollback) thao tác xóa dòng ở bảng cha.,Lệnh thất bại với lỗi vi phạm ràng buộc do bảng MATHANG đang có khóa ngoại tham chiếu tới NHACUNGCAP.,"CHECK (DATEDIFF(YEAR, NGAYSINH, GETDATE()) BETWEEN 18 AND 60)","OrderDate = '2026-03-10', ShipDate = '2026-03-08', DeliveryDate = '2026-03-12'",Cho phép sử dụng mệnh đề mở rộng FROM TableA JOIN TableB ON ... ngay sau mệnh đề SET.,Để tuân thủ quy tắc xóa: phải xóa dữ liệu bảng con trước khi xóa bản ghi cha để tránh lỗi vi phạm khóa ngoại.,TRUNCATE TABLE table_name;,Bỏ qua lỗi thực thi và không dừng script nếu bảng chưa từng tồn tại trong cơ sở dữ liệu.,"Đồng bộ hai bảng bằng cách kết hợp INSERT, UPDATE (và có thể DELETE) dựa trên sự khớp mã khóa.","BACKUP DATABASE QuanlySV TO DISK = 'C:\Backups\QuanlySV.bak' WITH FORMAT, INIT;",WITH REPLACE,1002,"Kho WH01 bị xóa, đồng thời tất cả các chuyến hàng có OriginWarehouseID = 'WH01' trong bảng SHIPMENT cũng tự động bị xóa.","S001', 'CSDL', 1, 4 tiếp theo chèn 'S001', 'CSDL', 1, 8",AI Vector Search vì truy vấn sử dụng ngữ nghĩa phi cấu trúc và đo độ tương đồng cosine qua embedding.,Đăng nhập bằng danh tính và chứng chỉ bảo mật của tài khoản hệ điều hành Windows hiện hành đang mở ứng dụng.,File kịch bản chứa các câu lệnh T-SQL (.sql) để tái tạo lược đồ (DDL) hoặc chèn dữ liệu (DML).,table,NVARCHAR,sp_help,Ngoặc vuông,IDENTITY,Cấp bảng,NO ACTION,Đệ quy,DROP TABLE,CHECK,DEFAULT,DATETIME2,Cha,Con,ADD,ALTER COLUMN,DEFAULT,ISJSON,Duy nhất,MERGE,TRUNCATE TABLE,Khóa ngoại,BACKUP DATABASE,.bak,WITH REPLACE,Embedding,Đồng thời,Cột tính toán,IF EXISTS,DATEDIFF,ON DELETE CASCADE,"Điều hướng (Navigator): Đối thoại liên tục từng bước nhỏ, xây dựng giải pháp qua gợi ý của AI (lập trình cặp).","Giải thích khái niệm lý thuyết và mô hình quan hệ (ERD), Sinh mã lệnh DDL/DML tự động (CREATE TABLE, ALTER, INSERT, UPDATE), Tìm kiếm và sửa lỗi (Debug) các lỗi cú pháp hoặc lỗi vi phạm ràng buộc toàn vẹn, Hỗ trợ giải quyết các bài tập Homework/Assignment cá nhân","Đọc hiểu kỹ, rà soát từng dòng, tự kiểm tra các trường hợp biên (Active Verification)",Thỉnh thoảng có cảm giác này,3,Tự tra cứu tài liệu Lab Manual hoặc cấu trúc schema để tìm nguyên nhân gốc rễ,Tài liệu kỹ thuật chính thức (Microsoft SQL Server Documentation / TechNet),"Áp dụng giai đoạn đầu không dùng AI, sau đó mới mở rộng cho phép dùng AI, Tăng cường các bài kiểm tra vấn đáp trực tiếp / live-coding không dùng mạng, Đưa các tình huống gỡ lỗi mã AI sai vào nội dung bài tập thực hành trên lớp",4,"AI nên được định vị là một trợ lý phản biện và gia sư 1-1thay vì công cụ giải hộ. Để xây dựng kỹ năng bền vững, sinh viên cần nắm chắc bản chất lý thuyết nền tảngtrước khi dùng AI sinh mã, đồng thời nhà trường nên tăng cường các bài tập phân tích, debug mã nguồn bị lỗi logic do AI tạo ra và đẩy mạnh đánh giá qua live-coding"
9/10/2026 10:02:02,525h0061@student.tdtu.edu.vn,30 / 30,Lại Phúc Mỹ Ngọc,525H0061,Nhóm 07 (Ca2): thứ 5,Tôi đồng ý tham gia khảo sát và kiểm tra năng lực,Chuyển đổi ngữ cảnh làm việc (session context) hiện hành sang cơ sở dữ liệu QuanlySV.,"Là từ khóa phân tách các khối lệnh (batch separator) được tiện ích SSMS nhận diện, không phải câu lệnh SQL.","NOT NULL, UNIQUE và tự động tạo Clustered Index (mặc định trong SQL Server).",Quan hệ đệ quy (Self-referential) thông qua hai khóa ngoại cùng tham chiếu về một bảng cha.,KETQUA -> DIEUKIEN -> HOCPHAN -> SINHVIEN -> MONHOC -> KETQUA,Lệnh thất bại và báo lỗi vì thêm cột NOT NULL vào bảng đã có dữ liệu mà không có giá trị DEFAULT.,"Dữ liệu trên RAM bị mất hoàn toàn khi tắt tiến trình/mất điện, dễ cạn kiệt bộ nhớ (OOM) và gặp xung đột đồng thời (race condition).","Cột tính toán động (Computed Column), giá trị được sinh tự động từ biểu thức.",Đảm bảo chuỗi văn bản lưu trữ phải tuân thủ cấu trúc định dạng JSON hợp lệ.,Thêm một dòng vào bảng SINHVIEN với giá trị MAKHOA = 'LUAT' trong khi bảng KHOA chưa có mã này.,ALTER TABLE NHANVIEN DROP COLUMN DIENTHOAI;,"Khi cột đó đang bị ràng buộc bởi Primary Key, Foreign Key, CHECK hoặc DEFAULT chưa được drop.",Báo lỗi vi phạm ràng buộc tham chiếu và từ chối (rollback) thao tác xóa dòng ở bảng cha.,Lệnh thất bại với lỗi vi phạm ràng buộc do bảng MATHANG đang có khóa ngoại tham chiếu tới NHACUNGCAP.,"CHECK (DATEDIFF(YEAR, NGAYSINH, GETDATE()) BETWEEN 18 AND 60)","OrderDate = '2026-03-10', ShipDate = '2026-03-08', DeliveryDate = '2026-03-12'",Cho phép sử dụng mệnh đề mở rộng FROM TableA JOIN TableB ON ... ngay sau mệnh đề SET.,Để tuân thủ quy tắc xóa: phải xóa dữ liệu bảng con trước khi xóa bản ghi cha để tránh lỗi vi phạm khóa ngoại.,TRUNCATE TABLE table_name;,Bỏ qua lỗi thực thi và không dừng script nếu bảng chưa từng tồn tại trong cơ sở dữ liệu.,"Đồng bộ hai bảng bằng cách kết hợp INSERT, UPDATE (và có thể DELETE) dựa trên sự khớp mã khóa.","BACKUP DATABASE QuanlySV TO DISK = 'C:\Backups\QuanlySV.bak' WITH FORMAT, INIT;",WITH REPLACE,1002,"Kho WH01 bị xóa, đồng thời tất cả các chuyến hàng có OriginWarehouseID = 'WH01' trong bảng SHIPMENT cũng tự động bị xóa.","S001', 'CSDL', 1, 4 tiếp theo chèn 'S001', 'CSDL', 1, 8",AI Vector Search vì truy vấn sử dụng ngữ nghĩa phi cấu trúc và đo độ tương đồng cosine qua embedding.,Đăng nhập bằng danh tính và chứng chỉ bảo mật của tài khoản hệ điều hành Windows hiện hành đang mở ứng dụng.,File kịch bản chứa các câu lệnh T-SQL (.sql) để tái tạo lược đồ (DDL) hoặc chèn dữ liệu (DML).,table,NVARCHAR,sp_help,[],IDENTITY,cấp bảng,NO ACTION,tự tham chiếu,DROP TABLE,CHECK,DEFAULT,DATETIME2,bảng cha,bảng con,ADD,ALTER COLUMN,DEFAULT,ISJSON,duy nhất,MERGE,TRUNCATE TABLE,khóa ngoại,BACKUP DATABASE,.bak,WITH REPLACE,không gian vector,bất đồng bộ,Cột tính toán,IF EXISTS,DATEDIFF,CASCADE,"Khởi đầu (Starter): Tự viết mã ban đầu, chỉ gọi AI khi gặp lỗi biên dịch hoặc bế tắc cú pháp.","Giải thích khái niệm lý thuyết và mô hình quan hệ (ERD), Sinh mã lệnh DDL/DML tự động (CREATE TABLE, ALTER, INSERT, UPDATE), Tìm kiếm và sửa lỗi (Debug) các lỗi cú pháp hoặc lỗi vi phạm ràng buộc toàn vẹn, Hỗ trợ giải quyết các bài tập Homework/Assignment cá nhân",Chạy thử nghiệm (Run/Test) trên SSMS xem có báo lỗi không rồi nộp,"Hầu như không xảy ra, tôi luôn phân biệt rõ ràng giữa việc hiểu và việc dùng AI",3,Đưa ngay thông báo lỗi (Error message) cho AI để nhờ sửa hộ,Sách hướng dẫn Lab thủ công (Lab Manual) chính thống của giảng viên,"Áp dụng giai đoạn đầu không dùng AI, sau đó mới mở rộng cho phép dùng AI, Đưa các tình huống gỡ lỗi mã AI sai vào nội dung bài tập thực hành trên lớp",4,Không có
9/10/2026 10:02:55,525h0063@student.tdtu.edu.vn,30 / 30,Nguyễn Thành Nhân,525H0063,Nhóm 07 (Ca2): thứ 5,Tôi đồng ý tham gia khảo sát và kiểm tra năng lực,Chuyển đổi ngữ cảnh làm việc (session context) hiện hành sang cơ sở dữ liệu QuanlySV.,"Là từ khóa phân tách các khối lệnh (batch separator) được tiện ích SSMS nhận diện, không phải câu lệnh SQL.","NOT NULL, UNIQUE và tự động tạo Clustered Index (mặc định trong SQL Server).",Quan hệ đệ quy (Self-referential) thông qua hai khóa ngoại cùng tham chiếu về một bảng cha.,KETQUA -> DIEUKIEN -> HOCPHAN -> SINHVIEN -> MONHOC -> KETQUA,Lệnh thất bại và báo lỗi vì thêm cột NOT NULL vào bảng đã có dữ liệu mà không có giá trị DEFAULT.,"Dữ liệu trên RAM bị mất hoàn toàn khi tắt tiến trình/mất điện, dễ cạn kiệt bộ nhớ (OOM) và gặp xung đột đồng thời (race condition).","Cột tính toán động (Computed Column), giá trị được sinh tự động từ biểu thức.",Đảm bảo chuỗi văn bản lưu trữ phải tuân thủ cấu trúc định dạng JSON hợp lệ.,Thêm một dòng vào bảng SINHVIEN với giá trị MAKHOA = 'LUAT' trong khi bảng KHOA chưa có mã này.,ALTER TABLE NHANVIEN DROP COLUMN DIENTHOAI;,"Khi cột đó đang bị ràng buộc bởi Primary Key, Foreign Key, CHECK hoặc DEFAULT chưa được drop.",Báo lỗi vi phạm ràng buộc tham chiếu và từ chối (rollback) thao tác xóa dòng ở bảng cha.,Lệnh thất bại với lỗi vi phạm ràng buộc do bảng MATHANG đang có khóa ngoại tham chiếu tới NHACUNGCAP.,"CHECK (DATEDIFF(YEAR, NGAYSINH, GETDATE()) BETWEEN 18 AND 60)","OrderDate = '2026-03-10', ShipDate = '2026-03-08', DeliveryDate = '2026-03-12'",Cho phép sử dụng mệnh đề mở rộng FROM TableA JOIN TableB ON ... ngay sau mệnh đề SET.,Để tuân thủ quy tắc xóa: phải xóa dữ liệu bảng con trước khi xóa bản ghi cha để tránh lỗi vi phạm khóa ngoại.,TRUNCATE TABLE table_name;,Bỏ qua lỗi thực thi và không dừng script nếu bảng chưa từng tồn tại trong cơ sở dữ liệu.,"Đồng bộ hai bảng bằng cách kết hợp INSERT, UPDATE (và có thể DELETE) dựa trên sự khớp mã khóa.","BACKUP DATABASE QuanlySV TO DISK = 'C:\Backups\QuanlySV.bak' WITH FORMAT, INIT;",WITH REPLACE,1002,"Kho WH01 bị xóa, đồng thời tất cả các chuyến hàng có OriginWarehouseID = 'WH01' trong bảng SHIPMENT cũng tự động bị xóa.","S001', 'CSDL', 1, 4 tiếp theo chèn 'S001', 'CSDL', 1, 8",AI Vector Search vì truy vấn sử dụng ngữ nghĩa phi cấu trúc và đo độ tương đồng cosine qua embedding.,Đăng nhập bằng danh tính và chứng chỉ bảo mật của tài khoản hệ điều hành Windows hiện hành đang mở ứng dụng.,File kịch bản chứa các câu lệnh T-SQL (.sql) để tái tạo lược đồ (DDL) hoặc chèn dữ liệu (DML).,table,NVARCHAR,sp_help,[ ],IDENTITY,Cấp độ bảng,NO ACTION,Đệ quy,DROP TABLE,CHECK,DEFAULT,DATETIME2,Bảng cha,Bảng con,ADD,ALTER COLUMN,DEFAULT,ISJSON,Duy nhất,MERGE,TRUNCATE,Khóa ngoại,BACKUP DATABASE,.bak,WITH REPLACE,Embedding,Đồng thời,Cột tính toán,IF EXISTS,DATEDIFF,CASCADE,"Điều hướng (Navigator): Đối thoại liên tục từng bước nhỏ, xây dựng giải pháp qua gợi ý của AI (lập trình cặp).","Tìm kiếm và sửa lỗi (Debug) các lỗi cú pháp hoặc lỗi vi phạm ràng buộc toàn vẹn, Hỗ trợ giải quyết các bài tập Homework/Assignment cá nhân","Đọc hiểu kỹ, rà soát từng dòng, tự kiểm tra các trường hợp biên (Active Verification)",Thỉnh thoảng có cảm giác này,3,Thử nghiệm ngẫu nhiên các câu lệnh vô hiệu hóa kiểm tra cho đến khi chạy được,Tài liệu kỹ thuật chính thức (Microsoft SQL Server Documentation / TechNet),"Áp dụng giai đoạn đầu không dùng AI, sau đó mới mở rộng cho phép dùng AI, Tăng cường các bài kiểm tra vấn đáp trực tiếp / live-coding không dùng mạng, Đưa các tình huống gỡ lỗi mã AI sai vào nội dung bài tập thực hành trên lớp",4,"Hạn chế sử dụng AI nhất có thể. ĐỪng sử dụng AI khi chưa biết code.
"
9/10/2026 10:04:23,525h0083@student.tdtu.edu.vn,30 / 30,Vũ Đức Tài,525H0083,Nhóm 07 (Ca2): thứ 5,Tôi đồng ý tham gia khảo sát và kiểm tra năng lực,Chuyển đổi ngữ cảnh làm việc (session context) hiện hành sang cơ sở dữ liệu QuanlySV.,"Là từ khóa phân tách các khối lệnh (batch separator) được tiện ích SSMS nhận diện, không phải câu lệnh SQL.","NOT NULL, UNIQUE và tự động tạo Clustered Index (mặc định trong SQL Server).",Quan hệ đệ quy (Self-referential) thông qua hai khóa ngoại cùng tham chiếu về một bảng cha.,KETQUA -> DIEUKIEN -> HOCPHAN -> SINHVIEN -> MONHOC -> KETQUA,Lệnh thất bại và báo lỗi vì thêm cột NOT NULL vào bảng đã có dữ liệu mà không có giá trị DEFAULT.,"Dữ liệu trên RAM bị mất hoàn toàn khi tắt tiến trình/mất điện, dễ cạn kiệt bộ nhớ (OOM) và gặp xung đột đồng thời (race condition).","Cột tính toán động (Computed Column), giá trị được sinh tự động từ biểu thức.",Đảm bảo chuỗi văn bản lưu trữ phải tuân thủ cấu trúc định dạng JSON hợp lệ.,Thêm một dòng vào bảng SINHVIEN với giá trị MAKHOA = 'LUAT' trong khi bảng KHOA chưa có mã này.,ALTER TABLE NHANVIEN DROP COLUMN DIENTHOAI;,"Khi cột đó đang bị ràng buộc bởi Primary Key, Foreign Key, CHECK hoặc DEFAULT chưa được drop.",Báo lỗi vi phạm ràng buộc tham chiếu và từ chối (rollback) thao tác xóa dòng ở bảng cha.,Lệnh thất bại với lỗi vi phạm ràng buộc do bảng MATHANG đang có khóa ngoại tham chiếu tới NHACUNGCAP.,"CHECK (DATEDIFF(YEAR, NGAYSINH, GETDATE()) BETWEEN 18 AND 60)","OrderDate = '2026-03-10', ShipDate = '2026-03-08', DeliveryDate = '2026-03-12'",Cho phép sử dụng mệnh đề mở rộng FROM TableA JOIN TableB ON ... ngay sau mệnh đề SET.,Để tuân thủ quy tắc xóa: phải xóa dữ liệu bảng con trước khi xóa bản ghi cha để tránh lỗi vi phạm khóa ngoại.,TRUNCATE TABLE table_name;,Bỏ qua lỗi thực thi và không dừng script nếu bảng chưa từng tồn tại trong cơ sở dữ liệu.,"Đồng bộ hai bảng bằng cách kết hợp INSERT, UPDATE (và có thể DELETE) dựa trên sự khớp mã khóa.","BACKUP DATABASE QuanlySV TO DISK = 'C:\Backups\QuanlySV.bak' WITH FORMAT, INIT;",WITH REPLACE,1002,"Kho WH01 bị xóa, đồng thời tất cả các chuyến hàng có OriginWarehouseID = 'WH01' trong bảng SHIPMENT cũng tự động bị xóa.","S001', 'CSDL', 1, 4 tiếp theo chèn 'S001', 'CSDL', 1, 8",AI Vector Search vì truy vấn sử dụng ngữ nghĩa phi cấu trúc và đo độ tương đồng cosine qua embedding.,Đăng nhập bằng danh tính và chứng chỉ bảo mật của tài khoản hệ điều hành Windows hiện hành đang mở ứng dụng.,File kịch bản chứa các câu lệnh T-SQL (.sql) để tái tạo lược đồ (DDL) hoặc chèn dữ liệu (DML).,table,NVARCHAR,sp_help,[ ],IDENTITY,cấp bảng,NO ACTION,Self-referential,DROP TABLE,CHECK,DEFAULT,DATETIME2,cha,con,ADD,ALTER COLUMN,DEFAULT,ISJSON,duy nhất,MERGE,TRUNCATE TABLE,FOREIGN KEY,BACKUP DATABASE,.bak,WITH REPLACE,Similarity,Race Condition,Computed Column,IF EXISTS,DATEDIFF,ON DELETE CASCADE,"Tinh chỉnh (Fine-tuner): Tự viết phần lớn, chỉ dùng AI để định dạng hoặc tối ưu hóa cục bộ.","Giải thích khái niệm lý thuyết và mô hình quan hệ (ERD), Sinh mã lệnh DDL/DML tự động (CREATE TABLE, ALTER, INSERT, UPDATE), Tìm kiếm và sửa lỗi (Debug) các lỗi cú pháp hoặc lỗi vi phạm ràng buộc toàn vẹn, Hỗ trợ giải quyết các bài tập Homework/Assignment cá nhân","Đọc hiểu kỹ, rà soát từng dòng, tự kiểm tra các trường hợp biên (Active Verification)",Thỉnh thoảng có cảm giác này,4,Tự tra cứu tài liệu Lab Manual hoặc cấu trúc schema để tìm nguyên nhân gốc rễ,Sách hướng dẫn Lab thủ công (Lab Manual) chính thống của giảng viên,"Áp dụng giai đoạn đầu không dùng AI, sau đó mới mở rộng cho phép dùng AI, Tăng cường các bài kiểm tra vấn đáp trực tiếp / live-coding không dùng mạng, Đưa các tình huống gỡ lỗi mã AI sai vào nội dung bài tập thực hành trên lớp",4,
9/10/2026 10:04:57,525h0102@student.tdtu.edu.vn,30 / 30,Nguyễn Quốc Tuấn,525h0102,Nhóm 07 (Ca2): thứ 5,Tôi đồng ý tham gia khảo sát và kiểm tra năng lực,Chuyển đổi ngữ cảnh làm việc (session context) hiện hành sang cơ sở dữ liệu QuanlySV.,"Là từ khóa phân tách các khối lệnh (batch separator) được tiện ích SSMS nhận diện, không phải câu lệnh SQL.","NOT NULL, UNIQUE và tự động tạo Clustered Index (mặc định trong SQL Server).",Quan hệ đệ quy (Self-referential) thông qua hai khóa ngoại cùng tham chiếu về một bảng cha.,KETQUA -> DIEUKIEN -> HOCPHAN -> SINHVIEN -> MONHOC -> KETQUA,Lệnh thất bại và báo lỗi vì thêm cột NOT NULL vào bảng đã có dữ liệu mà không có giá trị DEFAULT.,"Dữ liệu trên RAM bị mất hoàn toàn khi tắt tiến trình/mất điện, dễ cạn kiệt bộ nhớ (OOM) và gặp xung đột đồng thời (race condition).","Cột tính toán động (Computed Column), giá trị được sinh tự động từ biểu thức.",Đảm bảo chuỗi văn bản lưu trữ phải tuân thủ cấu trúc định dạng JSON hợp lệ.,Thêm một dòng vào bảng SINHVIEN với giá trị MAKHOA = 'LUAT' trong khi bảng KHOA chưa có mã này.,ALTER TABLE NHANVIEN DROP COLUMN DIENTHOAI;,"Khi cột đó đang bị ràng buộc bởi Primary Key, Foreign Key, CHECK hoặc DEFAULT chưa được drop.",Báo lỗi vi phạm ràng buộc tham chiếu và từ chối (rollback) thao tác xóa dòng ở bảng cha.,Lệnh thất bại với lỗi vi phạm ràng buộc do bảng MATHANG đang có khóa ngoại tham chiếu tới NHACUNGCAP.,"CHECK (DATEDIFF(YEAR, NGAYSINH, GETDATE()) BETWEEN 18 AND 60)","OrderDate = '2026-03-10', ShipDate = '2026-03-08', DeliveryDate = '2026-03-12'",Cho phép sử dụng mệnh đề mở rộng FROM TableA JOIN TableB ON ... ngay sau mệnh đề SET.,Để tuân thủ quy tắc xóa: phải xóa dữ liệu bảng con trước khi xóa bản ghi cha để tránh lỗi vi phạm khóa ngoại.,TRUNCATE TABLE table_name;,Bỏ qua lỗi thực thi và không dừng script nếu bảng chưa từng tồn tại trong cơ sở dữ liệu.,"Đồng bộ hai bảng bằng cách kết hợp INSERT, UPDATE (và có thể DELETE) dựa trên sự khớp mã khóa.","BACKUP DATABASE QuanlySV TO DISK = 'C:\Backups\QuanlySV.bak' WITH FORMAT, INIT;",WITH REPLACE,1002,"Kho WH01 bị xóa, đồng thời tất cả các chuyến hàng có OriginWarehouseID = 'WH01' trong bảng SHIPMENT cũng tự động bị xóa.","S001', 'CSDL', 1, 4 tiếp theo chèn 'S001', 'CSDL', 1, 8",AI Vector Search vì truy vấn sử dụng ngữ nghĩa phi cấu trúc và đo độ tương đồng cosine qua embedding.,Đăng nhập bằng danh tính và chứng chỉ bảo mật của tài khoản hệ điều hành Windows hiện hành đang mở ứng dụng.,File kịch bản chứa các câu lệnh T-SQL (.sql) để tái tạo lược đồ (DDL) hoặc chèn dữ liệu (DML).,table,NVARCHAR,sp_help,[],IDENTITY,cấp bảng,NO ACTION,đệ quy,DROP TABLE,CHECK,DEFAULT,DATETIME2,cha,con,ADD COLUMN,ALTER COLUMN,DEFAULT,ISJSON,duy nhất,MERGE,TRUNCATE TABLE,khóa ngoại,BACKUP DATABASE,.bak,WITH REPLACE,embedding,đồng thời,cột tính toán,IF EXISTS,DATEDIFF,CASCADE,"Điều hướng (Navigator): Đối thoại liên tục từng bước nhỏ, xây dựng giải pháp qua gợi ý của AI (lập trình cặp).","Giải thích khái niệm lý thuyết và mô hình quan hệ (ERD), Sinh mã lệnh DDL/DML tự động (CREATE TABLE, ALTER, INSERT, UPDATE), Tìm kiếm và sửa lỗi (Debug) các lỗi cú pháp hoặc lỗi vi phạm ràng buộc toàn vẹn, Hỗ trợ giải quyết các bài tập Homework/Assignment cá nhân","Đọc hiểu kỹ, rà soát từng dòng, tự kiểm tra các trường hợp biên (Active Verification)",Thỉnh thoảng có cảm giác này,4,Tự tra cứu tài liệu Lab Manual hoặc cấu trúc schema để tìm nguyên nhân gốc rễ,Tài liệu kỹ thuật chính thức (Microsoft SQL Server Documentation / TechNet),"Áp dụng giai đoạn đầu không dùng AI, sau đó mới mở rộng cho phép dùng AI, Tăng cường các bài kiểm tra vấn đáp trực tiếp / live-coding không dùng mạng, Đưa các tình huống gỡ lỗi mã AI sai vào nội dung bài tập thực hành trên lớp",4,"Việc ứng dụng GenAI trong học tập Cơ sở dữ liệu mang lại hiệu quả cao nhất khi được xem như một trợ lý phản biện thay vì một công cụ ""giải bài tập thay"". Để xây dựng kỹ năng lập trình bền vững, sinh viên cần duy trì tư duy phân tích gốc rễ, tự thiết kế lược đồ và viết mã thủ công trước khi nhờ AI tối ưu hoặc rà soát lỗi. Sự kết hợp giữa tư duy logic nền tảng của người học và khả năng tăng tốc của AI sẽ tạo ra năng suất tối ưu mà không làm xói mòn năng lực cốt lõi."
9/10/2026 10:07:15,525h0053@student.tdtu.edu.vn,30 / 30,Phan Gia Mẫn,525H0053,Nhóm 07 (Ca2): thứ 5,Tôi đồng ý tham gia khảo sát và kiểm tra năng lực,Chuyển đổi ngữ cảnh làm việc (session context) hiện hành sang cơ sở dữ liệu QuanlySV.,"Là từ khóa phân tách các khối lệnh (batch separator) được tiện ích SSMS nhận diện, không phải câu lệnh SQL.","NOT NULL, UNIQUE và tự động tạo Clustered Index (mặc định trong SQL Server).",Quan hệ đệ quy (Self-referential) thông qua hai khóa ngoại cùng tham chiếu về một bảng cha.,KETQUA -> DIEUKIEN -> HOCPHAN -> SINHVIEN -> MONHOC -> KETQUA,Lệnh thất bại và báo lỗi vì thêm cột NOT NULL vào bảng đã có dữ liệu mà không có giá trị DEFAULT.,"Dữ liệu trên RAM bị mất hoàn toàn khi tắt tiến trình/mất điện, dễ cạn kiệt bộ nhớ (OOM) và gặp xung đột đồng thời (race condition).","Cột tính toán động (Computed Column), giá trị được sinh tự động từ biểu thức.",Đảm bảo chuỗi văn bản lưu trữ phải tuân thủ cấu trúc định dạng JSON hợp lệ.,Thêm một dòng vào bảng SINHVIEN với giá trị MAKHOA = 'LUAT' trong khi bảng KHOA chưa có mã này.,ALTER TABLE NHANVIEN DROP COLUMN DIENTHOAI;,"Khi cột đó đang bị ràng buộc bởi Primary Key, Foreign Key, CHECK hoặc DEFAULT chưa được drop.",Báo lỗi vi phạm ràng buộc tham chiếu và từ chối (rollback) thao tác xóa dòng ở bảng cha.,Lệnh thất bại với lỗi vi phạm ràng buộc do bảng MATHANG đang có khóa ngoại tham chiếu tới NHACUNGCAP.,"CHECK (DATEDIFF(YEAR, NGAYSINH, GETDATE()) BETWEEN 18 AND 60)","OrderDate = '2026-03-10', ShipDate = '2026-03-08', DeliveryDate = '2026-03-12'",Cho phép sử dụng mệnh đề mở rộng FROM TableA JOIN TableB ON ... ngay sau mệnh đề SET.,Để tuân thủ quy tắc xóa: phải xóa dữ liệu bảng con trước khi xóa bản ghi cha để tránh lỗi vi phạm khóa ngoại.,TRUNCATE TABLE table_name;,Bỏ qua lỗi thực thi và không dừng script nếu bảng chưa từng tồn tại trong cơ sở dữ liệu.,"Đồng bộ hai bảng bằng cách kết hợp INSERT, UPDATE (và có thể DELETE) dựa trên sự khớp mã khóa.","BACKUP DATABASE QuanlySV TO DISK = 'C:\Backups\QuanlySV.bak' WITH FORMAT, INIT;",WITH REPLACE,1002,"Kho WH01 bị xóa, đồng thời tất cả các chuyến hàng có OriginWarehouseID = 'WH01' trong bảng SHIPMENT cũng tự động bị xóa.","S001', 'CSDL', 1, 4 tiếp theo chèn 'S001', 'CSDL', 1, 8",AI Vector Search vì truy vấn sử dụng ngữ nghĩa phi cấu trúc và đo độ tương đồng cosine qua embedding.,Đăng nhập bằng danh tính và chứng chỉ bảo mật của tài khoản hệ điều hành Windows hiện hành đang mở ứng dụng.,File kịch bản chứa các câu lệnh T-SQL (.sql) để tái tạo lược đồ (DDL) hoặc chèn dữ liệu (DML).,table,NVARCHAR,sp_help,[],IDENTITY,mức bảng,NO ACTION,tự tham chiếu,DROP TABLE,CHECK,DEFAULT,DATETIME2,cha,con,ADD,ALTER COLUMN,DEFAULT,ISJSON,UNIQUE,MERGE,TRUNCATE TABLE,FOREIGN KEY,BACKUP DATABASE,.bak,WITH REPLACE,embedding,contention,cột tính toán,IF EXISTS,DATEDIFF,ON DELETE CASCADE,"Khởi đầu (Starter): Tự viết mã ban đầu, chỉ gọi AI khi gặp lỗi biên dịch hoặc bế tắc cú pháp.","Giải thích khái niệm lý thuyết và mô hình quan hệ (ERD), Tìm kiếm và sửa lỗi (Debug) các lỗi cú pháp hoặc lỗi vi phạm ràng buộc toàn vẹn","Đọc hiểu kỹ, rà soát từng dòng, tự kiểm tra các trường hợp biên (Active Verification)","Hầu như không xảy ra, tôi luôn phân biệt rõ ràng giữa việc hiểu và việc dùng AI",3,Đưa ngay thông báo lỗi (Error message) cho AI để nhờ sửa hộ,Tài liệu kỹ thuật chính thức (Microsoft SQL Server Documentation / TechNet),"Áp dụng giai đoạn đầu không dùng AI, sau đó mới mở rộng cho phép dùng AI, Tăng cường các bài kiểm tra vấn đáp trực tiếp / live-coding không dùng mạng",3,không có
9/10/2026 10:07:29,525h0005@student.tdtu.edu.vn,30 / 30,Vũ Ngọc Vy Anh,525H0005,Nhóm 07 (Ca2): thứ 5,Tôi đồng ý tham gia khảo sát và kiểm tra năng lực,Chuyển đổi ngữ cảnh làm việc (session context) hiện hành sang cơ sở dữ liệu QuanlySV.,"Là từ khóa phân tách các khối lệnh (batch separator) được tiện ích SSMS nhận diện, không phải câu lệnh SQL.","NOT NULL, UNIQUE và tự động tạo Clustered Index (mặc định trong SQL Server).",Quan hệ đệ quy (Self-referential) thông qua hai khóa ngoại cùng tham chiếu về một bảng cha.,KETQUA -> DIEUKIEN -> HOCPHAN -> SINHVIEN -> MONHOC -> KETQUA,Lệnh thất bại và báo lỗi vì thêm cột NOT NULL vào bảng đã có dữ liệu mà không có giá trị DEFAULT.,"Dữ liệu trên RAM bị mất hoàn toàn khi tắt tiến trình/mất điện, dễ cạn kiệt bộ nhớ (OOM) và gặp xung đột đồng thời (race condition).","Cột tính toán động (Computed Column), giá trị được sinh tự động từ biểu thức.",Đảm bảo chuỗi văn bản lưu trữ phải tuân thủ cấu trúc định dạng JSON hợp lệ.,Thêm một dòng vào bảng SINHVIEN với giá trị MAKHOA = 'LUAT' trong khi bảng KHOA chưa có mã này.,ALTER TABLE NHANVIEN DROP COLUMN DIENTHOAI;,"Khi cột đó đang bị ràng buộc bởi Primary Key, Foreign Key, CHECK hoặc DEFAULT chưa được drop.",Báo lỗi vi phạm ràng buộc tham chiếu và từ chối (rollback) thao tác xóa dòng ở bảng cha.,Lệnh thất bại với lỗi vi phạm ràng buộc do bảng MATHANG đang có khóa ngoại tham chiếu tới NHACUNGCAP.,"CHECK (DATEDIFF(YEAR, NGAYSINH, GETDATE()) BETWEEN 18 AND 60)","OrderDate = '2026-03-10', ShipDate = '2026-03-08', DeliveryDate = '2026-03-12'",Cho phép sử dụng mệnh đề mở rộng FROM TableA JOIN TableB ON ... ngay sau mệnh đề SET.,Để tuân thủ quy tắc xóa: phải xóa dữ liệu bảng con trước khi xóa bản ghi cha để tránh lỗi vi phạm khóa ngoại.,TRUNCATE TABLE table_name;,Bỏ qua lỗi thực thi và không dừng script nếu bảng chưa từng tồn tại trong cơ sở dữ liệu.,"Đồng bộ hai bảng bằng cách kết hợp INSERT, UPDATE (và có thể DELETE) dựa trên sự khớp mã khóa.","BACKUP DATABASE QuanlySV TO DISK = 'C:\Backups\QuanlySV.bak' WITH FORMAT, INIT;",WITH REPLACE,1002,"Kho WH01 bị xóa, đồng thời tất cả các chuyến hàng có OriginWarehouseID = 'WH01' trong bảng SHIPMENT cũng tự động bị xóa.","S001', 'CSDL', 1, 4 tiếp theo chèn 'S001', 'CSDL', 1, 8",AI Vector Search vì truy vấn sử dụng ngữ nghĩa phi cấu trúc và đo độ tương đồng cosine qua embedding.,Đăng nhập bằng danh tính và chứng chỉ bảo mật của tài khoản hệ điều hành Windows hiện hành đang mở ứng dụng.,File kịch bản chứa các câu lệnh T-SQL (.sql) để tái tạo lược đồ (DDL) hoặc chèn dữ liệu (DML).,table,NVARCHAR,sp_help,Square brackets,IDENTITY,Table level,NO ACTION,Self-referential,DROP TABLE,CHECK,DEFAULT,DATETIME2,Bảng cha,Bảng con,ADD,ALTER COLUMN,DEFAULT,ISJSON,Unique,MERGE,TRUNCATE TABLE,Foreign Key,BACKUP DATABASE,.bak,WITH REPLACE,Embedding vectors,dữ liệu,cột tính toán,IF EXISTS,DATEDIFF,ON DELETE CASCADE,"Điều hướng (Navigator): Đối thoại liên tục từng bước nhỏ, xây dựng giải pháp qua gợi ý của AI (lập trình cặp).","Giải thích khái niệm lý thuyết và mô hình quan hệ (ERD), Tìm kiếm và sửa lỗi (Debug) các lỗi cú pháp hoặc lỗi vi phạm ràng buộc toàn vẹn, Hỗ trợ giải quyết các bài tập Homework/Assignment cá nhân","Đọc hiểu kỹ, rà soát từng dòng, tự kiểm tra các trường hợp biên (Active Verification)",Rất thường xuyên xảy ra với bản thân tôi,3,Đưa ngay thông báo lỗi (Error message) cho AI để nhờ sửa hộ,Tài liệu kỹ thuật chính thức (Microsoft SQL Server Documentation / TechNet),Đưa các tình huống gỡ lỗi mã AI sai vào nội dung bài tập thực hành trên lớp,4,
9/10/2026 10:07:43,525h0050@student.tdtu.edu.vn,30 / 30,Lương Nhất Luân,525h0050,Nhóm 07 (Ca2): thứ 5,Tôi đồng ý tham gia khảo sát và kiểm tra năng lực,Chuyển đổi ngữ cảnh làm việc (session context) hiện hành sang cơ sở dữ liệu QuanlySV.,"Là từ khóa phân tách các khối lệnh (batch separator) được tiện ích SSMS nhận diện, không phải câu lệnh SQL.","NOT NULL, UNIQUE và tự động tạo Clustered Index (mặc định trong SQL Server).",Quan hệ đệ quy (Self-referential) thông qua hai khóa ngoại cùng tham chiếu về một bảng cha.,KETQUA -> DIEUKIEN -> HOCPHAN -> SINHVIEN -> MONHOC -> KETQUA,Lệnh thất bại và báo lỗi vì thêm cột NOT NULL vào bảng đã có dữ liệu mà không có giá trị DEFAULT.,"Dữ liệu trên RAM bị mất hoàn toàn khi tắt tiến trình/mất điện, dễ cạn kiệt bộ nhớ (OOM) và gặp xung đột đồng thời (race condition).","Cột tính toán động (Computed Column), giá trị được sinh tự động từ biểu thức.",Đảm bảo chuỗi văn bản lưu trữ phải tuân thủ cấu trúc định dạng JSON hợp lệ.,Thêm một dòng vào bảng SINHVIEN với giá trị MAKHOA = 'LUAT' trong khi bảng KHOA chưa có mã này.,ALTER TABLE NHANVIEN DROP COLUMN DIENTHOAI;,"Khi cột đó đang bị ràng buộc bởi Primary Key, Foreign Key, CHECK hoặc DEFAULT chưa được drop.",Báo lỗi vi phạm ràng buộc tham chiếu và từ chối (rollback) thao tác xóa dòng ở bảng cha.,Lệnh thất bại với lỗi vi phạm ràng buộc do bảng MATHANG đang có khóa ngoại tham chiếu tới NHACUNGCAP.,"CHECK (DATEDIFF(YEAR, NGAYSINH, GETDATE()) BETWEEN 18 AND 60)","OrderDate = '2026-03-10', ShipDate = '2026-03-08', DeliveryDate = '2026-03-12'",Cho phép sử dụng mệnh đề mở rộng FROM TableA JOIN TableB ON ... ngay sau mệnh đề SET.,Để tuân thủ quy tắc xóa: phải xóa dữ liệu bảng con trước khi xóa bản ghi cha để tránh lỗi vi phạm khóa ngoại.,TRUNCATE TABLE table_name;,Bỏ qua lỗi thực thi và không dừng script nếu bảng chưa từng tồn tại trong cơ sở dữ liệu.,"Đồng bộ hai bảng bằng cách kết hợp INSERT, UPDATE (và có thể DELETE) dựa trên sự khớp mã khóa.","BACKUP DATABASE QuanlySV TO DISK = 'C:\Backups\QuanlySV.bak' WITH FORMAT, INIT;",WITH REPLACE,1002,"Kho WH01 bị xóa, đồng thời tất cả các chuyến hàng có OriginWarehouseID = 'WH01' trong bảng SHIPMENT cũng tự động bị xóa.","S001', 'CSDL', 1, 4 tiếp theo chèn 'S001', 'CSDL', 1, 8",AI Vector Search vì truy vấn sử dụng ngữ nghĩa phi cấu trúc và đo độ tương đồng cosine qua embedding.,Đăng nhập bằng danh tính và chứng chỉ bảo mật của tài khoản hệ điều hành Windows hiện hành đang mở ứng dụng.,File kịch bản chứa các câu lệnh T-SQL (.sql) để tái tạo lược đồ (DDL) hoặc chèn dữ liệu (DML).,table,nvarchar,sp_help,ngoặc vuông,IDENTITY,table level ,no action,đệ quy,DROP TABLE ,CHECK,DEFAULT,DATETIME2,cha,con,ADD,ALTER COLUMN,DEFAULT,ISJSON(),duy nhất,MERGE,TRUNCATE TABLE ,FOREIGN KEY,BACKUP DATABASE,.bak,WITH REPLACE,embedding,đồng thời,cột tính toán,IF EXISTS,DATEDIFF,CASCADE,"Thách thức (Challenger): Tự hoàn thiện giải pháp trước, sau đó dùng AI để kiểm chứng khả năng tối ưu.","Giải thích khái niệm lý thuyết và mô hình quan hệ (ERD), Sinh mã lệnh DDL/DML tự động (CREATE TABLE, ALTER, INSERT, UPDATE), Tìm kiếm và sửa lỗi (Debug) các lỗi cú pháp hoặc lỗi vi phạm ràng buộc toàn vẹn, Hỗ trợ giải quyết các bài tập Homework/Assignment cá nhân","Đọc hiểu kỹ, rà soát từng dòng, tự kiểm tra các trường hợp biên (Active Verification)",Thỉnh thoảng có cảm giác này,5,Tự tra cứu tài liệu Lab Manual hoặc cấu trúc schema để tìm nguyên nhân gốc rễ,Sách hướng dẫn Lab thủ công (Lab Manual) chính thống của giảng viên,"Áp dụng giai đoạn đầu không dùng AI, sau đó mới mở rộng cho phép dùng AI",4,Việc dùng AI không xấu nhưng nếu biết cách dùng nó thậm chí có thể trở thành một cố vấn học tập riêng nếu biết prompting hợp lí và rõ ràng. Việc dùng AI đúng còn có thể nhờ AI giảng lại bài học để củng cố kiến thức.
9/10/2026 10:08:03,525h0002@student.tdtu.edu.vn,30 / 30,Lê Ngọc Minh Anh,525H0002,Nhóm 07 (Ca2): thứ 5,Tôi đồng ý tham gia khảo sát và kiểm tra năng lực,Chuyển đổi ngữ cảnh làm việc (session context) hiện hành sang cơ sở dữ liệu QuanlySV.,"Là từ khóa phân tách các khối lệnh (batch separator) được tiện ích SSMS nhận diện, không phải câu lệnh SQL.","NOT NULL, UNIQUE và tự động tạo Clustered Index (mặc định trong SQL Server).",Quan hệ đệ quy (Self-referential) thông qua hai khóa ngoại cùng tham chiếu về một bảng cha.,KETQUA -> DIEUKIEN -> HOCPHAN -> SINHVIEN -> MONHOC -> KETQUA,Lệnh thất bại và báo lỗi vì thêm cột NOT NULL vào bảng đã có dữ liệu mà không có giá trị DEFAULT.,"Dữ liệu trên RAM bị mất hoàn toàn khi tắt tiến trình/mất điện, dễ cạn kiệt bộ nhớ (OOM) và gặp xung đột đồng thời (race condition).","Cột tính toán động (Computed Column), giá trị được sinh tự động từ biểu thức.",Đảm bảo chuỗi văn bản lưu trữ phải tuân thủ cấu trúc định dạng JSON hợp lệ.,Thêm một dòng vào bảng SINHVIEN với giá trị MAKHOA = 'LUAT' trong khi bảng KHOA chưa có mã này.,ALTER TABLE NHANVIEN DROP COLUMN DIENTHOAI;,"Khi cột đó đang bị ràng buộc bởi Primary Key, Foreign Key, CHECK hoặc DEFAULT chưa được drop.",Báo lỗi vi phạm ràng buộc tham chiếu và từ chối (rollback) thao tác xóa dòng ở bảng cha.,Lệnh thất bại với lỗi vi phạm ràng buộc do bảng MATHANG đang có khóa ngoại tham chiếu tới NHACUNGCAP.,"CHECK (DATEDIFF(YEAR, NGAYSINH, GETDATE()) BETWEEN 18 AND 60)","OrderDate = '2026-03-10', ShipDate = '2026-03-08', DeliveryDate = '2026-03-12'",Cho phép sử dụng mệnh đề mở rộng FROM TableA JOIN TableB ON ... ngay sau mệnh đề SET.,Để tuân thủ quy tắc xóa: phải xóa dữ liệu bảng con trước khi xóa bản ghi cha để tránh lỗi vi phạm khóa ngoại.,TRUNCATE TABLE table_name;,Bỏ qua lỗi thực thi và không dừng script nếu bảng chưa từng tồn tại trong cơ sở dữ liệu.,"Đồng bộ hai bảng bằng cách kết hợp INSERT, UPDATE (và có thể DELETE) dựa trên sự khớp mã khóa.","BACKUP DATABASE QuanlySV TO DISK = 'C:\Backups\QuanlySV.bak' WITH FORMAT, INIT;",WITH REPLACE,1002,"Kho WH01 bị xóa, đồng thời tất cả các chuyến hàng có OriginWarehouseID = 'WH01' trong bảng SHIPMENT cũng tự động bị xóa.","S001', 'CSDL', 1, 4 tiếp theo chèn 'S001', 'CSDL', 1, 8",AI Vector Search vì truy vấn sử dụng ngữ nghĩa phi cấu trúc và đo độ tương đồng cosine qua embedding.,Đăng nhập bằng danh tính và chứng chỉ bảo mật của tài khoản hệ điều hành Windows hiện hành đang mở ứng dụng.,File kịch bản chứa các câu lệnh T-SQL (.sql) để tái tạo lược đồ (DDL) hoặc chèn dữ liệu (DML).,table,NVARCHAR,sp_help,dấu ngoặc vuông [],IDENTITY,table level,NO ACTION,đệ quy,DROP TABLE,CHECK,DEFAULT,DATETIME2,bảng cha,bảng con,ADD COLUMN,ALTER COLUMN,giá trị DEFAULT,ISJSON,duy nhất,MERGE,TRUNCATE TABLE,khóa ngoại (Foreign Key),BACKUP DATABASE,.bak,WITH REPLACE,embedding,đồng thời,Cột tính toán,IF EXISTS,DATEDIFF,CASCADE,"Điều hướng (Navigator): Đối thoại liên tục từng bước nhỏ, xây dựng giải pháp qua gợi ý của AI (lập trình cặp).","Giải thích khái niệm lý thuyết và mô hình quan hệ (ERD), Tìm kiếm và sửa lỗi (Debug) các lỗi cú pháp hoặc lỗi vi phạm ràng buộc toàn vẹn","Đọc hiểu kỹ, rà soát từng dòng, tự kiểm tra các trường hợp biên (Active Verification)",Thỉnh thoảng có cảm giác này,4,Tự tra cứu tài liệu Lab Manual hoặc cấu trúc schema để tìm nguyên nhân gốc rễ,Sách hướng dẫn Lab thủ công (Lab Manual) chính thống của giảng viên,"Áp dụng giai đoạn đầu không dùng AI, sau đó mới mở rộng cho phép dùng AI, Tăng cường các bài kiểm tra vấn đáp trực tiếp / live-coding không dùng mạng",4,
9/10/2026 10:09:44,525h0030@student.tdtu.edu.vn,30 / 30,Nguyễn Tô Nhật Huy,525H0030,Nhóm 07 (Ca2): thứ 5,Tôi đồng ý tham gia khảo sát và kiểm tra năng lực,Chuyển đổi ngữ cảnh làm việc (session context) hiện hành sang cơ sở dữ liệu QuanlySV.,"Là từ khóa phân tách các khối lệnh (batch separator) được tiện ích SSMS nhận diện, không phải câu lệnh SQL.","NOT NULL, UNIQUE và tự động tạo Clustered Index (mặc định trong SQL Server).",Quan hệ đệ quy (Self-referential) thông qua hai khóa ngoại cùng tham chiếu về một bảng cha.,KETQUA -> DIEUKIEN -> HOCPHAN -> SINHVIEN -> MONHOC -> KETQUA,Lệnh thất bại và báo lỗi vì thêm cột NOT NULL vào bảng đã có dữ liệu mà không có giá trị DEFAULT.,"Dữ liệu trên RAM bị mất hoàn toàn khi tắt tiến trình/mất điện, dễ cạn kiệt bộ nhớ (OOM) và gặp xung đột đồng thời (race condition).","Cột tính toán động (Computed Column), giá trị được sinh tự động từ biểu thức.",Đảm bảo chuỗi văn bản lưu trữ phải tuân thủ cấu trúc định dạng JSON hợp lệ.,Thêm một dòng vào bảng SINHVIEN với giá trị MAKHOA = 'LUAT' trong khi bảng KHOA chưa có mã này.,ALTER TABLE NHANVIEN DROP COLUMN DIENTHOAI;,"Khi cột đó đang bị ràng buộc bởi Primary Key, Foreign Key, CHECK hoặc DEFAULT chưa được drop.",Báo lỗi vi phạm ràng buộc tham chiếu và từ chối (rollback) thao tác xóa dòng ở bảng cha.,Lệnh thất bại với lỗi vi phạm ràng buộc do bảng MATHANG đang có khóa ngoại tham chiếu tới NHACUNGCAP.,"CHECK (DATEDIFF(YEAR, NGAYSINH, GETDATE()) BETWEEN 18 AND 60)","OrderDate = '2026-03-10', ShipDate = '2026-03-08', DeliveryDate = '2026-03-12'",Cho phép sử dụng mệnh đề mở rộng FROM TableA JOIN TableB ON ... ngay sau mệnh đề SET.,Để tuân thủ quy tắc xóa: phải xóa dữ liệu bảng con trước khi xóa bản ghi cha để tránh lỗi vi phạm khóa ngoại.,TRUNCATE TABLE table_name;,Bỏ qua lỗi thực thi và không dừng script nếu bảng chưa từng tồn tại trong cơ sở dữ liệu.,"Đồng bộ hai bảng bằng cách kết hợp INSERT, UPDATE (và có thể DELETE) dựa trên sự khớp mã khóa.","BACKUP DATABASE QuanlySV TO DISK = 'C:\Backups\QuanlySV.bak' WITH FORMAT, INIT;",WITH REPLACE,1002,"Kho WH01 bị xóa, đồng thời tất cả các chuyến hàng có OriginWarehouseID = 'WH01' trong bảng SHIPMENT cũng tự động bị xóa.","S001', 'CSDL', 1, 4 tiếp theo chèn 'S001', 'CSDL', 1, 8",AI Vector Search vì truy vấn sử dụng ngữ nghĩa phi cấu trúc và đo độ tương đồng cosine qua embedding.,Đăng nhập bằng danh tính và chứng chỉ bảo mật của tài khoản hệ điều hành Windows hiện hành đang mở ứng dụng.,File kịch bản chứa các câu lệnh T-SQL (.sql) để tái tạo lược đồ (DDL) hoặc chèn dữ liệu (DML).,table,NVARCHAR,sp_help,dấu ngoặc vuông ,IDENTITY,table level,NO ACTION,đệ quy,DROP TABLE,CHECK,DEFAULT,DATETIME2,cha,con,ADD,ALTER COLUMN,DEFAULT,ISJSON,duy nhất,MERGE,TRUNCATE TABLE,khóa ngoại,BACKUP DATABASE,.bak,WITH REPLACE,embedding,đồng thời,cột tính toán,IF EXISTS,DATEDIFF,ON DELETE CASCADE,"Điều hướng (Navigator): Đối thoại liên tục từng bước nhỏ, xây dựng giải pháp qua gợi ý của AI (lập trình cặp).","Giải thích khái niệm lý thuyết và mô hình quan hệ (ERD), Tìm kiếm và sửa lỗi (Debug) các lỗi cú pháp hoặc lỗi vi phạm ràng buộc toàn vẹn, Hỗ trợ giải quyết các bài tập Homework/Assignment cá nhân","Đọc hiểu kỹ, rà soát từng dòng, tự kiểm tra các trường hợp biên (Active Verification)","Hầu như không xảy ra, tôi luôn phân biệt rõ ràng giữa việc hiểu và việc dùng AI",4,Tự tra cứu tài liệu Lab Manual hoặc cấu trúc schema để tìm nguyên nhân gốc rễ,Các câu trả lời giải thích bằng ngôn ngữ tự nhiên của Trợ lý AI,"Áp dụng giai đoạn đầu không dùng AI, sau đó mới mở rộng cho phép dùng AI",5,"Việc dùng AI không xấu nếu mình biết sử dụng, dùng AI giúp em hiểu rõ và sâu hơn về bài học và các kĩ năng lập trình"
9/10/2026 10:09:57,anhthu087887@gmail.com,30 / 30,Nhan Ngọc Anh Thư,525H0089,Nhóm 07 (Ca2): thứ 5,Tôi đồng ý tham gia khảo sát và kiểm tra năng lực,Chuyển đổi ngữ cảnh làm việc (session context) hiện hành sang cơ sở dữ liệu QuanlySV.,"Là từ khóa phân tách các khối lệnh (batch separator) được tiện ích SSMS nhận diện, không phải câu lệnh SQL.","NOT NULL, UNIQUE và tự động tạo Clustered Index (mặc định trong SQL Server).",Quan hệ đệ quy (Self-referential) thông qua hai khóa ngoại cùng tham chiếu về một bảng cha.,KETQUA -> DIEUKIEN -> HOCPHAN -> SINHVIEN -> MONHOC -> KETQUA,Lệnh thất bại và báo lỗi vì thêm cột NOT NULL vào bảng đã có dữ liệu mà không có giá trị DEFAULT.,"Dữ liệu trên RAM bị mất hoàn toàn khi tắt tiến trình/mất điện, dễ cạn kiệt bộ nhớ (OOM) và gặp xung đột đồng thời (race condition).","Cột tính toán động (Computed Column), giá trị được sinh tự động từ biểu thức.",Đảm bảo chuỗi văn bản lưu trữ phải tuân thủ cấu trúc định dạng JSON hợp lệ.,Thêm một dòng vào bảng SINHVIEN với giá trị MAKHOA = 'LUAT' trong khi bảng KHOA chưa có mã này.,ALTER TABLE NHANVIEN DROP COLUMN DIENTHOAI;,"Khi cột đó đang bị ràng buộc bởi Primary Key, Foreign Key, CHECK hoặc DEFAULT chưa được drop.",Báo lỗi vi phạm ràng buộc tham chiếu và từ chối (rollback) thao tác xóa dòng ở bảng cha.,Lệnh thất bại với lỗi vi phạm ràng buộc do bảng MATHANG đang có khóa ngoại tham chiếu tới NHACUNGCAP.,"CHECK (DATEDIFF(YEAR, NGAYSINH, GETDATE()) BETWEEN 18 AND 60)","OrderDate = '2026-03-10', ShipDate = '2026-03-08', DeliveryDate = '2026-03-12'",Cho phép sử dụng mệnh đề mở rộng FROM TableA JOIN TableB ON ... ngay sau mệnh đề SET.,Để tuân thủ quy tắc xóa: phải xóa dữ liệu bảng con trước khi xóa bản ghi cha để tránh lỗi vi phạm khóa ngoại.,TRUNCATE TABLE table_name;,Bỏ qua lỗi thực thi và không dừng script nếu bảng chưa từng tồn tại trong cơ sở dữ liệu.,"Đồng bộ hai bảng bằng cách kết hợp INSERT, UPDATE (và có thể DELETE) dựa trên sự khớp mã khóa.","BACKUP DATABASE QuanlySV TO DISK = 'C:\Backups\QuanlySV.bak' WITH FORMAT, INIT;",WITH REPLACE,1002,"Kho WH01 bị xóa, đồng thời tất cả các chuyến hàng có OriginWarehouseID = 'WH01' trong bảng SHIPMENT cũng tự động bị xóa.","S001', 'CSDL', 1, 4 tiếp theo chèn 'S001', 'CSDL', 1, 8",AI Vector Search vì truy vấn sử dụng ngữ nghĩa phi cấu trúc và đo độ tương đồng cosine qua embedding.,Đăng nhập bằng danh tính và chứng chỉ bảo mật của tài khoản hệ điều hành Windows hiện hành đang mở ứng dụng.,File kịch bản chứa các câu lệnh T-SQL (.sql) để tái tạo lược đồ (DDL) hoặc chèn dữ liệu (DML).,table,NVARCHAR,sp_help,ngoặc vuông [ ],IDENTITY,cấp bảng,NO ACTION,Đệ quy,DROP TABLE,CHECK,DEFAULT,DATETIME2,Bảng cha,Bảng con,ADD,ALTER COLUMN,DEFAULT,ISJSON,Unique,MERGE,TRUNCATE TABLE,Khóa ngoại,BACKUP DATABASE,.bak,WITH REPLACE,Vector,Đồng thời,Cột tính toán,IF EXISTS,DATEDIFF,ON DELETE CASCADE,"Điều hướng (Navigator): Đối thoại liên tục từng bước nhỏ, xây dựng giải pháp qua gợi ý của AI (lập trình cặp).","Giải thích khái niệm lý thuyết và mô hình quan hệ (ERD), Tìm kiếm và sửa lỗi (Debug) các lỗi cú pháp hoặc lỗi vi phạm ràng buộc toàn vẹn","Đọc hiểu kỹ, rà soát từng dòng, tự kiểm tra các trường hợp biên (Active Verification)","Hầu như không xảy ra, tôi luôn phân biệt rõ ràng giữa việc hiểu và việc dùng AI",3,Thử nghiệm ngẫu nhiên các câu lệnh vô hiệu hóa kiểm tra cho đến khi chạy được,Tài liệu kỹ thuật chính thức (Microsoft SQL Server Documentation / TechNet),"Áp dụng giai đoạn đầu không dùng AI, sau đó mới mở rộng cho phép dùng AI",3,
9/10/2026 10:31:58,525h0047@student.tdtu.edu.vn,30 / 30,Nguyễn Hoàng Trung Kiên,525H0047,Nhóm 07 (Ca2): thứ 5,Tôi đồng ý tham gia khảo sát và kiểm tra năng lực,Chuyển đổi ngữ cảnh làm việc (session context) hiện hành sang cơ sở dữ liệu QuanlySV.,"Là từ khóa phân tách các khối lệnh (batch separator) được tiện ích SSMS nhận diện, không phải câu lệnh SQL.","NOT NULL, UNIQUE và tự động tạo Clustered Index (mặc định trong SQL Server).",Quan hệ đệ quy (Self-referential) thông qua hai khóa ngoại cùng tham chiếu về một bảng cha.,KETQUA -> DIEUKIEN -> HOCPHAN -> SINHVIEN -> MONHOC -> KETQUA,Lệnh thất bại và báo lỗi vì thêm cột NOT NULL vào bảng đã có dữ liệu mà không có giá trị DEFAULT.,"Dữ liệu trên RAM bị mất hoàn toàn khi tắt tiến trình/mất điện, dễ cạn kiệt bộ nhớ (OOM) và gặp xung đột đồng thời (race condition).","Cột tính toán động (Computed Column), giá trị được sinh tự động từ biểu thức.",Đảm bảo chuỗi văn bản lưu trữ phải tuân thủ cấu trúc định dạng JSON hợp lệ.,Thêm một dòng vào bảng SINHVIEN với giá trị MAKHOA = 'LUAT' trong khi bảng KHOA chưa có mã này.,ALTER TABLE NHANVIEN DROP COLUMN DIENTHOAI;,"Khi cột đó đang bị ràng buộc bởi Primary Key, Foreign Key, CHECK hoặc DEFAULT chưa được drop.",Báo lỗi vi phạm ràng buộc tham chiếu và từ chối (rollback) thao tác xóa dòng ở bảng cha.,Lệnh thất bại với lỗi vi phạm ràng buộc do bảng MATHANG đang có khóa ngoại tham chiếu tới NHACUNGCAP.,"CHECK (DATEDIFF(YEAR, NGAYSINH, GETDATE()) BETWEEN 18 AND 60)","OrderDate = '2026-03-10', ShipDate = '2026-03-08', DeliveryDate = '2026-03-12'",Cho phép sử dụng mệnh đề mở rộng FROM TableA JOIN TableB ON ... ngay sau mệnh đề SET.,Để tuân thủ quy tắc xóa: phải xóa dữ liệu bảng con trước khi xóa bản ghi cha để tránh lỗi vi phạm khóa ngoại.,TRUNCATE TABLE table_name;,Bỏ qua lỗi thực thi và không dừng script nếu bảng chưa từng tồn tại trong cơ sở dữ liệu.,"Đồng bộ hai bảng bằng cách kết hợp INSERT, UPDATE (và có thể DELETE) dựa trên sự khớp mã khóa.","BACKUP DATABASE QuanlySV TO DISK = 'C:\Backups\QuanlySV.bak' WITH FORMAT, INIT;",WITH REPLACE,1002,"Kho WH01 bị xóa, đồng thời tất cả các chuyến hàng có OriginWarehouseID = 'WH01' trong bảng SHIPMENT cũng tự động bị xóa.","S001', 'CSDL', 1, 4 tiếp theo chèn 'S001', 'CSDL', 1, 8",AI Vector Search vì truy vấn sử dụng ngữ nghĩa phi cấu trúc và đo độ tương đồng cosine qua embedding.,Đăng nhập bằng danh tính và chứng chỉ bảo mật của tài khoản hệ điều hành Windows hiện hành đang mở ứng dụng.,File kịch bản chứa các câu lệnh T-SQL (.sql) để tái tạo lược đồ (DDL) hoặc chèn dữ liệu (DML).,table,NVARCHAR,sp_help,[],IDENTITY,cấp độ bảng,NO ACTION,đệ quy,DROP TABLE,CHECK,DEFAULT,DATETIME2,cha,con,ADD,ALTER COLUMN ,DEFAULT,ISJSON,duy nhất,MERGE,TRUNCATE TABLE,khóa ngoại,BACKUP ,.bak,WITH REPLACE,embedding,đồng thời,cột tính toán,IF EXISTS,DATEDIFF,ON DELETE CASCADE,"Điều hướng (Navigator): Đối thoại liên tục từng bước nhỏ, xây dựng giải pháp qua gợi ý của AI (lập trình cặp).","Giải thích khái niệm lý thuyết và mô hình quan hệ (ERD), Tìm kiếm và sửa lỗi (Debug) các lỗi cú pháp hoặc lỗi vi phạm ràng buộc toàn vẹn, Hỗ trợ giải quyết các bài tập Homework/Assignment cá nhân","Đọc hiểu kỹ, rà soát từng dòng, tự kiểm tra các trường hợp biên (Active Verification)",Thỉnh thoảng có cảm giác này,4,Đưa ngay thông báo lỗi (Error message) cho AI để nhờ sửa hộ,Các câu trả lời giải thích bằng ngôn ngữ tự nhiên của Trợ lý AI,"Áp dụng giai đoạn đầu không dùng AI, sau đó mới mở rộng cho phép dùng AI, Tăng cường các bài kiểm tra vấn đáp trực tiếp / live-coding không dùng mạng",2,
9/10/2026 10:36:07,525h0096@student.tdtu.edu.vn,30 / 30,Nguyễn Phạm Tony,525H0096,Nhóm 07 (Ca2): thứ 5,Tôi đồng ý tham gia khảo sát và kiểm tra năng lực,Chuyển đổi ngữ cảnh làm việc (session context) hiện hành sang cơ sở dữ liệu QuanlySV.,"Là từ khóa phân tách các khối lệnh (batch separator) được tiện ích SSMS nhận diện, không phải câu lệnh SQL.","NOT NULL, UNIQUE và tự động tạo Clustered Index (mặc định trong SQL Server).",Quan hệ đệ quy (Self-referential) thông qua hai khóa ngoại cùng tham chiếu về một bảng cha.,KETQUA -> DIEUKIEN -> HOCPHAN -> SINHVIEN -> MONHOC -> KETQUA,Lệnh thất bại và báo lỗi vì thêm cột NOT NULL vào bảng đã có dữ liệu mà không có giá trị DEFAULT.,"Dữ liệu trên RAM bị mất hoàn toàn khi tắt tiến trình/mất điện, dễ cạn kiệt bộ nhớ (OOM) và gặp xung đột đồng thời (race condition).","Cột tính toán động (Computed Column), giá trị được sinh tự động từ biểu thức.",Đảm bảo chuỗi văn bản lưu trữ phải tuân thủ cấu trúc định dạng JSON hợp lệ.,Thêm một dòng vào bảng SINHVIEN với giá trị MAKHOA = 'LUAT' trong khi bảng KHOA chưa có mã này.,ALTER TABLE NHANVIEN DROP COLUMN DIENTHOAI;,"Khi cột đó đang bị ràng buộc bởi Primary Key, Foreign Key, CHECK hoặc DEFAULT chưa được drop.",Báo lỗi vi phạm ràng buộc tham chiếu và từ chối (rollback) thao tác xóa dòng ở bảng cha.,Lệnh thất bại với lỗi vi phạm ràng buộc do bảng MATHANG đang có khóa ngoại tham chiếu tới NHACUNGCAP.,"CHECK (DATEDIFF(YEAR, NGAYSINH, GETDATE()) BETWEEN 18 AND 60)","OrderDate = '2026-03-10', ShipDate = '2026-03-08', DeliveryDate = '2026-03-12'",Cho phép sử dụng mệnh đề mở rộng FROM TableA JOIN TableB ON ... ngay sau mệnh đề SET.,Để tuân thủ quy tắc xóa: phải xóa dữ liệu bảng con trước khi xóa bản ghi cha để tránh lỗi vi phạm khóa ngoại.,TRUNCATE TABLE table_name;,Bỏ qua lỗi thực thi và không dừng script nếu bảng chưa từng tồn tại trong cơ sở dữ liệu.,"Đồng bộ hai bảng bằng cách kết hợp INSERT, UPDATE (và có thể DELETE) dựa trên sự khớp mã khóa.","BACKUP DATABASE QuanlySV TO DISK = 'C:\Backups\QuanlySV.bak' WITH FORMAT, INIT;",WITH REPLACE,1002,"Kho WH01 bị xóa, đồng thời tất cả các chuyến hàng có OriginWarehouseID = 'WH01' trong bảng SHIPMENT cũng tự động bị xóa.","S001', 'CSDL', 1, 4 tiếp theo chèn 'S001', 'CSDL', 1, 8",AI Vector Search vì truy vấn sử dụng ngữ nghĩa phi cấu trúc và đo độ tương đồng cosine qua embedding.,Đăng nhập bằng danh tính và chứng chỉ bảo mật của tài khoản hệ điều hành Windows hiện hành đang mở ứng dụng.,File kịch bản chứa các câu lệnh T-SQL (.sql) để tái tạo lược đồ (DDL) hoặc chèn dữ liệu (DML).,table,NVARCHAR,sp_help,[ ],IDENTITY,cấp độ bảng,NO ACTION,Đệ quy,DROP TABLE,CHECK,DEFAULT,DATETIME2,cha,con,ADD,ALTER COLUMN,DEFAULT,ISJSON,Duy nhất,MERGE,TRUNCATE TABLE,Foreign Key,BACKUP DATABASE,.bak,WITH REPLACE,Embedding,Đồng thời,tính toán ,IF EXISTS,DATEDIFF,ON DELETE CASCADE,"Điều hướng (Navigator): Đối thoại liên tục từng bước nhỏ, xây dựng giải pháp qua gợi ý của AI (lập trình cặp).","Giải thích khái niệm lý thuyết và mô hình quan hệ (ERD), Sinh mã lệnh DDL/DML tự động (CREATE TABLE, ALTER, INSERT, UPDATE), Tìm kiếm và sửa lỗi (Debug) các lỗi cú pháp hoặc lỗi vi phạm ràng buộc toàn vẹn, Hỗ trợ giải quyết các bài tập Homework/Assignment cá nhân","Đọc hiểu kỹ, rà soát từng dòng, tự kiểm tra các trường hợp biên (Active Verification)",Thỉnh thoảng có cảm giác này,3,Tự tra cứu tài liệu Lab Manual hoặc cấu trúc schema để tìm nguyên nhân gốc rễ,Tài liệu kỹ thuật chính thức (Microsoft SQL Server Documentation / TechNet),"Áp dụng giai đoạn đầu không dùng AI, sau đó mới mở rộng cho phép dùng AI, Tăng cường các bài kiểm tra vấn đáp trực tiếp / live-coding không dùng mạng, Đưa các tình huống gỡ lỗi mã AI sai vào nội dung bài tập thực hành trên lớp",4,AI giúp học tập hiệu quả hơn nhưng không nên phụ thuộc.
9/10/2026 10:40:21,525h0081@student.tdtu.edu.vn,30 / 30,Lê Hoàng Sang,525H0081,Nhóm 07 (Ca2): thứ 5,Tôi đồng ý tham gia khảo sát và kiểm tra năng lực,Chuyển đổi ngữ cảnh làm việc (session context) hiện hành sang cơ sở dữ liệu QuanlySV.,"Là từ khóa phân tách các khối lệnh (batch separator) được tiện ích SSMS nhận diện, không phải câu lệnh SQL.","NOT NULL, UNIQUE và tự động tạo Clustered Index (mặc định trong SQL Server).",Quan hệ đệ quy (Self-referential) thông qua hai khóa ngoại cùng tham chiếu về một bảng cha.,KETQUA -> DIEUKIEN -> HOCPHAN -> SINHVIEN -> MONHOC -> KETQUA,Lệnh thất bại và báo lỗi vì thêm cột NOT NULL vào bảng đã có dữ liệu mà không có giá trị DEFAULT.,"Dữ liệu trên RAM bị mất hoàn toàn khi tắt tiến trình/mất điện, dễ cạn kiệt bộ nhớ (OOM) và gặp xung đột đồng thời (race condition).","Cột tính toán động (Computed Column), giá trị được sinh tự động từ biểu thức.",Đảm bảo chuỗi văn bản lưu trữ phải tuân thủ cấu trúc định dạng JSON hợp lệ.,Thêm một dòng vào bảng SINHVIEN với giá trị MAKHOA = 'LUAT' trong khi bảng KHOA chưa có mã này.,ALTER TABLE NHANVIEN DROP COLUMN DIENTHOAI;,"Khi cột đó đang bị ràng buộc bởi Primary Key, Foreign Key, CHECK hoặc DEFAULT chưa được drop.",Báo lỗi vi phạm ràng buộc tham chiếu và từ chối (rollback) thao tác xóa dòng ở bảng cha.,Lệnh thất bại với lỗi vi phạm ràng buộc do bảng MATHANG đang có khóa ngoại tham chiếu tới NHACUNGCAP.,"CHECK (DATEDIFF(YEAR, NGAYSINH, GETDATE()) BETWEEN 18 AND 60)","OrderDate = '2026-03-10', ShipDate = '2026-03-08', DeliveryDate = '2026-03-12'",Cho phép sử dụng mệnh đề mở rộng FROM TableA JOIN TableB ON ... ngay sau mệnh đề SET.,Để tuân thủ quy tắc xóa: phải xóa dữ liệu bảng con trước khi xóa bản ghi cha để tránh lỗi vi phạm khóa ngoại.,TRUNCATE TABLE table_name;,Bỏ qua lỗi thực thi và không dừng script nếu bảng chưa từng tồn tại trong cơ sở dữ liệu.,"Đồng bộ hai bảng bằng cách kết hợp INSERT, UPDATE (và có thể DELETE) dựa trên sự khớp mã khóa.","BACKUP DATABASE QuanlySV TO DISK = 'C:\Backups\QuanlySV.bak' WITH FORMAT, INIT;",WITH REPLACE,1002,"Kho WH01 bị xóa, đồng thời tất cả các chuyến hàng có OriginWarehouseID = 'WH01' trong bảng SHIPMENT cũng tự động bị xóa.","S001', 'CSDL', 1, 4 tiếp theo chèn 'S001', 'CSDL', 1, 8",AI Vector Search vì truy vấn sử dụng ngữ nghĩa phi cấu trúc và đo độ tương đồng cosine qua embedding.,Đăng nhập bằng danh tính và chứng chỉ bảo mật của tài khoản hệ điều hành Windows hiện hành đang mở ứng dụng.,File kịch bản chứa các câu lệnh T-SQL (.sql) để tái tạo lược đồ (DDL) hoặc chèn dữ liệu (DML).,table,nvarchar,sp_help,[],IDENTITY,cấp độ bảng,NO ACTION,đệ quy,DROP TABLE,CHECK,DEFAULT,DATETIME2,cha,con,ADD,ALTER COLUMN,DEFAULT,ISJSON(),duy nhất,MERGE,TRUNCATE TABLE,khóa ngoại,BACKUP DATABASE,.bak,WITH REPLACE,embedding,đồng thời,tính toán,IF EXISTS,DATEDIFF,ON DELETE CASCADE,"Điều hướng (Navigator): Đối thoại liên tục từng bước nhỏ, xây dựng giải pháp qua gợi ý của AI (lập trình cặp).","Giải thích khái niệm lý thuyết và mô hình quan hệ (ERD), Sinh mã lệnh DDL/DML tự động (CREATE TABLE, ALTER, INSERT, UPDATE), Tìm kiếm và sửa lỗi (Debug) các lỗi cú pháp hoặc lỗi vi phạm ràng buộc toàn vẹn, Hỗ trợ giải quyết các bài tập Homework/Assignment cá nhân","Đọc hiểu kỹ, rà soát từng dòng, tự kiểm tra các trường hợp biên (Active Verification)",Thỉnh thoảng có cảm giác này,3,Tự tra cứu tài liệu Lab Manual hoặc cấu trúc schema để tìm nguyên nhân gốc rễ,Các câu trả lời giải thích bằng ngôn ngữ tự nhiên của Trợ lý AI,"Tăng cường các bài kiểm tra vấn đáp trực tiếp / live-coding không dùng mạng, Đưa các tình huống gỡ lỗi mã AI sai vào nội dung bài tập thực hành trên lớp",3,"theo em việc sử dụng AI không hoàn toàn xấu vì đôi khi nó vẫn giúp em hiểu hơn về các kiến thức từ phổ thông cho đến nâng cao nhưng khi lạm dụng quá nó sẽ khiến con người ta bị ỷ lại dẫn đến lười suy nghĩ, thiếu sự đột phá. Em nghĩ quan trọng là cách mình sử dụng như thế nào sao cho hiệu năng học tập cũng như động lực học tập của bản thân không bị thay đổi."
9/10/2026 9:51:47,525h0168@student.tdtu.edu.vn,29 / 30,Nguyễn Đoàn Khánh Nam,525H0168,Nhóm 07 (Ca2): thứ 5,Tôi đồng ý tham gia khảo sát và kiểm tra năng lực,Chuyển đổi ngữ cảnh làm việc (session context) hiện hành sang cơ sở dữ liệu QuanlySV.,"Là từ khóa phân tách các khối lệnh (batch separator) được tiện ích SSMS nhận diện, không phải câu lệnh SQL.","NOT NULL, UNIQUE và tự động tạo Clustered Index (mặc định trong SQL Server).",Quan hệ đệ quy (Self-referential) thông qua hai khóa ngoại cùng tham chiếu về một bảng cha.,KETQUA -> DIEUKIEN -> HOCPHAN -> SINHVIEN -> MONHOC -> KETQUA,Lệnh thất bại và báo lỗi vì thêm cột NOT NULL vào bảng đã có dữ liệu mà không có giá trị DEFAULT.,"Dữ liệu trên RAM bị mất hoàn toàn khi tắt tiến trình/mất điện, dễ cạn kiệt bộ nhớ (OOM) và gặp xung đột đồng thời (race condition).","Cột tính toán động (Computed Column), giá trị được sinh tự động từ biểu thức.",Đảm bảo chuỗi văn bản lưu trữ phải tuân thủ cấu trúc định dạng JSON hợp lệ.,Thêm một dòng vào bảng SINHVIEN với giá trị MAKHOA = 'LUAT' trong khi bảng KHOA chưa có mã này.,ALTER TABLE NHANVIEN DROP COLUMN DIENTHOAI;,"Khi cột đó đang bị ràng buộc bởi Primary Key, Foreign Key, CHECK hoặc DEFAULT chưa được drop.",Báo lỗi vi phạm ràng buộc tham chiếu và từ chối (rollback) thao tác xóa dòng ở bảng cha.,Lệnh thất bại với lỗi vi phạm ràng buộc do bảng MATHANG đang có khóa ngoại tham chiếu tới NHACUNGCAP.,"CHECK (DATEDIFF(YEAR, NGAYSINH, GETDATE()) BETWEEN 18 AND 60)","OrderDate = '2026-03-10', ShipDate = '2026-03-08', DeliveryDate = '2026-03-12'",Cho phép sử dụng mệnh đề mở rộng FROM TableA JOIN TableB ON ... ngay sau mệnh đề SET.,Để tuân thủ quy tắc xóa: phải xóa dữ liệu bảng con trước khi xóa bản ghi cha để tránh lỗi vi phạm khóa ngoại.,TRUNCATE TABLE table_name;,Bỏ qua lỗi thực thi và không dừng script nếu bảng chưa từng tồn tại trong cơ sở dữ liệu.,"Đồng bộ hai bảng bằng cách kết hợp INSERT, UPDATE (và có thể DELETE) dựa trên sự khớp mã khóa.","BACKUP DATABASE QuanlySV TO DISK = 'C:\Backups\QuanlySV.bak' WITH FORMAT, INIT;",WITH REPLACE,1002,"Kho WH01 bị xóa, đồng thời tất cả các chuyến hàng có OriginWarehouseID = 'WH01' trong bảng SHIPMENT cũng tự động bị xóa.","S001', 'CSDL', 1, 4 tiếp theo chèn 'S001', 'CSDL', 2, 7",AI Vector Search vì truy vấn sử dụng ngữ nghĩa phi cấu trúc và đo độ tương đồng cosine qua embedding.,Đăng nhập bằng danh tính và chứng chỉ bảo mật của tài khoản hệ điều hành Windows hiện hành đang mở ứng dụng.,File kịch bản chứa các câu lệnh T-SQL (.sql) để tái tạo lược đồ (DDL) hoặc chèn dữ liệu (DML).,table,NVARCHAR,SP_HELP,ngoặc vuông,IDENTITY,Cấp độ bảng,NO ACTION,Đệ Quy,DROP TABLE,CHECK,DEFAULT,DATETIME2,Cha,Con,ADD COLUMN,ALTER COLUMN,DEFAULT,ISJSON,UNIQUE,MERGE,TRUNTCATE TABLE,FOREIGN KEY,BACKUP DATABACK,.bak,WITH REPLACE,EMBEDDING,CONCURRENCY,COMPUTED COLUMN,IF EXIST,DATEDIFF,CASCADE,"Điều hướng (Navigator): Đối thoại liên tục từng bước nhỏ, xây dựng giải pháp qua gợi ý của AI (lập trình cặp).","Giải thích khái niệm lý thuyết và mô hình quan hệ (ERD), Sinh mã lệnh DDL/DML tự động (CREATE TABLE, ALTER, INSERT, UPDATE), Tìm kiếm và sửa lỗi (Debug) các lỗi cú pháp hoặc lỗi vi phạm ràng buộc toàn vẹn, Hỗ trợ giải quyết các bài tập Homework/Assignment cá nhân","Đọc hiểu kỹ, rà soát từng dòng, tự kiểm tra các trường hợp biên (Active Verification)","Hầu như không xảy ra, tôi luôn phân biệt rõ ràng giữa việc hiểu và việc dùng AI",2,Thử nghiệm ngẫu nhiên các câu lệnh vô hiệu hóa kiểm tra cho đến khi chạy được,Các câu trả lời giải thích bằng ngôn ngữ tự nhiên của Trợ lý AI,"Áp dụng giai đoạn đầu không dùng AI, sau đó mới mở rộng cho phép dùng AI, Tăng cường các bài kiểm tra vấn đáp trực tiếp / live-coding không dùng mạng, Đưa các tình huống gỡ lỗi mã AI sai vào nội dung bài tập thực hành trên lớp",3,
9/9/2026 23:00:07,525h0067@student.tdtu.edu.vn,28 / 30,Huỳnh Thị Yến Nhi,525H0067,Nhóm 07 (Ca2): thứ 5,Tôi đồng ý tham gia khảo sát và kiểm tra năng lực,Chuyển đổi ngữ cảnh làm việc (session context) hiện hành sang cơ sở dữ liệu QuanlySV.,"Là từ khóa phân tách các khối lệnh (batch separator) được tiện ích SSMS nhận diện, không phải câu lệnh SQL.","NOT NULL, UNIQUE và tự động tạo Clustered Index (mặc định trong SQL Server).",Quan hệ đệ quy (Self-referential) thông qua hai khóa ngoại cùng tham chiếu về một bảng cha.,KETQUA -> DIEUKIEN -> HOCPHAN -> SINHVIEN -> MONHOC -> KETQUA,Lệnh thất bại và báo lỗi vì thêm cột NOT NULL vào bảng đã có dữ liệu mà không có giá trị DEFAULT.,"Dữ liệu trên RAM bị mất hoàn toàn khi tắt tiến trình/mất điện, dễ cạn kiệt bộ nhớ (OOM) và gặp xung đột đồng thời (race condition).","Cột tính toán động (Computed Column), giá trị được sinh tự động từ biểu thức.",Đảm bảo chuỗi văn bản lưu trữ phải tuân thủ cấu trúc định dạng JSON hợp lệ.,Thêm một dòng vào bảng SINHVIEN với giá trị MAKHOA = 'LUAT' trong khi bảng KHOA chưa có mã này.,ALTER TABLE NHANVIEN DROP COLUMN DIENTHOAI;,"Khi cột đó đang bị ràng buộc bởi Primary Key, Foreign Key, CHECK hoặc DEFAULT chưa được drop.",Báo lỗi vi phạm ràng buộc tham chiếu và từ chối (rollback) thao tác xóa dòng ở bảng cha.,Lệnh thất bại với lỗi vi phạm ràng buộc do bảng MATHANG đang có khóa ngoại tham chiếu tới NHACUNGCAP.,"CHECK (DATEDIFF(YEAR, NGAYSINH, GETDATE()) BETWEEN 18 AND 60)","OrderDate = '2026-03-10', ShipDate = '2026-03-08', DeliveryDate = '2026-03-12'",Cho phép sử dụng mệnh đề mở rộng FROM TableA JOIN TableB ON ... ngay sau mệnh đề SET.,Để tuân thủ quy tắc xóa: phải xóa dữ liệu bảng con trước khi xóa bản ghi cha để tránh lỗi vi phạm khóa ngoại.,DROP TABLE table_name;,Bỏ qua lỗi thực thi và không dừng script nếu bảng chưa từng tồn tại trong cơ sở dữ liệu.,"Đồng bộ hai bảng bằng cách kết hợp INSERT, UPDATE (và có thể DELETE) dựa trên sự khớp mã khóa.","BACKUP DATABASE QuanlySV TO DISK = 'C:\Backups\QuanlySV.bak' WITH FORMAT, INIT;",WITH REPLACE,1000,"Kho WH01 bị xóa, đồng thời tất cả các chuyến hàng có OriginWarehouseID = 'WH01' trong bảng SHIPMENT cũng tự động bị xóa.","S001', 'CSDL', 1, 4 tiếp theo chèn 'S001', 'CSDL', 1, 8",AI Vector Search vì truy vấn sử dụng ngữ nghĩa phi cấu trúc và đo độ tương đồng cosine qua embedding.,Đăng nhập bằng danh tính và chứng chỉ bảo mật của tài khoản hệ điều hành Windows hiện hành đang mở ứng dụng.,File kịch bản chứa các câu lệnh T-SQL (.sql) để tái tạo lược đồ (DDL) hoặc chèn dữ liệu (DML).,table,NVARCHAR,sp_table,ngoặc vuông,IDENTITY,CONSTRAINT,RESTRICT,tự tham chiếu,DROP TABLE,CHECK,DEFAULT,DATETIME2,cha,con,ADD,ALTER COLUMN,PRIMARY KEY,ISJSON,duy nhất,MERGE,DELETE FROM,khóa ngoại,BACKUP DATABASE,.bak,WITH REPLACE,Vector,đồng thời,cột tính toán,IF EXISTS,DATEDIFF,CASCADE,"Khởi đầu (Starter): Tự viết mã ban đầu, chỉ gọi AI khi gặp lỗi biên dịch hoặc bế tắc cú pháp.",Tìm kiếm và sửa lỗi (Debug) các lỗi cú pháp hoặc lỗi vi phạm ràng buộc toàn vẹn,"Đọc hiểu kỹ, rà soát từng dòng, tự kiểm tra các trường hợp biên (Active Verification)",Thỉnh thoảng có cảm giác này,3,Đưa ngay thông báo lỗi (Error message) cho AI để nhờ sửa hộ,Sách hướng dẫn Lab thủ công (Lab Manual) chính thống của giảng viên,"Áp dụng giai đoạn đầu không dùng AI, sau đó mới mở rộng cho phép dùng AI",3,AI giúp tiết kiệm thời gian sửa lỗi và hiểu hơn nhưng nên dùng làm công cụ hỗ trợ thôi chứ không phải phụ thuộc hoàn toàn vào nó.
9/10/2026 9:58:26,525H0072@student.tdtu.edu.vn,28 / 30,Phạm Hữu Nguyên Phúc,525H0072,Nhóm 07 (Ca2): thứ 5,Tôi đồng ý tham gia khảo sát và kiểm tra năng lực,Chuyển đổi ngữ cảnh làm việc (session context) hiện hành sang cơ sở dữ liệu QuanlySV.,"Là từ khóa phân tách các khối lệnh (batch separator) được tiện ích SSMS nhận diện, không phải câu lệnh SQL.",UNIQUE và cho phép tối đa một giá trị NULL.,Quan hệ đệ quy (Self-referential) thông qua hai khóa ngoại cùng tham chiếu về một bảng cha.,KETQUA -> DIEUKIEN -> HOCPHAN -> SINHVIEN -> MONHOC -> KETQUA,Lệnh thất bại và báo lỗi vì thêm cột NOT NULL vào bảng đã có dữ liệu mà không có giá trị DEFAULT.,"Dữ liệu trên RAM bị mất hoàn toàn khi tắt tiến trình/mất điện, dễ cạn kiệt bộ nhớ (OOM) và gặp xung đột đồng thời (race condition).","Cột tính toán động (Computed Column), giá trị được sinh tự động từ biểu thức.",Đảm bảo chuỗi văn bản lưu trữ phải tuân thủ cấu trúc định dạng JSON hợp lệ.,Thêm một dòng vào bảng SINHVIEN với giá trị MAKHOA = 'LUAT' trong khi bảng KHOA chưa có mã này.,ALTER TABLE NHANVIEN DROP COLUMN DIENTHOAI;,"Khi cột đó đang bị ràng buộc bởi Primary Key, Foreign Key, CHECK hoặc DEFAULT chưa được drop.",Báo lỗi vi phạm ràng buộc tham chiếu và từ chối (rollback) thao tác xóa dòng ở bảng cha.,Lệnh thất bại với lỗi vi phạm ràng buộc do bảng MATHANG đang có khóa ngoại tham chiếu tới NHACUNGCAP.,"CHECK (DATEDIFF(YEAR, NGAYSINH, GETDATE()) BETWEEN 18 AND 60)","OrderDate = '2026-03-10', ShipDate = '2026-03-08', DeliveryDate = '2026-03-12'",Cho phép sử dụng mệnh đề mở rộng FROM TableA JOIN TableB ON ... ngay sau mệnh đề SET.,Để tuân thủ quy tắc xóa: phải xóa dữ liệu bảng con trước khi xóa bản ghi cha để tránh lỗi vi phạm khóa ngoại.,TRUNCATE TABLE table_name;,Bỏ qua lỗi thực thi và không dừng script nếu bảng chưa từng tồn tại trong cơ sở dữ liệu.,"Đồng bộ hai bảng bằng cách kết hợp INSERT, UPDATE (và có thể DELETE) dựa trên sự khớp mã khóa.","BACKUP DATABASE QuanlySV TO DISK = 'C:\Backups\QuanlySV.bak' WITH FORMAT, INIT;",WITH REPLACE,1003,"Kho WH01 bị xóa, đồng thời tất cả các chuyến hàng có OriginWarehouseID = 'WH01' trong bảng SHIPMENT cũng tự động bị xóa.","S001', 'CSDL', 1, 4 tiếp theo chèn 'S001', 'CSDL', 1, 8",AI Vector Search vì truy vấn sử dụng ngữ nghĩa phi cấu trúc và đo độ tương đồng cosine qua embedding.,Đăng nhập bằng danh tính và chứng chỉ bảo mật của tài khoản hệ điều hành Windows hiện hành đang mở ứng dụng.,File kịch bản chứa các câu lệnh T-SQL (.sql) để tái tạo lược đồ (DDL) hoặc chèn dữ liệu (DML).,table,NVARCHAR,sp_help,Ngoặc vuông,IDENTITY,cấp bảng,NO ACTION,Đệ quy,DROP TABLE,CHECK,DEFAULT,DATETIME2,BẢNG CHA,BẢNG CON,ADD,ALTER COLUMN,DEFAULT,ISJSON,UNIQUE,MERGE,TRUNCATE TABLE,FOREIGN KEY,DATABASE SNAPSHOT,.bak,WITH REPLACE,EMBEDDING,ĐỒNG THỜI,CỘT TÍNH TOÁN,IF EXISTS,DATEDIFF,ON DELETE CASCADE,"Điều hướng (Navigator): Đối thoại liên tục từng bước nhỏ, xây dựng giải pháp qua gợi ý của AI (lập trình cặp).","Giải thích khái niệm lý thuyết và mô hình quan hệ (ERD), Tìm kiếm và sửa lỗi (Debug) các lỗi cú pháp hoặc lỗi vi phạm ràng buộc toàn vẹn, Hỗ trợ giải quyết các bài tập Homework/Assignment cá nhân","Đọc hiểu kỹ, rà soát từng dòng, tự kiểm tra các trường hợp biên (Active Verification)",Thỉnh thoảng có cảm giác này,3,Đưa ngay thông báo lỗi (Error message) cho AI để nhờ sửa hộ,Sách hướng dẫn Lab thủ công (Lab Manual) chính thống của giảng viên,"Áp dụng giai đoạn đầu không dùng AI, sau đó mới mở rộng cho phép dùng AI, Tăng cường các bài kiểm tra vấn đáp trực tiếp / live-coding không dùng mạng",4,
9/10/2026 10:01:19,525h0020@student.tdtu.edu.vn,28 / 30,Trương Anh Hào,525H0020,Nhóm 07 (Ca2): thứ 5,Tôi đồng ý tham gia khảo sát và kiểm tra năng lực,Chuyển đổi ngữ cảnh làm việc (session context) hiện hành sang cơ sở dữ liệu QuanlySV.,"Là từ khóa phân tách các khối lệnh (batch separator) được tiện ích SSMS nhận diện, không phải câu lệnh SQL.","NOT NULL, UNIQUE và tự động tạo Clustered Index (mặc định trong SQL Server).",Quan hệ đệ quy (Self-referential) thông qua hai khóa ngoại cùng tham chiếu về một bảng cha.,KETQUA -> DIEUKIEN -> HOCPHAN -> SINHVIEN -> MONHOC -> KETQUA,Lệnh thất bại và báo lỗi vì thêm cột NOT NULL vào bảng đã có dữ liệu mà không có giá trị DEFAULT.,"Dữ liệu trên RAM bị mất hoàn toàn khi tắt tiến trình/mất điện, dễ cạn kiệt bộ nhớ (OOM) và gặp xung đột đồng thời (race condition).","Cột tính toán động (Computed Column), giá trị được sinh tự động từ biểu thức.",Đảm bảo chuỗi văn bản lưu trữ phải tuân thủ cấu trúc định dạng JSON hợp lệ.,Thêm một dòng vào bảng SINHVIEN với giá trị MAKHOA = 'LUAT' trong khi bảng KHOA chưa có mã này.,ALTER TABLE NHANVIEN DROP COLUMN DIENTHOAI;,"Khi cột đó đang bị ràng buộc bởi Primary Key, Foreign Key, CHECK hoặc DEFAULT chưa được drop.",Báo lỗi vi phạm ràng buộc tham chiếu và từ chối (rollback) thao tác xóa dòng ở bảng cha.,Lệnh thất bại với lỗi vi phạm ràng buộc do bảng MATHANG đang có khóa ngoại tham chiếu tới NHACUNGCAP.,"CHECK (DATEDIFF(YEAR, NGAYSINH, GETDATE()) BETWEEN 18 AND 60)","OrderDate = '2026-03-10', ShipDate = '2026-03-08', DeliveryDate = '2026-03-12'",Cho phép sử dụng mệnh đề mở rộng FROM TableA JOIN TableB ON ... ngay sau mệnh đề SET.,Để tuân thủ quy tắc xóa: phải xóa dữ liệu bảng con trước khi xóa bản ghi cha để tránh lỗi vi phạm khóa ngoại.,DROP TABLE table_name;,Bỏ qua lỗi thực thi và không dừng script nếu bảng chưa từng tồn tại trong cơ sở dữ liệu.,"Đồng bộ hai bảng bằng cách kết hợp INSERT, UPDATE (và có thể DELETE) dựa trên sự khớp mã khóa.","BACKUP DATABASE QuanlySV TO DISK = 'C:\Backups\QuanlySV.bak' WITH FORMAT, INIT;",WITH REPLACE,1002,"Kho WH01 bị xóa, đồng thời tất cả các chuyến hàng có OriginWarehouseID = 'WH01' trong bảng SHIPMENT cũng tự động bị xóa.","S001', 'CSDL', 1, 4 tiếp theo chèn 'S001', 'TCC', 1, 6",AI Vector Search vì truy vấn sử dụng ngữ nghĩa phi cấu trúc và đo độ tương đồng cosine qua embedding.,Đăng nhập bằng danh tính và chứng chỉ bảo mật của tài khoản hệ điều hành Windows hiện hành đang mở ứng dụng.,File kịch bản chứa các câu lệnh T-SQL (.sql) để tái tạo lược đồ (DDL) hoặc chèn dữ liệu (DML).,table,nvarchar,sp_help,[ ],identity,mức bảng,no action,đệ quy,drop table,check,default,datetime2,bảng cha ,bảng con,add,alter column,default,isjson,duy nhất,merge,truncate table,khóa ngoại,backup database,.bak,with replace,,đồng thời,cột tính toán,if exists,datediff,on delete cascade,"Khởi đầu (Starter): Tự viết mã ban đầu, chỉ gọi AI khi gặp lỗi biên dịch hoặc bế tắc cú pháp.","Giải thích khái niệm lý thuyết và mô hình quan hệ (ERD), Sinh mã lệnh DDL/DML tự động (CREATE TABLE, ALTER, INSERT, UPDATE), Tìm kiếm và sửa lỗi (Debug) các lỗi cú pháp hoặc lỗi vi phạm ràng buộc toàn vẹn, Hỗ trợ giải quyết các bài tập Homework/Assignment cá nhân","Đọc hiểu kỹ, rà soát từng dòng, tự kiểm tra các trường hợp biên (Active Verification)",Thỉnh thoảng có cảm giác này,4,Tự tra cứu tài liệu Lab Manual hoặc cấu trúc schema để tìm nguyên nhân gốc rễ,Sách hướng dẫn Lab thủ công (Lab Manual) chính thống của giảng viên,"Áp dụng giai đoạn đầu không dùng AI, sau đó mới mở rộng cho phép dùng AI",4,
9/10/2026 11:47:54,525h0034@student.tdtu.edu.vn,28 / 30,Dương Văn Thái Khang,525h0034,Nhóm 07 (Ca2): thứ 5,Tôi đồng ý tham gia khảo sát và kiểm tra năng lực,Chuyển đổi ngữ cảnh làm việc (session context) hiện hành sang cơ sở dữ liệu QuanlySV.,"Là từ khóa phân tách các khối lệnh (batch separator) được tiện ích SSMS nhận diện, không phải câu lệnh SQL.","NOT NULL, UNIQUE và tự động tạo Clustered Index (mặc định trong SQL Server).",Quan hệ đệ quy (Self-referential) thông qua hai khóa ngoại cùng tham chiếu về một bảng cha.,KETQUA -> DIEUKIEN -> HOCPHAN -> SINHVIEN -> MONHOC -> KETQUA,Lệnh thất bại và báo lỗi vì thêm cột NOT NULL vào bảng đã có dữ liệu mà không có giá trị DEFAULT.,"Dữ liệu trên RAM bị mất hoàn toàn khi tắt tiến trình/mất điện, dễ cạn kiệt bộ nhớ (OOM) và gặp xung đột đồng thời (race condition).","Cột tính toán động (Computed Column), giá trị được sinh tự động từ biểu thức.",Đảm bảo chuỗi văn bản lưu trữ phải tuân thủ cấu trúc định dạng JSON hợp lệ.,Thêm một dòng vào bảng SINHVIEN với giá trị MAKHOA = 'LUAT' trong khi bảng KHOA chưa có mã này.,ALTER TABLE NHANVIEN DROP COLUMN DIENTHOAI;,"Khi cột đó đang bị ràng buộc bởi Primary Key, Foreign Key, CHECK hoặc DEFAULT chưa được drop.",Báo lỗi vi phạm ràng buộc tham chiếu và từ chối (rollback) thao tác xóa dòng ở bảng cha.,Lệnh thất bại với lỗi vi phạm ràng buộc do bảng MATHANG đang có khóa ngoại tham chiếu tới NHACUNGCAP.,"CHECK (DATEDIFF(YEAR, NGAYSINH, GETDATE()) BETWEEN 18 AND 60)","OrderDate = '2026-03-10', ShipDate = '2026-03-08', DeliveryDate = '2026-03-12'",Cho phép sử dụng mệnh đề mở rộng FROM TableA JOIN TableB ON ... ngay sau mệnh đề SET.,Để tuân thủ quy tắc xóa: phải xóa dữ liệu bảng con trước khi xóa bản ghi cha để tránh lỗi vi phạm khóa ngoại.,,Tự động gỡ bỏ tất cả khóa ngoại ở các bảng khác đang trỏ đến các bảng này.,"Đồng bộ hai bảng bằng cách kết hợp INSERT, UPDATE (và có thể DELETE) dựa trên sự khớp mã khóa.","BACKUP DATABASE QuanlySV TO DISK = 'C:\Backups\QuanlySV.bak' WITH FORMAT, INIT;",WITH REPLACE,1002,"Kho WH01 bị xóa, đồng thời tất cả các chuyến hàng có OriginWarehouseID = 'WH01' trong bảng SHIPMENT cũng tự động bị xóa.","S001', 'CSDL', 1, 4 tiếp theo chèn 'S001', 'CSDL', 1, 8",AI Vector Search vì truy vấn sử dụng ngữ nghĩa phi cấu trúc và đo độ tương đồng cosine qua embedding.,Đăng nhập bằng danh tính và chứng chỉ bảo mật của tài khoản hệ điều hành Windows hiện hành đang mở ứng dụng.,File kịch bản chứa các câu lệnh T-SQL (.sql) để tái tạo lược đồ (DDL) hoặc chèn dữ liệu (DML).,table,NVARCHAR,sp_help,[ ],IDENTITY,Table level,NO ACTION,Self-referential,DROP TABLE,CHECK,DEFAULT,DATETIME2,Cha,Con,ADD,ALTER COLUMN,DEFAULT,ISJSON,Unique,MERGE,TRUNCATE TABLE,Foreign Key,BACKUP DATABASE,.bak,WITH REPLACE,Embedding,đồng thời,Computed Column,IF EXISTS,DATEDIFF,ON DELETE CASCADE,"Điều hướng (Navigator): Đối thoại liên tục từng bước nhỏ, xây dựng giải pháp qua gợi ý của AI (lập trình cặp).",Tìm kiếm và sửa lỗi (Debug) các lỗi cú pháp hoặc lỗi vi phạm ràng buộc toàn vẹn,"Đọc hiểu kỹ, rà soát từng dòng, tự kiểm tra các trường hợp biên (Active Verification)",Thỉnh thoảng có cảm giác này,3,Tự tra cứu tài liệu Lab Manual hoặc cấu trúc schema để tìm nguyên nhân gốc rễ,Sách hướng dẫn Lab thủ công (Lab Manual) chính thống của giảng viên,Tăng cường các bài kiểm tra vấn đáp trực tiếp / live-coding không dùng mạng,3,"Theo em, AI giúp việc học môn Cơ sở dữ liệu dễ dàng và hiệu quả hơn, nhất là khi giải thích kiến thức và hỗ trợ sửa lỗi SQL. Tuy nhiên, em nghĩ cần sử dụng AI hợp lý, không phụ thuộc hay sao chép hoàn toàn. Quan trọng nhất vẫn là tự thực hành, tự viết code và tìm hiểu lỗi để nâng cao kỹ năng lập trình lâu dài.
"
9/7/2026 9:17:12,52400311@student.tdtu.edu.vn,25 / 30,Hà Lê Thiên Quý,52400311,Nhóm 02 (Ca 1): thứ 2,Tôi đồng ý tham gia khảo sát và kiểm tra năng lực,Chuyển đổi ngữ cảnh làm việc (session context) hiện hành sang cơ sở dữ liệu QuanlySV.,"Là từ khóa phân tách các khối lệnh (batch separator) được tiện ích SSMS nhận diện, không phải câu lệnh SQL.","NOT NULL, UNIQUE và tự động tạo Clustered Index (mặc định trong SQL Server).",Quan hệ đệ quy (Self-referential) thông qua hai khóa ngoại cùng tham chiếu về một bảng cha.,MONHOC -> DIEUKIEN -> HOCPHAN -> KHOA -> SINHVIEN -> KETQUA,Lệnh thất bại và báo lỗi vì thêm cột NOT NULL vào bảng đã có dữ liệu mà không có giá trị DEFAULT.,"Dữ liệu trên RAM bị mất hoàn toàn khi tắt tiến trình/mất điện, dễ cạn kiệt bộ nhớ (OOM) và gặp xung đột đồng thời (race condition).","Cột tính toán động (Computed Column), giá trị được sinh tự động từ biểu thức.",Đảm bảo chuỗi văn bản lưu trữ phải tuân thủ cấu trúc định dạng JSON hợp lệ.,Thêm một dòng vào bảng SINHVIEN với giá trị MAKHOA = 'LUAT' trong khi bảng KHOA chưa có mã này.,DROP COLUMN DIENTHOAI FROM NHANVIEN;,"Khi cột đó đang bị ràng buộc bởi Primary Key, Foreign Key, CHECK hoặc DEFAULT chưa được drop.",Gán giá trị các khóa ngoại ở bảng con thành NULL.,Lệnh thất bại với lỗi vi phạm ràng buộc do bảng MATHANG đang có khóa ngoại tham chiếu tới NHACUNGCAP.,CHECK (AGE(NGAYSINH) >= 18 AND AGE(NGAYSINH) <= 60),"OrderDate = '2026-03-10', ShipDate = '2026-03-08', DeliveryDate = '2026-03-12'",Cho phép sử dụng mệnh đề mở rộng FROM TableA JOIN TableB ON ... ngay sau mệnh đề SET.,Để tuân thủ quy tắc xóa: phải xóa dữ liệu bảng con trước khi xóa bản ghi cha để tránh lỗi vi phạm khóa ngoại.,TRUNCATE TABLE table_name;,Bỏ qua lỗi thực thi và không dừng script nếu bảng chưa từng tồn tại trong cơ sở dữ liệu.,"Đồng bộ hai bảng bằng cách kết hợp INSERT, UPDATE (và có thể DELETE) dựa trên sự khớp mã khóa.","BACKUP DATABASE QuanlySV TO DISK = 'C:\Backups\QuanlySV.bak' WITH FORMAT, INIT;",WITH REPLACE,1003,"Kho WH01 bị xóa, đồng thời tất cả các chuyến hàng có OriginWarehouseID = 'WH01' trong bảng SHIPMENT cũng tự động bị xóa.","S001', 'CSDL', 1, 4 tiếp theo chèn 'S001', 'CSDL', 1, 8",AI Vector Search vì truy vấn sử dụng ngữ nghĩa phi cấu trúc và đo độ tương đồng cosine qua embedding.,Đăng nhập bằng danh tính và chứng chỉ bảo mật của tài khoản hệ điều hành Windows hiện hành đang mở ứng dụng.,File kịch bản chứa các câu lệnh T-SQL (.sql) để tái tạo lược đồ (DDL) hoặc chèn dữ liệu (DML).,table,NVARCHAR,sp_help,Square brackets,IDENTITY,Table level,NO ACTION,Self-referential,DROP TABLE,CHECK,DEFAULT,DATETIME2,Cha,Con,ADD,ALTER COLUMN,DEFAULT,ISJSON,UNIQUE,MERGE,TRUNCATE TABLE,FOREIGN KEY,BACKUP DATABASE ,.bak,WITH REPLACE,Embedding,đồng thời,Computed Column,IF EXISTS ,DATEDIFF,ON DELETE CASCADE,"Khởi đầu (Starter): Tự viết mã ban đầu, chỉ gọi AI khi gặp lỗi biên dịch hoặc bế tắc cú pháp.","Giải thích khái niệm lý thuyết và mô hình quan hệ (ERD), Sinh mã lệnh DDL/DML tự động (CREATE TABLE, ALTER, INSERT, UPDATE), Tìm kiếm và sửa lỗi (Debug) các lỗi cú pháp hoặc lỗi vi phạm ràng buộc toàn vẹn, Hỗ trợ giải quyết các bài tập Homework/Assignment cá nhân","Đọc hiểu kỹ, rà soát từng dòng, tự kiểm tra các trường hợp biên (Active Verification)",Thỉnh thoảng có cảm giác này,3,Tự tra cứu tài liệu Lab Manual hoặc cấu trúc schema để tìm nguyên nhân gốc rễ,Các câu trả lời giải thích bằng ngôn ngữ tự nhiên của Trợ lý AI,Tăng cường các bài kiểm tra vấn đáp trực tiếp / live-coding không dùng mạng,3,biết dùng AI chứ đừng chỉ dùng AI
9/16/2026 0:36:22,525h0022@student.tdtu.edu.vn,30 / 30,Đỗ Lê Trung Hiếu ,525H0022,Nhóm 06 (Ca3): thứ 4,Tôi đồng ý tham gia khảo sát và kiểm tra năng lực,Chuyển đổi ngữ cảnh làm việc (session context) hiện hành sang cơ sở dữ liệu QuanlySV.,"Là từ khóa phân tách các khối lệnh (batch separator) được tiện ích SSMS nhận diện, không phải câu lệnh SQL.","NOT NULL, UNIQUE và tự động tạo Clustered Index (mặc định trong SQL Server).",Quan hệ đệ quy (Self-referential) thông qua hai khóa ngoại cùng tham chiếu về một bảng cha.,KETQUA -> DIEUKIEN -> HOCPHAN -> SINHVIEN -> MONHOC -> KETQUA,Lệnh thất bại và báo lỗi vì thêm cột NOT NULL vào bảng đã có dữ liệu mà không có giá trị DEFAULT.,"Dữ liệu trên RAM bị mất hoàn toàn khi tắt tiến trình/mất điện, dễ cạn kiệt bộ nhớ (OOM) và gặp xung đột đồng thời (race condition).","Cột tính toán động (Computed Column), giá trị được sinh tự động từ biểu thức.",Đảm bảo chuỗi văn bản lưu trữ phải tuân thủ cấu trúc định dạng JSON hợp lệ.,Thêm một dòng vào bảng SINHVIEN với giá trị MAKHOA = 'LUAT' trong khi bảng KHOA chưa có mã này.,ALTER TABLE NHANVIEN DROP COLUMN DIENTHOAI;,"Khi cột đó đang bị ràng buộc bởi Primary Key, Foreign Key, CHECK hoặc DEFAULT chưa được drop.",Báo lỗi vi phạm ràng buộc tham chiếu và từ chối (rollback) thao tác xóa dòng ở bảng cha.,Lệnh thất bại với lỗi vi phạm ràng buộc do bảng MATHANG đang có khóa ngoại tham chiếu tới NHACUNGCAP.,"CHECK (DATEDIFF(YEAR, NGAYSINH, GETDATE()) BETWEEN 18 AND 60)","OrderDate = '2026-03-10', ShipDate = '2026-03-08', DeliveryDate = '2026-03-12'",Cho phép sử dụng mệnh đề mở rộng FROM TableA JOIN TableB ON ... ngay sau mệnh đề SET.,Để tuân thủ quy tắc xóa: phải xóa dữ liệu bảng con trước khi xóa bản ghi cha để tránh lỗi vi phạm khóa ngoại.,TRUNCATE TABLE table_name;,Bỏ qua lỗi thực thi và không dừng script nếu bảng chưa từng tồn tại trong cơ sở dữ liệu.,"Đồng bộ hai bảng bằng cách kết hợp INSERT, UPDATE (và có thể DELETE) dựa trên sự khớp mã khóa.","BACKUP DATABASE QuanlySV TO DISK = 'C:\Backups\QuanlySV.bak' WITH FORMAT, INIT;",WITH REPLACE,1002,"Kho WH01 bị xóa, đồng thời tất cả các chuyến hàng có OriginWarehouseID = 'WH01' trong bảng SHIPMENT cũng tự động bị xóa.","S001', 'CSDL', 1, 4 tiếp theo chèn 'S001', 'CSDL', 1, 8",AI Vector Search vì truy vấn sử dụng ngữ nghĩa phi cấu trúc và đo độ tương đồng cosine qua embedding.,Đăng nhập bằng danh tính và chứng chỉ bảo mật của tài khoản hệ điều hành Windows hiện hành đang mở ứng dụng.,File kịch bản chứa các câu lệnh T-SQL (.sql) để tái tạo lược đồ (DDL) hoặc chèn dữ liệu (DML).,table,NVARCHAR,sp_help,ngoặc vuông,IDENTITY,table level,NO ACTION,Đệ quy,DROP TABLE,CHECK,DEFAULT,DATETIME2,Cha,Con,ADD,ALTER COLUMN,DEFAULT,ISJSON,unique,MERGE,TRUNCATE TABLE,Foreign Key,BACKUP DATABASE,balk,WITH REPLACE,embedding,concurrency,Cột tính toán,IF EXISTS,DATEDIFF,CASCADE,"Thách thức (Challenger): Tự hoàn thiện giải pháp trước, sau đó dùng AI để kiểm chứng khả năng tối ưu.","Giải thích khái niệm lý thuyết và mô hình quan hệ (ERD), Tìm kiếm và sửa lỗi (Debug) các lỗi cú pháp hoặc lỗi vi phạm ràng buộc toàn vẹn","Đọc hiểu kỹ, rà soát từng dòng, tự kiểm tra các trường hợp biên (Active Verification)","Hầu như không xảy ra, tôi luôn phân biệt rõ ràng giữa việc hiểu và việc dùng AI",5,Thử nghiệm ngẫu nhiên các câu lệnh vô hiệu hóa kiểm tra cho đến khi chạy được,Sách hướng dẫn Lab thủ công (Lab Manual) chính thống của giảng viên,"Áp dụng giai đoạn đầu không dùng AI, sau đó mới mở rộng cho phép dùng AI, Đưa các tình huống gỡ lỗi mã AI sai vào nội dung bài tập thực hành trên lớp",4,Phải nắm vững kiến thức nền tảng để sử dụng AI đúng cách chứ không nên phụ thuộc quá mức.
9/16/2026 13:16:01,525h0163@student.tdtu.edu.vn,30 / 30,Nguyễn Thành Long,525H0163,Nhóm 06 (Ca3): thứ 4,Tôi đồng ý tham gia khảo sát và kiểm tra năng lực,Chuyển đổi ngữ cảnh làm việc (session context) hiện hành sang cơ sở dữ liệu QuanlySV.,"Là từ khóa phân tách các khối lệnh (batch separator) được tiện ích SSMS nhận diện, không phải câu lệnh SQL.","NOT NULL, UNIQUE và tự động tạo Clustered Index (mặc định trong SQL Server).",Quan hệ đệ quy (Self-referential) thông qua hai khóa ngoại cùng tham chiếu về một bảng cha.,KETQUA -> DIEUKIEN -> HOCPHAN -> SINHVIEN -> MONHOC -> KETQUA,Lệnh thất bại và báo lỗi vì thêm cột NOT NULL vào bảng đã có dữ liệu mà không có giá trị DEFAULT.,"Dữ liệu trên RAM bị mất hoàn toàn khi tắt tiến trình/mất điện, dễ cạn kiệt bộ nhớ (OOM) và gặp xung đột đồng thời (race condition).","Cột tính toán động (Computed Column), giá trị được sinh tự động từ biểu thức.",Đảm bảo chuỗi văn bản lưu trữ phải tuân thủ cấu trúc định dạng JSON hợp lệ.,Thêm một dòng vào bảng SINHVIEN với giá trị MAKHOA = 'LUAT' trong khi bảng KHOA chưa có mã này.,ALTER TABLE NHANVIEN DROP COLUMN DIENTHOAI;,"Khi cột đó đang bị ràng buộc bởi Primary Key, Foreign Key, CHECK hoặc DEFAULT chưa được drop.",Báo lỗi vi phạm ràng buộc tham chiếu và từ chối (rollback) thao tác xóa dòng ở bảng cha.,Lệnh thất bại với lỗi vi phạm ràng buộc do bảng MATHANG đang có khóa ngoại tham chiếu tới NHACUNGCAP.,"CHECK (DATEDIFF(YEAR, NGAYSINH, GETDATE()) BETWEEN 18 AND 60)","OrderDate = '2026-03-10', ShipDate = '2026-03-08', DeliveryDate = '2026-03-12'",Cho phép sử dụng mệnh đề mở rộng FROM TableA JOIN TableB ON ... ngay sau mệnh đề SET.,Để tuân thủ quy tắc xóa: phải xóa dữ liệu bảng con trước khi xóa bản ghi cha để tránh lỗi vi phạm khóa ngoại.,TRUNCATE TABLE table_name;,Bỏ qua lỗi thực thi và không dừng script nếu bảng chưa từng tồn tại trong cơ sở dữ liệu.,"Đồng bộ hai bảng bằng cách kết hợp INSERT, UPDATE (và có thể DELETE) dựa trên sự khớp mã khóa.","BACKUP DATABASE QuanlySV TO DISK = 'C:\Backups\QuanlySV.bak' WITH FORMAT, INIT;",WITH REPLACE,1002,"Kho WH01 bị xóa, đồng thời tất cả các chuyến hàng có OriginWarehouseID = 'WH01' trong bảng SHIPMENT cũng tự động bị xóa.","S001', 'CSDL', 1, 4 tiếp theo chèn 'S001', 'CSDL', 1, 8",AI Vector Search vì truy vấn sử dụng ngữ nghĩa phi cấu trúc và đo độ tương đồng cosine qua embedding.,Đăng nhập bằng danh tính và chứng chỉ bảo mật của tài khoản hệ điều hành Windows hiện hành đang mở ứng dụng.,File kịch bản chứa các câu lệnh T-SQL (.sql) để tái tạo lược đồ (DDL) hoặc chèn dữ liệu (DML).,table,NVARCHAR,sp_help,[_],IDENTITY,mức bảng,NO ACTION,tự tham chiếu,DROP TABLE,CHECK,DEFAULT,DATETIME2,cha,con,ADD,ALTER COLUMN,DEFAULT,ISJSON,duy nhất,MERGE,TRUNCATE TABLE,khóa ngoại,BACKUP DATABASE,.bak,REPLACE,nhúng,đồng thời,cột tính toán,IF EXIST,DATEDIFF,ON DELETE CASCADE,"Khởi đầu (Starter): Tự viết mã ban đầu, chỉ gọi AI khi gặp lỗi biên dịch hoặc bế tắc cú pháp.","Giải thích khái niệm lý thuyết và mô hình quan hệ (ERD), Tìm kiếm và sửa lỗi (Debug) các lỗi cú pháp hoặc lỗi vi phạm ràng buộc toàn vẹn","Đọc hiểu kỹ, rà soát từng dòng, tự kiểm tra các trường hợp biên (Active Verification)","Hầu như không xảy ra, tôi luôn phân biệt rõ ràng giữa việc hiểu và việc dùng AI",3,Thử nghiệm ngẫu nhiên các câu lệnh vô hiệu hóa kiểm tra cho đến khi chạy được,Các câu trả lời giải thích bằng ngôn ngữ tự nhiên của Trợ lý AI,"Áp dụng giai đoạn đầu không dùng AI, sau đó mới mở rộng cho phép dùng AI, Tăng cường các bài kiểm tra vấn đáp trực tiếp / live-coding không dùng mạng",4,
9/16/2026 13:18:40,521h0231@student.tdtu.edu.vn,30 / 30,Ngô Mộng Hoàn,521H0231,Nhóm 06 (Ca3): thứ 4,Tôi đồng ý tham gia khảo sát và kiểm tra năng lực,Chuyển đổi ngữ cảnh làm việc (session context) hiện hành sang cơ sở dữ liệu QuanlySV.,"Là từ khóa phân tách các khối lệnh (batch separator) được tiện ích SSMS nhận diện, không phải câu lệnh SQL.","NOT NULL, UNIQUE và tự động tạo Clustered Index (mặc định trong SQL Server).",Quan hệ đệ quy (Self-referential) thông qua hai khóa ngoại cùng tham chiếu về một bảng cha.,KETQUA -> DIEUKIEN -> HOCPHAN -> SINHVIEN -> MONHOC -> KETQUA,Lệnh thất bại và báo lỗi vì thêm cột NOT NULL vào bảng đã có dữ liệu mà không có giá trị DEFAULT.,"Dữ liệu trên RAM bị mất hoàn toàn khi tắt tiến trình/mất điện, dễ cạn kiệt bộ nhớ (OOM) và gặp xung đột đồng thời (race condition).","Cột tính toán động (Computed Column), giá trị được sinh tự động từ biểu thức.",Đảm bảo chuỗi văn bản lưu trữ phải tuân thủ cấu trúc định dạng JSON hợp lệ.,Thêm một dòng vào bảng SINHVIEN với giá trị MAKHOA = 'LUAT' trong khi bảng KHOA chưa có mã này.,ALTER TABLE NHANVIEN DROP COLUMN DIENTHOAI;,"Khi cột đó đang bị ràng buộc bởi Primary Key, Foreign Key, CHECK hoặc DEFAULT chưa được drop.",Báo lỗi vi phạm ràng buộc tham chiếu và từ chối (rollback) thao tác xóa dòng ở bảng cha.,Lệnh thất bại với lỗi vi phạm ràng buộc do bảng MATHANG đang có khóa ngoại tham chiếu tới NHACUNGCAP.,"CHECK (DATEDIFF(YEAR, NGAYSINH, GETDATE()) BETWEEN 18 AND 60)","OrderDate = '2026-03-10', ShipDate = '2026-03-08', DeliveryDate = '2026-03-12'",Cho phép sử dụng mệnh đề mở rộng FROM TableA JOIN TableB ON ... ngay sau mệnh đề SET.,Để tuân thủ quy tắc xóa: phải xóa dữ liệu bảng con trước khi xóa bản ghi cha để tránh lỗi vi phạm khóa ngoại.,TRUNCATE TABLE table_name;,Bỏ qua lỗi thực thi và không dừng script nếu bảng chưa từng tồn tại trong cơ sở dữ liệu.,"Đồng bộ hai bảng bằng cách kết hợp INSERT, UPDATE (và có thể DELETE) dựa trên sự khớp mã khóa.","BACKUP DATABASE QuanlySV TO DISK = 'C:\Backups\QuanlySV.bak' WITH FORMAT, INIT;",WITH REPLACE,1002,"Kho WH01 bị xóa, đồng thời tất cả các chuyến hàng có OriginWarehouseID = 'WH01' trong bảng SHIPMENT cũng tự động bị xóa.","S001', 'CSDL', 1, 4 tiếp theo chèn 'S001', 'CSDL', 1, 8",AI Vector Search vì truy vấn sử dụng ngữ nghĩa phi cấu trúc và đo độ tương đồng cosine qua embedding.,Đăng nhập bằng danh tính và chứng chỉ bảo mật của tài khoản hệ điều hành Windows hiện hành đang mở ứng dụng.,File kịch bản chứa các câu lệnh T-SQL (.sql) để tái tạo lược đồ (DDL) hoặc chèn dữ liệu (DML).,table,NVARCHAR,sp_help,dấu ngoặc vuông,IDENTITY,cấp bảng,NO ACTION,đệ quy,DROP TABLE,CHECK,DEFAULT,DATETIME2,cha,con,ADD,ALTER COLUMN,DEFAULT,ISJSON,duy nhất,MERGE,TRUNCATE TABLE,FOREIGN KEY,BACKUP DATABASE,.bak,WITH REPLACE,embedding,đồng thời,cột tính toán,IF EXISTS,DATEDIFF,ON DELETE CASCADE,"Điều hướng (Navigator): Đối thoại liên tục từng bước nhỏ, xây dựng giải pháp qua gợi ý của AI (lập trình cặp).","Giải thích khái niệm lý thuyết và mô hình quan hệ (ERD), Sinh mã lệnh DDL/DML tự động (CREATE TABLE, ALTER, INSERT, UPDATE), Tìm kiếm và sửa lỗi (Debug) các lỗi cú pháp hoặc lỗi vi phạm ràng buộc toàn vẹn, Hỗ trợ giải quyết các bài tập Homework/Assignment cá nhân",Chạy thử nghiệm (Run/Test) trên SSMS xem có báo lỗi không rồi nộp,Thỉnh thoảng có cảm giác này,3,Đưa ngay thông báo lỗi (Error message) cho AI để nhờ sửa hộ,Các câu trả lời giải thích bằng ngôn ngữ tự nhiên của Trợ lý AI,"Áp dụng giai đoạn đầu không dùng AI, sau đó mới mở rộng cho phép dùng AI, Tăng cường các bài kiểm tra vấn đáp trực tiếp / live-coding không dùng mạng, Đưa các tình huống gỡ lỗi mã AI sai vào nội dung bài tập thực hành trên lớp",5,"Theo em không nên cấm sinh viên sử dụng AI vì đây là công cụ giúp học nhanh và sửa lỗi hiệu quả hơn. Quan trọng là phải hiểu mình đang làm gì biết kiểm tra lại code và k phụ thuộc hoàn toàn vào AI. Nếu biết dùng đúng cách thì AI sẽ hỗ trợ tư duy chứ k làm mất đi kỹ năng lập trình
"
9/16/2026 13:22:36,524H0196@student.tdtu.edu.vn,30 / 30,Huỳnh Phạm Quốc Toàn ,524H0196,Nhóm 06 (Ca3): thứ 4,Tôi đồng ý tham gia khảo sát và kiểm tra năng lực,Chuyển đổi ngữ cảnh làm việc (session context) hiện hành sang cơ sở dữ liệu QuanlySV.,"Là từ khóa phân tách các khối lệnh (batch separator) được tiện ích SSMS nhận diện, không phải câu lệnh SQL.","NOT NULL, UNIQUE và tự động tạo Clustered Index (mặc định trong SQL Server).",Quan hệ đệ quy (Self-referential) thông qua hai khóa ngoại cùng tham chiếu về một bảng cha.,KETQUA -> DIEUKIEN -> HOCPHAN -> SINHVIEN -> MONHOC -> KETQUA,Lệnh thất bại và báo lỗi vì thêm cột NOT NULL vào bảng đã có dữ liệu mà không có giá trị DEFAULT.,"Dữ liệu trên RAM bị mất hoàn toàn khi tắt tiến trình/mất điện, dễ cạn kiệt bộ nhớ (OOM) và gặp xung đột đồng thời (race condition).","Cột tính toán động (Computed Column), giá trị được sinh tự động từ biểu thức.",Đảm bảo chuỗi văn bản lưu trữ phải tuân thủ cấu trúc định dạng JSON hợp lệ.,Thêm một dòng vào bảng SINHVIEN với giá trị MAKHOA = 'LUAT' trong khi bảng KHOA chưa có mã này.,ALTER TABLE NHANVIEN DROP COLUMN DIENTHOAI;,"Khi cột đó đang bị ràng buộc bởi Primary Key, Foreign Key, CHECK hoặc DEFAULT chưa được drop.",Báo lỗi vi phạm ràng buộc tham chiếu và từ chối (rollback) thao tác xóa dòng ở bảng cha.,Lệnh thất bại với lỗi vi phạm ràng buộc do bảng MATHANG đang có khóa ngoại tham chiếu tới NHACUNGCAP.,"CHECK (DATEDIFF(YEAR, NGAYSINH, GETDATE()) BETWEEN 18 AND 60)","OrderDate = '2026-03-10', ShipDate = '2026-03-08', DeliveryDate = '2026-03-12'",Cho phép sử dụng mệnh đề mở rộng FROM TableA JOIN TableB ON ... ngay sau mệnh đề SET.,Để tuân thủ quy tắc xóa: phải xóa dữ liệu bảng con trước khi xóa bản ghi cha để tránh lỗi vi phạm khóa ngoại.,TRUNCATE TABLE table_name;,Bỏ qua lỗi thực thi và không dừng script nếu bảng chưa từng tồn tại trong cơ sở dữ liệu.,"Đồng bộ hai bảng bằng cách kết hợp INSERT, UPDATE (và có thể DELETE) dựa trên sự khớp mã khóa.","BACKUP DATABASE QuanlySV TO DISK = 'C:\Backups\QuanlySV.bak' WITH FORMAT, INIT;",WITH REPLACE,1002,"Kho WH01 bị xóa, đồng thời tất cả các chuyến hàng có OriginWarehouseID = 'WH01' trong bảng SHIPMENT cũng tự động bị xóa.","S001', 'CSDL', 1, 4 tiếp theo chèn 'S001', 'CSDL', 1, 8",AI Vector Search vì truy vấn sử dụng ngữ nghĩa phi cấu trúc và đo độ tương đồng cosine qua embedding.,Đăng nhập bằng danh tính và chứng chỉ bảo mật của tài khoản hệ điều hành Windows hiện hành đang mở ứng dụng.,File kịch bản chứa các câu lệnh T-SQL (.sql) để tái tạo lược đồ (DDL) hoặc chèn dữ liệu (DML).,table,NVARCHAR,sp_help,[ ],IDENTITY,Mức bảng,NO ACTION,Đệ quy,DROP TABLE,CHECK,DEFAULT,DATETME2,bảng cha,bảng con,ADD,ALTER COLUMN,DEFAULT ,ISJSON,duy nhất(Unique),MERGE,TRUNCATE TABLE,Khóa ngoại( Foreign Key),BACKUP DATABASE,.bak,WITH REPLACE,Embegging,đồng thời,Cột tính toán,IF EXISTS,DATEDIFF,ON DELETE CASCADE,"Tinh chỉnh (Fine-tuner): Tự viết phần lớn, chỉ dùng AI để định dạng hoặc tối ưu hóa cục bộ.","Giải thích khái niệm lý thuyết và mô hình quan hệ (ERD), Tìm kiếm và sửa lỗi (Debug) các lỗi cú pháp hoặc lỗi vi phạm ràng buộc toàn vẹn","Đọc hiểu kỹ, rà soát từng dòng, tự kiểm tra các trường hợp biên (Active Verification)",Thỉnh thoảng có cảm giác này,4,Tự tra cứu tài liệu Lab Manual hoặc cấu trúc schema để tìm nguyên nhân gốc rễ,Tài liệu kỹ thuật chính thức (Microsoft SQL Server Documentation / TechNet),"Áp dụng giai đoạn đầu không dùng AI, sau đó mới mở rộng cho phép dùng AI, Tăng cường các bài kiểm tra vấn đáp trực tiếp / live-coding không dùng mạng, Đưa các tình huống gỡ lỗi mã AI sai vào nội dung bài tập thực hành trên lớp",4,"GenAI nên được xem như một trợ lý thực hành hỗ trợ giải thích cú pháp và gợi ý hướng debug lỗi rõ ràng. Tuy nhiên, để xây dựng nền tảng vững chắc, sinh viên cần nắm vững bản chất kiến trúc dữ liệu thông qua việc tự viết lược đồ, vễ mô hình ERD và thực thi các truy vấn căn bản bằng tay trước khi phụ thuộc vào công cụ tự động."
9/16/2026 13:23:20,525h0042@student.tdtu.edu.vn,30 / 30,Trần Ngọc Huy KHánh,525h0042,Nhóm 06 (Ca3): thứ 4,Tôi đồng ý tham gia khảo sát và kiểm tra năng lực,Chuyển đổi ngữ cảnh làm việc (session context) hiện hành sang cơ sở dữ liệu QuanlySV.,"Là từ khóa phân tách các khối lệnh (batch separator) được tiện ích SSMS nhận diện, không phải câu lệnh SQL.","NOT NULL, UNIQUE và tự động tạo Clustered Index (mặc định trong SQL Server).",Quan hệ đệ quy (Self-referential) thông qua hai khóa ngoại cùng tham chiếu về một bảng cha.,KETQUA -> DIEUKIEN -> HOCPHAN -> SINHVIEN -> MONHOC -> KETQUA,Lệnh thất bại và báo lỗi vì thêm cột NOT NULL vào bảng đã có dữ liệu mà không có giá trị DEFAULT.,"Dữ liệu trên RAM bị mất hoàn toàn khi tắt tiến trình/mất điện, dễ cạn kiệt bộ nhớ (OOM) và gặp xung đột đồng thời (race condition).","Cột tính toán động (Computed Column), giá trị được sinh tự động từ biểu thức.",Đảm bảo chuỗi văn bản lưu trữ phải tuân thủ cấu trúc định dạng JSON hợp lệ.,Thêm một dòng vào bảng SINHVIEN với giá trị MAKHOA = 'LUAT' trong khi bảng KHOA chưa có mã này.,ALTER TABLE NHANVIEN DROP COLUMN DIENTHOAI;,"Khi cột đó đang bị ràng buộc bởi Primary Key, Foreign Key, CHECK hoặc DEFAULT chưa được drop.",Báo lỗi vi phạm ràng buộc tham chiếu và từ chối (rollback) thao tác xóa dòng ở bảng cha.,Lệnh thất bại với lỗi vi phạm ràng buộc do bảng MATHANG đang có khóa ngoại tham chiếu tới NHACUNGCAP.,"CHECK (DATEDIFF(YEAR, NGAYSINH, GETDATE()) BETWEEN 18 AND 60)","OrderDate = '2026-03-10', ShipDate = '2026-03-08', DeliveryDate = '2026-03-12'",Cho phép sử dụng mệnh đề mở rộng FROM TableA JOIN TableB ON ... ngay sau mệnh đề SET.,Để tuân thủ quy tắc xóa: phải xóa dữ liệu bảng con trước khi xóa bản ghi cha để tránh lỗi vi phạm khóa ngoại.,TRUNCATE TABLE table_name;,Bỏ qua lỗi thực thi và không dừng script nếu bảng chưa từng tồn tại trong cơ sở dữ liệu.,"Đồng bộ hai bảng bằng cách kết hợp INSERT, UPDATE (và có thể DELETE) dựa trên sự khớp mã khóa.","BACKUP DATABASE QuanlySV TO DISK = 'C:\Backups\QuanlySV.bak' WITH FORMAT, INIT;",WITH REPLACE,1002,"Kho WH01 bị xóa, đồng thời tất cả các chuyến hàng có OriginWarehouseID = 'WH01' trong bảng SHIPMENT cũng tự động bị xóa.","S001', 'CSDL', 1, 4 tiếp theo chèn 'S001', 'CSDL', 1, 8",AI Vector Search vì truy vấn sử dụng ngữ nghĩa phi cấu trúc và đo độ tương đồng cosine qua embedding.,Đăng nhập bằng danh tính và chứng chỉ bảo mật của tài khoản hệ điều hành Windows hiện hành đang mở ứng dụng.,File kịch bản chứa các câu lệnh T-SQL (.sql) để tái tạo lược đồ (DDL) hoặc chèn dữ liệu (DML).,table,NVARCAHR,sp_help,[],IDENTITY,cấp bảng,NO ACTION,tự tham chiếu,DROP TABLE,CHECK,DEFAULT,DATATIME2,cha,con,ADD,ALTER COLUMN,mặc định,ISJSON,duy nhất,MERGE,TRUNCATE TABLE,khóa ngoại,BACKUP DATABASE,bak,REPLACE,nhúng,đồng thời,cột tính toán,IF EXISTS,DATEDIFF,ON DELETE CASCADE,"Điều hướng (Navigator): Đối thoại liên tục từng bước nhỏ, xây dựng giải pháp qua gợi ý của AI (lập trình cặp).","Giải thích khái niệm lý thuyết và mô hình quan hệ (ERD), Sinh mã lệnh DDL/DML tự động (CREATE TABLE, ALTER, INSERT, UPDATE), Tìm kiếm và sửa lỗi (Debug) các lỗi cú pháp hoặc lỗi vi phạm ràng buộc toàn vẹn, Hỗ trợ giải quyết các bài tập Homework/Assignment cá nhân","Đọc hiểu kỹ, rà soát từng dòng, tự kiểm tra các trường hợp biên (Active Verification)",Thỉnh thoảng có cảm giác này,3,Tự tra cứu tài liệu Lab Manual hoặc cấu trúc schema để tìm nguyên nhân gốc rễ,Tài liệu kỹ thuật chính thức (Microsoft SQL Server Documentation / TechNet),"Áp dụng giai đoạn đầu không dùng AI, sau đó mới mở rộng cho phép dùng AI, Tăng cường các bài kiểm tra vấn đáp trực tiếp / live-coding không dùng mạng, Đưa các tình huống gỡ lỗi mã AI sai vào nội dung bài tập thực hành trên lớp",4,"Theo em, AI là 1 công cụ hỗ trợ tốt để giải thích cú pháp, tối ưu câu lệnh truy vấn và tìm lỗi. Tuy nhiên để xây dựng nền tảng và kỹ năng lập trình vững chắc cho sinh viên, thì buộc phải tự tư duy và nắm vũng cốt lỗi trước khi tham khảo AI. VIệc nhà trường tăng cường các bài kiểm tra live coding và bắt lỗi code do AI viết sai là rất cần thiết để tránh quá phụ thuộc vào AI và nghĩ mình có năng lực giỏi "
9/16/2026 13:27:15,525h0036@student.tdtu.edu.vn,30 / 30,Lê Minh Khang,525h0036,Nhóm 06 (Ca3): thứ 4,Tôi đồng ý tham gia khảo sát và kiểm tra năng lực,Chuyển đổi ngữ cảnh làm việc (session context) hiện hành sang cơ sở dữ liệu QuanlySV.,"Là từ khóa phân tách các khối lệnh (batch separator) được tiện ích SSMS nhận diện, không phải câu lệnh SQL.","NOT NULL, UNIQUE và tự động tạo Clustered Index (mặc định trong SQL Server).",Quan hệ đệ quy (Self-referential) thông qua hai khóa ngoại cùng tham chiếu về một bảng cha.,KETQUA -> DIEUKIEN -> HOCPHAN -> SINHVIEN -> MONHOC -> KETQUA,Lệnh thất bại và báo lỗi vì thêm cột NOT NULL vào bảng đã có dữ liệu mà không có giá trị DEFAULT.,"Dữ liệu trên RAM bị mất hoàn toàn khi tắt tiến trình/mất điện, dễ cạn kiệt bộ nhớ (OOM) và gặp xung đột đồng thời (race condition).","Cột tính toán động (Computed Column), giá trị được sinh tự động từ biểu thức.",Đảm bảo chuỗi văn bản lưu trữ phải tuân thủ cấu trúc định dạng JSON hợp lệ.,Thêm một dòng vào bảng SINHVIEN với giá trị MAKHOA = 'LUAT' trong khi bảng KHOA chưa có mã này.,ALTER TABLE NHANVIEN DROP COLUMN DIENTHOAI;,"Khi cột đó đang bị ràng buộc bởi Primary Key, Foreign Key, CHECK hoặc DEFAULT chưa được drop.",Báo lỗi vi phạm ràng buộc tham chiếu và từ chối (rollback) thao tác xóa dòng ở bảng cha.,Lệnh thất bại với lỗi vi phạm ràng buộc do bảng MATHANG đang có khóa ngoại tham chiếu tới NHACUNGCAP.,"CHECK (DATEDIFF(YEAR, NGAYSINH, GETDATE()) BETWEEN 18 AND 60)","OrderDate = '2026-03-10', ShipDate = '2026-03-08', DeliveryDate = '2026-03-12'",Cho phép sử dụng mệnh đề mở rộng FROM TableA JOIN TableB ON ... ngay sau mệnh đề SET.,Để tuân thủ quy tắc xóa: phải xóa dữ liệu bảng con trước khi xóa bản ghi cha để tránh lỗi vi phạm khóa ngoại.,TRUNCATE TABLE table_name;,Bỏ qua lỗi thực thi và không dừng script nếu bảng chưa từng tồn tại trong cơ sở dữ liệu.,"Đồng bộ hai bảng bằng cách kết hợp INSERT, UPDATE (và có thể DELETE) dựa trên sự khớp mã khóa.","BACKUP DATABASE QuanlySV TO DISK = 'C:\Backups\QuanlySV.bak' WITH FORMAT, INIT;",WITH REPLACE,1002,"Kho WH01 bị xóa, đồng thời tất cả các chuyến hàng có OriginWarehouseID = 'WH01' trong bảng SHIPMENT cũng tự động bị xóa.","S001', 'CSDL', 1, 4 tiếp theo chèn 'S001', 'CSDL', 1, 8",AI Vector Search vì truy vấn sử dụng ngữ nghĩa phi cấu trúc và đo độ tương đồng cosine qua embedding.,Đăng nhập bằng danh tính và chứng chỉ bảo mật của tài khoản hệ điều hành Windows hiện hành đang mở ứng dụng.,File kịch bản chứa các câu lệnh T-SQL (.sql) để tái tạo lược đồ (DDL) hoặc chèn dữ liệu (DML).,table,NVARCHAR,sp_help,ngoặc vuông [ ],IDENTITY,mức bảng,NO ACTION,đệ quy,DROP TABLE,CHECK,DEFAULT,DATETIME2,cha,con,ADD,ALTER TABLE,DEFAULT,ISJSON(),duy nhất (UNIQUE),MERGE,TRUNCATE TABLE,Foreign Key,DATABASE SNAPSHOT,.bak,WITH REPLACE,nhúng,đồng thời,cột tính toán,IF EXISTS,DATADIFF(),ON DELETE CASCADE,"Điều hướng (Navigator): Đối thoại liên tục từng bước nhỏ, xây dựng giải pháp qua gợi ý của AI (lập trình cặp).","Giải thích khái niệm lý thuyết và mô hình quan hệ (ERD), Sinh mã lệnh DDL/DML tự động (CREATE TABLE, ALTER, INSERT, UPDATE), Tìm kiếm và sửa lỗi (Debug) các lỗi cú pháp hoặc lỗi vi phạm ràng buộc toàn vẹn, Hỗ trợ giải quyết các bài tập Homework/Assignment cá nhân","Đọc hiểu kỹ, rà soát từng dòng, tự kiểm tra các trường hợp biên (Active Verification)",Thỉnh thoảng có cảm giác này,3,Tự tra cứu tài liệu Lab Manual hoặc cấu trúc schema để tìm nguyên nhân gốc rễ,Tài liệu kỹ thuật chính thức (Microsoft SQL Server Documentation / TechNet),"Áp dụng giai đoạn đầu không dùng AI, sau đó mới mở rộng cho phép dùng AI, Tăng cường các bài kiểm tra vấn đáp trực tiếp / live-coding không dùng mạng, Đưa các tình huống gỡ lỗi mã AI sai vào nội dung bài tập thực hành trên lớp",5,
9/16/2026 13:36:10,524H0204@student.tdtu.edu.vn,30 / 30,Nguyễn Xuân Tùng,524H0204,Nhóm 06 (Ca3): thứ 4,Tôi đồng ý tham gia khảo sát và kiểm tra năng lực,Chuyển đổi ngữ cảnh làm việc (session context) hiện hành sang cơ sở dữ liệu QuanlySV.,"Là từ khóa phân tách các khối lệnh (batch separator) được tiện ích SSMS nhận diện, không phải câu lệnh SQL.","NOT NULL, UNIQUE và tự động tạo Clustered Index (mặc định trong SQL Server).",Quan hệ đệ quy (Self-referential) thông qua hai khóa ngoại cùng tham chiếu về một bảng cha.,KETQUA -> DIEUKIEN -> HOCPHAN -> SINHVIEN -> MONHOC -> KETQUA,Lệnh thất bại và báo lỗi vì thêm cột NOT NULL vào bảng đã có dữ liệu mà không có giá trị DEFAULT.,"Dữ liệu trên RAM bị mất hoàn toàn khi tắt tiến trình/mất điện, dễ cạn kiệt bộ nhớ (OOM) và gặp xung đột đồng thời (race condition).","Cột tính toán động (Computed Column), giá trị được sinh tự động từ biểu thức.",Đảm bảo chuỗi văn bản lưu trữ phải tuân thủ cấu trúc định dạng JSON hợp lệ.,Thêm một dòng vào bảng SINHVIEN với giá trị MAKHOA = 'LUAT' trong khi bảng KHOA chưa có mã này.,ALTER TABLE NHANVIEN DROP COLUMN DIENTHOAI;,"Khi cột đó đang bị ràng buộc bởi Primary Key, Foreign Key, CHECK hoặc DEFAULT chưa được drop.",Báo lỗi vi phạm ràng buộc tham chiếu và từ chối (rollback) thao tác xóa dòng ở bảng cha.,Lệnh thất bại với lỗi vi phạm ràng buộc do bảng MATHANG đang có khóa ngoại tham chiếu tới NHACUNGCAP.,"CHECK (DATEDIFF(YEAR, NGAYSINH, GETDATE()) BETWEEN 18 AND 60)","OrderDate = '2026-03-10', ShipDate = '2026-03-08', DeliveryDate = '2026-03-12'",Cho phép sử dụng mệnh đề mở rộng FROM TableA JOIN TableB ON ... ngay sau mệnh đề SET.,Để tuân thủ quy tắc xóa: phải xóa dữ liệu bảng con trước khi xóa bản ghi cha để tránh lỗi vi phạm khóa ngoại.,TRUNCATE TABLE table_name;,Bỏ qua lỗi thực thi và không dừng script nếu bảng chưa từng tồn tại trong cơ sở dữ liệu.,"Đồng bộ hai bảng bằng cách kết hợp INSERT, UPDATE (và có thể DELETE) dựa trên sự khớp mã khóa.","BACKUP DATABASE QuanlySV TO DISK = 'C:\Backups\QuanlySV.bak' WITH FORMAT, INIT;",WITH REPLACE,1002,"Kho WH01 bị xóa, đồng thời tất cả các chuyến hàng có OriginWarehouseID = 'WH01' trong bảng SHIPMENT cũng tự động bị xóa.","S001', 'CSDL', 1, 4 tiếp theo chèn 'S001', 'CSDL', 1, 8",AI Vector Search vì truy vấn sử dụng ngữ nghĩa phi cấu trúc và đo độ tương đồng cosine qua embedding.,Đăng nhập bằng danh tính và chứng chỉ bảo mật của tài khoản hệ điều hành Windows hiện hành đang mở ứng dụng.,File kịch bản chứa các câu lệnh T-SQL (.sql) để tái tạo lược đồ (DDL) hoặc chèn dữ liệu (DML).,table,NVARCHAR,sp_help,[],IDENTITY,Table level,NO ACTION,self-referential,DROP TABLE,CHECK,DEFAULT,DATETIME2,cha,con,ADD,ALTER COLUMN,DEFAULT,ISJSON,duy nhất,MERGE,TRUNCATE TABLE,khóa ngoại,BACKUP DATABASE,.bak,REPLACE,embeddings,conditions,computed column,IF EXISTS,DATEDIFF,ON DELETE CASCADE,"Điều hướng (Navigator): Đối thoại liên tục từng bước nhỏ, xây dựng giải pháp qua gợi ý của AI (lập trình cặp).","Giải thích khái niệm lý thuyết và mô hình quan hệ (ERD), Sinh mã lệnh DDL/DML tự động (CREATE TABLE, ALTER, INSERT, UPDATE)","Đọc hiểu kỹ, rà soát từng dòng, tự kiểm tra các trường hợp biên (Active Verification)",Thỉnh thoảng có cảm giác này,3,Tự tra cứu tài liệu Lab Manual hoặc cấu trúc schema để tìm nguyên nhân gốc rễ,Các câu trả lời giải thích bằng ngôn ngữ tự nhiên của Trợ lý AI,"Áp dụng giai đoạn đầu không dùng AI, sau đó mới mở rộng cho phép dùng AI, Đưa các tình huống gỡ lỗi mã AI sai vào nội dung bài tập thực hành trên lớp",3,"Theo em thì việc ứng dụng AI vào môn học là một điều rất tốt, có thể hỗ trợ nhanh cho sinh viên về các điều cần lưu ý và chỉ ra các lỗi, song nếu quá lệ thuộc vào AI thì rất có thể dễ bị mất căn bản, nên để xây dựng một nền tảng vững chắc thì sinh viên nên tự viết các lược đồ trước khi sử dụng AI hoàn toàn để tự động cho công việc"
9/16/2026 13:21:23,525h0091@student.tdtu.edu.vn,29 / 30,Văn Công Thuận,525H0091,Nhóm 06 (Ca3): thứ 4,Tôi đồng ý tham gia khảo sát và kiểm tra năng lực,Chuyển đổi ngữ cảnh làm việc (session context) hiện hành sang cơ sở dữ liệu QuanlySV.,"Là từ khóa phân tách các khối lệnh (batch separator) được tiện ích SSMS nhận diện, không phải câu lệnh SQL.","NOT NULL, UNIQUE và tự động tạo Clustered Index (mặc định trong SQL Server).",Quan hệ đệ quy (Self-referential) thông qua hai khóa ngoại cùng tham chiếu về một bảng cha.,MONHOC -> DIEUKIEN -> HOCPHAN -> KHOA -> SINHVIEN -> KETQUA,Lệnh thất bại và báo lỗi vì thêm cột NOT NULL vào bảng đã có dữ liệu mà không có giá trị DEFAULT.,"Dữ liệu trên RAM bị mất hoàn toàn khi tắt tiến trình/mất điện, dễ cạn kiệt bộ nhớ (OOM) và gặp xung đột đồng thời (race condition).","Cột tính toán động (Computed Column), giá trị được sinh tự động từ biểu thức.",Đảm bảo chuỗi văn bản lưu trữ phải tuân thủ cấu trúc định dạng JSON hợp lệ.,Thêm một dòng vào bảng SINHVIEN với giá trị MAKHOA = 'LUAT' trong khi bảng KHOA chưa có mã này.,ALTER TABLE NHANVIEN DROP COLUMN DIENTHOAI;,"Khi cột đó đang bị ràng buộc bởi Primary Key, Foreign Key, CHECK hoặc DEFAULT chưa được drop.",Báo lỗi vi phạm ràng buộc tham chiếu và từ chối (rollback) thao tác xóa dòng ở bảng cha.,Lệnh thất bại với lỗi vi phạm ràng buộc do bảng MATHANG đang có khóa ngoại tham chiếu tới NHACUNGCAP.,"CHECK (DATEDIFF(YEAR, NGAYSINH, GETDATE()) BETWEEN 18 AND 60)","OrderDate = '2026-03-10', ShipDate = '2026-03-08', DeliveryDate = '2026-03-12'",Cho phép sử dụng mệnh đề mở rộng FROM TableA JOIN TableB ON ... ngay sau mệnh đề SET.,Để tuân thủ quy tắc xóa: phải xóa dữ liệu bảng con trước khi xóa bản ghi cha để tránh lỗi vi phạm khóa ngoại.,TRUNCATE TABLE table_name;,Bỏ qua lỗi thực thi và không dừng script nếu bảng chưa từng tồn tại trong cơ sở dữ liệu.,"Đồng bộ hai bảng bằng cách kết hợp INSERT, UPDATE (và có thể DELETE) dựa trên sự khớp mã khóa.","BACKUP DATABASE QuanlySV TO DISK = 'C:\Backups\QuanlySV.bak' WITH FORMAT, INIT;",WITH REPLACE,1002,"Kho WH01 bị xóa, đồng thời tất cả các chuyến hàng có OriginWarehouseID = 'WH01' trong bảng SHIPMENT cũng tự động bị xóa.","S001', 'CSDL', 1, 4 tiếp theo chèn 'S001', 'CSDL', 1, 8",AI Vector Search vì truy vấn sử dụng ngữ nghĩa phi cấu trúc và đo độ tương đồng cosine qua embedding.,Đăng nhập bằng danh tính và chứng chỉ bảo mật của tài khoản hệ điều hành Windows hiện hành đang mở ứng dụng.,File kịch bản chứa các câu lệnh T-SQL (.sql) để tái tạo lược đồ (DDL) hoặc chèn dữ liệu (DML).,table,NVARCHAR,sp_help,[],IDENTITY,table level,NO ACTION,Self-referential,DROP TABLE,CHECK,DEFAULT,DATETIME2,CHA,CON,ADD,ALTER COLUMM,DEFAULT,ISJSON,UNIQUE,MERGE,TRUNCATE TABLE,FOREIGN KEY,NO,.BAK,WITH REPLACE,EMBEDDING,RACE CONDITIONS,COMPUTED COLUMN,EXISTS,DATEDIFF,ON DELETE CASCADE,"Khởi đầu (Starter): Tự viết mã ban đầu, chỉ gọi AI khi gặp lỗi biên dịch hoặc bế tắc cú pháp.","Giải thích khái niệm lý thuyết và mô hình quan hệ (ERD), Hỗ trợ giải quyết các bài tập Homework/Assignment cá nhân",Chạy thử nghiệm (Run/Test) trên SSMS xem có báo lỗi không rồi nộp,"Hầu như không xảy ra, tôi luôn phân biệt rõ ràng giữa việc hiểu và việc dùng AI",4,Đưa ngay thông báo lỗi (Error message) cho AI để nhờ sửa hộ,Các câu trả lời giải thích bằng ngôn ngữ tự nhiên của Trợ lý AI,"Áp dụng giai đoạn đầu không dùng AI, sau đó mới mở rộng cho phép dùng AI, Đưa các tình huống gỡ lỗi mã AI sai vào nội dung bài tập thực hành trên lớp",5,"Thiết nghĩ, bản thân chúng ta không nên chống lại việc sử dụng AI, thay vào đó nên là hiểu và kiểm soát được việc sử dụng của bản thân, rằng AI chỉ nên là công cụ chứ không nên là chính bản thân lập trình viên, do đó việc tự nhận thức và phổ cập kinh nghiệm là điều rất nên diễn ra và diễn ra thường xuyên hơn."
9/16/2026 13:24:07,522h0110@student.tdtu.edu.vn,29 / 30,Lê Đức Trung,522H0110,Nhóm 06 (Ca3): thứ 4,Tôi đồng ý tham gia khảo sát và kiểm tra năng lực,Chuyển đổi ngữ cảnh làm việc (session context) hiện hành sang cơ sở dữ liệu QuanlySV.,"Là từ khóa phân tách các khối lệnh (batch separator) được tiện ích SSMS nhận diện, không phải câu lệnh SQL.","NOT NULL, UNIQUE và tự động tạo Clustered Index (mặc định trong SQL Server).",Quan hệ đệ quy (Self-referential) thông qua hai khóa ngoại cùng tham chiếu về một bảng cha.,KETQUA -> DIEUKIEN -> HOCPHAN -> SINHVIEN -> MONHOC -> KETQUA,Lệnh thất bại và báo lỗi vì thêm cột NOT NULL vào bảng đã có dữ liệu mà không có giá trị DEFAULT.,"Dữ liệu trên RAM bị mất hoàn toàn khi tắt tiến trình/mất điện, dễ cạn kiệt bộ nhớ (OOM) và gặp xung đột đồng thời (race condition).","Cột tính toán động (Computed Column), giá trị được sinh tự động từ biểu thức.",Đảm bảo chuỗi văn bản lưu trữ phải tuân thủ cấu trúc định dạng JSON hợp lệ.,Thêm một dòng vào bảng SINHVIEN với giá trị MAKHOA = 'LUAT' trong khi bảng KHOA chưa có mã này.,ALTER TABLE NHANVIEN DROP COLUMN DIENTHOAI;,"Khi cột đó đang bị ràng buộc bởi Primary Key, Foreign Key, CHECK hoặc DEFAULT chưa được drop.",Báo lỗi vi phạm ràng buộc tham chiếu và từ chối (rollback) thao tác xóa dòng ở bảng cha.,Lệnh thất bại với lỗi vi phạm ràng buộc do bảng MATHANG đang có khóa ngoại tham chiếu tới NHACUNGCAP.,"CHECK (DATEDIFF(YEAR, NGAYSINH, GETDATE()) BETWEEN 18 AND 60)","OrderDate = '2026-03-10', ShipDate = '2026-03-08', DeliveryDate = '2026-03-12'",Cho phép sử dụng mệnh đề mở rộng FROM TableA JOIN TableB ON ... ngay sau mệnh đề SET.,Để tuân thủ quy tắc xóa: phải xóa dữ liệu bảng con trước khi xóa bản ghi cha để tránh lỗi vi phạm khóa ngoại.,TRUNCATE TABLE table_name;,Bỏ qua lỗi thực thi và không dừng script nếu bảng chưa từng tồn tại trong cơ sở dữ liệu.,"Đồng bộ hai bảng bằng cách kết hợp INSERT, UPDATE (và có thể DELETE) dựa trên sự khớp mã khóa.",RESTORE DATABASE QuanlySV FROM DISK = 'C:\Backups\QuanlySV.bak' WITH REPLACE;,WITH REPLACE,1002,"Kho WH01 bị xóa, đồng thời tất cả các chuyến hàng có OriginWarehouseID = 'WH01' trong bảng SHIPMENT cũng tự động bị xóa.","S001', 'CSDL', 1, 4 tiếp theo chèn 'S001', 'CSDL', 1, 8",AI Vector Search vì truy vấn sử dụng ngữ nghĩa phi cấu trúc và đo độ tương đồng cosine qua embedding.,Đăng nhập bằng danh tính và chứng chỉ bảo mật của tài khoản hệ điều hành Windows hiện hành đang mở ứng dụng.,File kịch bản chứa các câu lệnh T-SQL (.sql) để tái tạo lược đồ (DDL) hoặc chèn dữ liệu (DML).,table,NVARCHAR,sp_help,ngoặc vuông,IDENTITY,cấp bảng,NO ACTION,đệ quy,DROP TABLE,CHECK,DEFAULT,DATETIME2,cha,con,ADD COLUMN,ALTER COLUMN,DEFAULT,ISJSON,duy nhất,MERGE,TRUNCATE TABLE,FOREIGN KEY,DATABASE SNAPSHOT,.bak,WITH REPLACE,embedding,dữ liệu,cột tính toán động,IF EXISTS,DATEDIFF,ON DELETE CASCADE,"Khởi đầu (Starter): Tự viết mã ban đầu, chỉ gọi AI khi gặp lỗi biên dịch hoặc bế tắc cú pháp.","Giải thích khái niệm lý thuyết và mô hình quan hệ (ERD), Tìm kiếm và sửa lỗi (Debug) các lỗi cú pháp hoặc lỗi vi phạm ràng buộc toàn vẹn","Đọc hiểu kỹ, rà soát từng dòng, tự kiểm tra các trường hợp biên (Active Verification)",Thỉnh thoảng có cảm giác này,3,Đưa ngay thông báo lỗi (Error message) cho AI để nhờ sửa hộ,Các câu trả lời giải thích bằng ngôn ngữ tự nhiên của Trợ lý AI,"Áp dụng giai đoạn đầu không dùng AI, sau đó mới mở rộng cho phép dùng AI, Đưa các tình huống gỡ lỗi mã AI sai vào nội dung bài tập thực hành trên lớp",4,
9/16/2026 13:27:06,525H0039@student.tdtu.edu.vn,29 / 30,Nguyễn Hoàng Gia Khang,525H0039,Nhóm 06 (Ca3): thứ 4,Tôi đồng ý tham gia khảo sát và kiểm tra năng lực,Chuyển đổi ngữ cảnh làm việc (session context) hiện hành sang cơ sở dữ liệu QuanlySV.,"Là từ khóa phân tách các khối lệnh (batch separator) được tiện ích SSMS nhận diện, không phải câu lệnh SQL.","NOT NULL, UNIQUE và tự động tạo Clustered Index (mặc định trong SQL Server).",Quan hệ đệ quy (Self-referential) thông qua hai khóa ngoại cùng tham chiếu về một bảng cha.,KETQUA -> DIEUKIEN -> HOCPHAN -> SINHVIEN -> MONHOC -> KETQUA,Lệnh thất bại và báo lỗi vì thêm cột NOT NULL vào bảng đã có dữ liệu mà không có giá trị DEFAULT.,"Dữ liệu trên RAM bị mất hoàn toàn khi tắt tiến trình/mất điện, dễ cạn kiệt bộ nhớ (OOM) và gặp xung đột đồng thời (race condition).","Cột tính toán động (Computed Column), giá trị được sinh tự động từ biểu thức.",Đảm bảo chuỗi văn bản lưu trữ phải tuân thủ cấu trúc định dạng JSON hợp lệ.,Thêm một dòng vào bảng SINHVIEN với giá trị MAKHOA = 'LUAT' trong khi bảng KHOA chưa có mã này.,ALTER TABLE NHANVIEN DROP COLUMN DIENTHOAI;,"Khi cột đó đang bị ràng buộc bởi Primary Key, Foreign Key, CHECK hoặc DEFAULT chưa được drop.",Báo lỗi vi phạm ràng buộc tham chiếu và từ chối (rollback) thao tác xóa dòng ở bảng cha.,Lệnh thất bại với lỗi vi phạm ràng buộc do bảng MATHANG đang có khóa ngoại tham chiếu tới NHACUNGCAP.,"CHECK (DATEDIFF(YEAR, NGAYSINH, GETDATE()) BETWEEN 18 AND 60)","OrderDate = '2026-03-10', ShipDate = '2026-03-08', DeliveryDate = '2026-03-12'",Cho phép sử dụng mệnh đề mở rộng FROM TableA JOIN TableB ON ... ngay sau mệnh đề SET.,Để tuân thủ quy tắc xóa: phải xóa dữ liệu bảng con trước khi xóa bản ghi cha để tránh lỗi vi phạm khóa ngoại.,TRUNCATE TABLE table_name;,Bỏ qua lỗi thực thi và không dừng script nếu bảng chưa từng tồn tại trong cơ sở dữ liệu.,"Đồng bộ hai bảng bằng cách kết hợp INSERT, UPDATE (và có thể DELETE) dựa trên sự khớp mã khóa.","BACKUP DATABASE QuanlySV TO DISK = 'C:\Backups\QuanlySV.bak' WITH FORMAT, INIT;",WITH REPLACE,1002,"Kho WH01 bị xóa, đồng thời tất cả các chuyến hàng có OriginWarehouseID = 'WH01' trong bảng SHIPMENT cũng tự động bị xóa.","S001', 'CSDL', 1, 4 tiếp theo chèn 'S001', 'CSDL', 1, 8",Exact SQL Search vì dùng toán tử WHERE Content = 'B-Tree'.,Đăng nhập bằng danh tính và chứng chỉ bảo mật của tài khoản hệ điều hành Windows hiện hành đang mở ứng dụng.,File kịch bản chứa các câu lệnh T-SQL (.sql) để tái tạo lược đồ (DDL) hoặc chèn dữ liệu (DML).,table,NVARCHAR,sp_help,[ ],IDENTITY,table level,NO ACTION,tự tham chiếm,DROP TABLE,CHECK,DEFAULT,DATETIME2,Cha,Con,ADD,ALTER COLUMN,Mặc định,ISJSON,Duy nhất,MERGE,TRUNCATE TABLE,Khóa ngoại,BACKUP DATABASE,bak,WITH REPLACE,Embeddings,Đua,Cột tính toán,IF EXISTS,DATEDIFF,ON DELETE CASCADE,"Khởi đầu (Starter): Tự viết mã ban đầu, chỉ gọi AI khi gặp lỗi biên dịch hoặc bế tắc cú pháp.","Giải thích khái niệm lý thuyết và mô hình quan hệ (ERD), Tìm kiếm và sửa lỗi (Debug) các lỗi cú pháp hoặc lỗi vi phạm ràng buộc toàn vẹn","Đọc hiểu kỹ, rà soát từng dòng, tự kiểm tra các trường hợp biên (Active Verification)",Rất thường xuyên xảy ra với bản thân tôi,3,Tự tra cứu tài liệu Lab Manual hoặc cấu trúc schema để tìm nguyên nhân gốc rễ,Sách hướng dẫn Lab thủ công (Lab Manual) chính thống của giảng viên,"Áp dụng giai đoạn đầu không dùng AI, sau đó mới mở rộng cho phép dùng AI",3,có nhiều cái lợi nhưng cũng có cái hại
9/16/2026 13:37:27,525h0179@student.tdtu.edu.vn,29 / 30,Huỳnh Nhật Phát,525H0179,Nhóm 06 (Ca3): thứ 4,Tôi đồng ý tham gia khảo sát và kiểm tra năng lực,Chuyển đổi ngữ cảnh làm việc (session context) hiện hành sang cơ sở dữ liệu QuanlySV.,"Là từ khóa phân tách các khối lệnh (batch separator) được tiện ích SSMS nhận diện, không phải câu lệnh SQL.","NOT NULL, UNIQUE và tự động tạo Clustered Index (mặc định trong SQL Server).",Quan hệ đệ quy (Self-referential) thông qua hai khóa ngoại cùng tham chiếu về một bảng cha.,KETQUA -> DIEUKIEN -> HOCPHAN -> SINHVIEN -> MONHOC -> KETQUA,Lệnh thất bại và báo lỗi vì thêm cột NOT NULL vào bảng đã có dữ liệu mà không có giá trị DEFAULT.,"Dữ liệu trên RAM bị mất hoàn toàn khi tắt tiến trình/mất điện, dễ cạn kiệt bộ nhớ (OOM) và gặp xung đột đồng thời (race condition).","Cột tính toán động (Computed Column), giá trị được sinh tự động từ biểu thức.",Đảm bảo chuỗi văn bản lưu trữ phải tuân thủ cấu trúc định dạng JSON hợp lệ.,Thêm một dòng vào bảng SINHVIEN với giá trị MAKHOA = 'LUAT' trong khi bảng KHOA chưa có mã này.,ALTER TABLE NHANVIEN DROP COLUMN DIENTHOAI;,"Khi cột đó đang bị ràng buộc bởi Primary Key, Foreign Key, CHECK hoặc DEFAULT chưa được drop.",Báo lỗi vi phạm ràng buộc tham chiếu và từ chối (rollback) thao tác xóa dòng ở bảng cha.,Lệnh thất bại với lỗi vi phạm ràng buộc do bảng MATHANG đang có khóa ngoại tham chiếu tới NHACUNGCAP.,"CHECK (DATEDIFF(YEAR, NGAYSINH, GETDATE()) BETWEEN 18 AND 60)","OrderDate = '2026-03-10', ShipDate = '2026-03-08', DeliveryDate = '2026-03-12'",Cho phép sử dụng mệnh đề mở rộng FROM TableA JOIN TableB ON ... ngay sau mệnh đề SET.,Để tuân thủ quy tắc xóa: phải xóa dữ liệu bảng con trước khi xóa bản ghi cha để tránh lỗi vi phạm khóa ngoại.,DROP TABLE table_name;,Bỏ qua lỗi thực thi và không dừng script nếu bảng chưa từng tồn tại trong cơ sở dữ liệu.,"Đồng bộ hai bảng bằng cách kết hợp INSERT, UPDATE (và có thể DELETE) dựa trên sự khớp mã khóa.","BACKUP DATABASE QuanlySV TO DISK = 'C:\Backups\QuanlySV.bak' WITH FORMAT, INIT;",WITH REPLACE,1002,"Kho WH01 bị xóa, đồng thời tất cả các chuyến hàng có OriginWarehouseID = 'WH01' trong bảng SHIPMENT cũng tự động bị xóa.","S001', 'CSDL', 1, 4 tiếp theo chèn 'S001', 'CSDL', 1, 8",AI Vector Search vì truy vấn sử dụng ngữ nghĩa phi cấu trúc và đo độ tương đồng cosine qua embedding.,Đăng nhập bằng danh tính và chứng chỉ bảo mật của tài khoản hệ điều hành Windows hiện hành đang mở ứng dụng.,File kịch bản chứa các câu lệnh T-SQL (.sql) để tái tạo lược đồ (DDL) hoặc chèn dữ liệu (DML).,table,NVARCHAR,sp_help,ngoặc vuông,IDENTITY,mức bảng,NO ACTION,tự tham chiếu,DROP TABLE,CHECK,DEFAULT,DATETIME2,cha,con,ADD,ALTER COLUMN,DEFAULT,ISJSON,UNIQUE,MERGE,TRUNCATE TABLE,FOREIGN KEY,BACKUP DATABSAE,.bak,WITH REPLACE,embedding,Concurrency,cột tính toán,IF EXIST,DATEDIFF,ON DELETE CASCADE,"Thách thức (Challenger): Tự hoàn thiện giải pháp trước, sau đó dùng AI để kiểm chứng khả năng tối ưu.","Giải thích khái niệm lý thuyết và mô hình quan hệ (ERD), Tìm kiếm và sửa lỗi (Debug) các lỗi cú pháp hoặc lỗi vi phạm ràng buộc toàn vẹn","Đọc hiểu kỹ, rà soát từng dòng, tự kiểm tra các trường hợp biên (Active Verification)","Hầu như không xảy ra, tôi luôn phân biệt rõ ràng giữa việc hiểu và việc dùng AI",4,Tự tra cứu tài liệu Lab Manual hoặc cấu trúc schema để tìm nguyên nhân gốc rễ,Sách hướng dẫn Lab thủ công (Lab Manual) chính thống của giảng viên,"Tăng cường các bài kiểm tra vấn đáp trực tiếp / live-coding không dùng mạng, Đưa các tình huống gỡ lỗi mã AI sai vào nội dung bài tập thực hành trên lớp",2,
9/16/2026 13:43:47,525H003@student.tdtu.edu.vn,29 / 30,Trần Quang Huy,525H0031,Nhóm 06 (Ca3): thứ 4,Tôi đồng ý tham gia khảo sát và kiểm tra năng lực,Chuyển đổi ngữ cảnh làm việc (session context) hiện hành sang cơ sở dữ liệu QuanlySV.,"Là từ khóa phân tách các khối lệnh (batch separator) được tiện ích SSMS nhận diện, không phải câu lệnh SQL.","NOT NULL, UNIQUE và tự động tạo Clustered Index (mặc định trong SQL Server).",Quan hệ đệ quy (Self-referential) thông qua hai khóa ngoại cùng tham chiếu về một bảng cha.,MONHOC -> DIEUKIEN -> HOCPHAN -> KHOA -> SINHVIEN -> KETQUA,Lệnh thất bại và báo lỗi vì thêm cột NOT NULL vào bảng đã có dữ liệu mà không có giá trị DEFAULT.,"Dữ liệu trên RAM bị mất hoàn toàn khi tắt tiến trình/mất điện, dễ cạn kiệt bộ nhớ (OOM) và gặp xung đột đồng thời (race condition).","Cột tính toán động (Computed Column), giá trị được sinh tự động từ biểu thức.",Đảm bảo chuỗi văn bản lưu trữ phải tuân thủ cấu trúc định dạng JSON hợp lệ.,Thêm một dòng vào bảng SINHVIEN với giá trị MAKHOA = 'LUAT' trong khi bảng KHOA chưa có mã này.,ALTER TABLE NHANVIEN DROP COLUMN DIENTHOAI;,"Khi cột đó đang bị ràng buộc bởi Primary Key, Foreign Key, CHECK hoặc DEFAULT chưa được drop.",Báo lỗi vi phạm ràng buộc tham chiếu và từ chối (rollback) thao tác xóa dòng ở bảng cha.,Lệnh thất bại với lỗi vi phạm ràng buộc do bảng MATHANG đang có khóa ngoại tham chiếu tới NHACUNGCAP.,"CHECK (DATEDIFF(YEAR, NGAYSINH, GETDATE()) BETWEEN 18 AND 60)","OrderDate = '2026-03-10', ShipDate = '2026-03-08', DeliveryDate = '2026-03-12'",Cho phép sử dụng mệnh đề mở rộng FROM TableA JOIN TableB ON ... ngay sau mệnh đề SET.,Để tuân thủ quy tắc xóa: phải xóa dữ liệu bảng con trước khi xóa bản ghi cha để tránh lỗi vi phạm khóa ngoại.,TRUNCATE TABLE table_name;,Bỏ qua lỗi thực thi và không dừng script nếu bảng chưa từng tồn tại trong cơ sở dữ liệu.,"Đồng bộ hai bảng bằng cách kết hợp INSERT, UPDATE (và có thể DELETE) dựa trên sự khớp mã khóa.","BACKUP DATABASE QuanlySV TO DISK = 'C:\Backups\QuanlySV.bak' WITH FORMAT, INIT;",WITH REPLACE,1002,"Kho WH01 bị xóa, đồng thời tất cả các chuyến hàng có OriginWarehouseID = 'WH01' trong bảng SHIPMENT cũng tự động bị xóa.","S001', 'CSDL', 1, 4 tiếp theo chèn 'S001', 'CSDL', 1, 8",AI Vector Search vì truy vấn sử dụng ngữ nghĩa phi cấu trúc và đo độ tương đồng cosine qua embedding.,Đăng nhập bằng danh tính và chứng chỉ bảo mật của tài khoản hệ điều hành Windows hiện hành đang mở ứng dụng.,File kịch bản chứa các câu lệnh T-SQL (.sql) để tái tạo lược đồ (DDL) hoặc chèn dữ liệu (DML).,table,NVARCHAR,sp_help,[ ],IDENTITY,table level,NO ACTION,đệ quy,DROP TABLE,CHECK,DEFAULT,DATETIME2,bảng cha,bảng con,ADD,AFTER COLUMN,DEFAULT,ISJSON,duy nhất,MERGE,TRUNCATE TABLE,Foreign key,BACKUP DATABASE,.bak,WITH REPLACE,embedding,đồng thời ,Computed Column,IF EXISTS,DATEDIFF,ON DELETE CASCADE,"Tinh chỉnh (Fine-tuner): Tự viết phần lớn, chỉ dùng AI để định dạng hoặc tối ưu hóa cục bộ.","Giải thích khái niệm lý thuyết và mô hình quan hệ (ERD), Sinh mã lệnh DDL/DML tự động (CREATE TABLE, ALTER, INSERT, UPDATE), Tìm kiếm và sửa lỗi (Debug) các lỗi cú pháp hoặc lỗi vi phạm ràng buộc toàn vẹn, Hỗ trợ giải quyết các bài tập Homework/Assignment cá nhân","Đọc hiểu kỹ, rà soát từng dòng, tự kiểm tra các trường hợp biên (Active Verification)",Thỉnh thoảng có cảm giác này,3,Tự tra cứu tài liệu Lab Manual hoặc cấu trúc schema để tìm nguyên nhân gốc rễ,Tài liệu kỹ thuật chính thức (Microsoft SQL Server Documentation / TechNet),"Áp dụng giai đoạn đầu không dùng AI, sau đó mới mở rộng cho phép dùng AI, Tăng cường các bài kiểm tra vấn đáp trực tiếp / live-coding không dùng mạng, Đưa các tình huống gỡ lỗi mã AI sai vào nội dung bài tập thực hành trên lớp",3,"AI là công cụ hữu ích trong việc học môn Cơ sở dữ liệu, đặc biệt trong việc giải thích khái niệm, gợi ý cách viết SQL và hỗ trợ tìm lỗi. Tuy nhiên, sinh viên vẫn cần tự đọc hiểu, kiểm tra và chạy thử mã do AI tạo ra thay vì phụ thuộc hoàn toàn vào AI. Em cho rằng nên kết hợp việc sử dụng AI với các bài tập tự viết mã, debug và live-coding để rèn luyện tư duy logic và kỹ năng lập trình bền vững."
9/16/2026 13:23:46,525h0046@student.tdtu.edu.vn,28 / 30,Nguyễn Hồ Lê Khôi,525h0046,Nhóm 06 (Ca3): thứ 4,Tôi đồng ý tham gia khảo sát và kiểm tra năng lực,Chuyển đổi ngữ cảnh làm việc (session context) hiện hành sang cơ sở dữ liệu QuanlySV.,"Là từ khóa phân tách các khối lệnh (batch separator) được tiện ích SSMS nhận diện, không phải câu lệnh SQL.","NOT NULL, UNIQUE và tự động tạo Clustered Index (mặc định trong SQL Server).",Quan hệ đệ quy (Self-referential) thông qua hai khóa ngoại cùng tham chiếu về một bảng cha.,KETQUA -> DIEUKIEN -> HOCPHAN -> SINHVIEN -> MONHOC -> KETQUA,Lệnh thất bại và báo lỗi vì thêm cột NOT NULL vào bảng đã có dữ liệu mà không có giá trị DEFAULT.,"Dữ liệu trên RAM bị mất hoàn toàn khi tắt tiến trình/mất điện, dễ cạn kiệt bộ nhớ (OOM) và gặp xung đột đồng thời (race condition).","Cột tính toán động (Computed Column), giá trị được sinh tự động từ biểu thức.",Đảm bảo chuỗi văn bản lưu trữ phải tuân thủ cấu trúc định dạng JSON hợp lệ.,Thêm một dòng vào bảng SINHVIEN với giá trị MAKHOA = 'LUAT' trong khi bảng KHOA chưa có mã này.,DROP COLUMN DIENTHOAI FROM NHANVIEN;,"Khi cột đó đang bị ràng buộc bởi Primary Key, Foreign Key, CHECK hoặc DEFAULT chưa được drop.",Báo lỗi vi phạm ràng buộc tham chiếu và từ chối (rollback) thao tác xóa dòng ở bảng cha.,Lệnh thất bại với lỗi vi phạm ràng buộc do bảng MATHANG đang có khóa ngoại tham chiếu tới NHACUNGCAP.,"CHECK (DATEDIFF(YEAR, NGAYSINH, GETDATE()) BETWEEN 18 AND 60)","OrderDate = '2026-03-10', ShipDate = '2026-03-08', DeliveryDate = '2026-03-12'",Cho phép sử dụng mệnh đề mở rộng FROM TableA JOIN TableB ON ... ngay sau mệnh đề SET.,Để tuân thủ quy tắc xóa: phải xóa dữ liệu bảng con trước khi xóa bản ghi cha để tránh lỗi vi phạm khóa ngoại.,TRUNCATE TABLE table_name;,Bỏ qua lỗi thực thi và không dừng script nếu bảng chưa từng tồn tại trong cơ sở dữ liệu.,"Đồng bộ hai bảng bằng cách kết hợp INSERT, UPDATE (và có thể DELETE) dựa trên sự khớp mã khóa.",RESTORE DATABASE QuanlySV FROM DISK = 'C:\Backups\QuanlySV.bak' WITH REPLACE;,WITH REPLACE,1002,"Kho WH01 bị xóa, đồng thời tất cả các chuyến hàng có OriginWarehouseID = 'WH01' trong bảng SHIPMENT cũng tự động bị xóa.","S001', 'CSDL', 1, 4 tiếp theo chèn 'S001', 'CSDL', 1, 8",AI Vector Search vì truy vấn sử dụng ngữ nghĩa phi cấu trúc và đo độ tương đồng cosine qua embedding.,Đăng nhập bằng danh tính và chứng chỉ bảo mật của tài khoản hệ điều hành Windows hiện hành đang mở ứng dụng.,File kịch bản chứa các câu lệnh T-SQL (.sql) để tái tạo lược đồ (DDL) hoặc chèn dữ liệu (DML).,table,NVARCHAR,sp_help,[],IDENTITY,table level,NO ACTION,đệ quy,DROP TABLE,CHECK,DEFAULT,DATETIME2,bảng cha,bảng con,ADD,ALTER COLUMN,DEFAULT,ISJSON,duy nhất,duy nhất ,MERGE,khóa ngoại,BACKUP DATABASE,.bak,WITH REPLACE,embedding,đồng thời,cột tính toán,IF EXISTS,DATEDIFF,CASCADE,"Điều hướng (Navigator): Đối thoại liên tục từng bước nhỏ, xây dựng giải pháp qua gợi ý của AI (lập trình cặp).","Giải thích khái niệm lý thuyết và mô hình quan hệ (ERD), Tìm kiếm và sửa lỗi (Debug) các lỗi cú pháp hoặc lỗi vi phạm ràng buộc toàn vẹn, Hỗ trợ giải quyết các bài tập Homework/Assignment cá nhân",Chạy thử nghiệm (Run/Test) trên SSMS xem có báo lỗi không rồi nộp,Thỉnh thoảng có cảm giác này,3,Đưa ngay thông báo lỗi (Error message) cho AI để nhờ sửa hộ,Các câu trả lời giải thích bằng ngôn ngữ tự nhiên của Trợ lý AI,"Áp dụng giai đoạn đầu không dùng AI, sau đó mới mở rộng cho phép dùng AI, Đưa các tình huống gỡ lỗi mã AI sai vào nội dung bài tập thực hành trên lớp",5,"AI là công cụ giúp chúng ta hoàn thành các công việc nhanh hơn và ít các rủ ro thủ công do con người gây ra hơn, nhưng không phải là thứ tự mình điều hành cả 1 hệ thống độc lập được."
9/16/2026 13:35:30,525H0033@student.tdtu.edu.vn,28 / 30,Vũ Phước Huy,525H0033,Nhóm 06 (Ca3): thứ 4,Tôi đồng ý tham gia khảo sát và kiểm tra năng lực,Chuyển đổi ngữ cảnh làm việc (session context) hiện hành sang cơ sở dữ liệu QuanlySV.,"Là từ khóa phân tách các khối lệnh (batch separator) được tiện ích SSMS nhận diện, không phải câu lệnh SQL.","NOT NULL, UNIQUE và tự động tạo Clustered Index (mặc định trong SQL Server).",Quan hệ đệ quy (Self-referential) thông qua hai khóa ngoại cùng tham chiếu về một bảng cha.,KETQUA -> DIEUKIEN -> HOCPHAN -> SINHVIEN -> MONHOC -> KETQUA,Lệnh thất bại và báo lỗi vì thêm cột NOT NULL vào bảng đã có dữ liệu mà không có giá trị DEFAULT.,"Dữ liệu trên RAM bị mất hoàn toàn khi tắt tiến trình/mất điện, dễ cạn kiệt bộ nhớ (OOM) và gặp xung đột đồng thời (race condition).","Cột tính toán động (Computed Column), giá trị được sinh tự động từ biểu thức.",Đảm bảo chuỗi văn bản lưu trữ phải tuân thủ cấu trúc định dạng JSON hợp lệ.,Thêm một dòng vào bảng SINHVIEN với giá trị MAKHOA = 'LUAT' trong khi bảng KHOA chưa có mã này.,ALTER TABLE NHANVIEN DELETE COLUMN DIENTHOAI;,"Khi cột đó đang bị ràng buộc bởi Primary Key, Foreign Key, CHECK hoặc DEFAULT chưa được drop.",Báo lỗi vi phạm ràng buộc tham chiếu và từ chối (rollback) thao tác xóa dòng ở bảng cha.,Lệnh thất bại với lỗi vi phạm ràng buộc do bảng MATHANG đang có khóa ngoại tham chiếu tới NHACUNGCAP.,"CHECK (DATEDIFF(YEAR, NGAYSINH, GETDATE()) BETWEEN 18 AND 60)","OrderDate = '2026-03-01', ShipDate = '2026-03-01', DeliveryDate = '2026-03-01'",Cho phép sử dụng mệnh đề mở rộng FROM TableA JOIN TableB ON ... ngay sau mệnh đề SET.,Để tuân thủ quy tắc xóa: phải xóa dữ liệu bảng con trước khi xóa bản ghi cha để tránh lỗi vi phạm khóa ngoại.,TRUNCATE TABLE table_name;,Bỏ qua lỗi thực thi và không dừng script nếu bảng chưa từng tồn tại trong cơ sở dữ liệu.,"Đồng bộ hai bảng bằng cách kết hợp INSERT, UPDATE (và có thể DELETE) dựa trên sự khớp mã khóa.","BACKUP DATABASE QuanlySV TO DISK = 'C:\Backups\QuanlySV.bak' WITH FORMAT, INIT;",WITH REPLACE,1002,"Kho WH01 bị xóa, đồng thời tất cả các chuyến hàng có OriginWarehouseID = 'WH01' trong bảng SHIPMENT cũng tự động bị xóa.","S001', 'CSDL', 1, 4 tiếp theo chèn 'S001', 'CSDL', 1, 8",AI Vector Search vì truy vấn sử dụng ngữ nghĩa phi cấu trúc và đo độ tương đồng cosine qua embedding.,Đăng nhập bằng danh tính và chứng chỉ bảo mật của tài khoản hệ điều hành Windows hiện hành đang mở ứng dụng.,File kịch bản chứa các câu lệnh T-SQL (.sql) để tái tạo lược đồ (DDL) hoặc chèn dữ liệu (DML).,table,NVARCHAR,sp_help,[],IDENTITY,mức bảng,NO ACTION,ĐỆ QUY,DROP TABLE,CHECK,DEFAULT,DATETIME2,CHA ,CON,ADD,ALTER TABLE,DEFAULT,ISJSON(),DUY NHẤT,MERGE,TRUNCATE TABLE,FOREING KEY, DATABASE SNAPSHOT,BAK,WITH REPLACE,NHÚNG,ĐỒNG THỜI,CỘT TÍNH TOÁN,IF EXISTS,DATEDIFF(),CASCADE,"Điều hướng (Navigator): Đối thoại liên tục từng bước nhỏ, xây dựng giải pháp qua gợi ý của AI (lập trình cặp).","Giải thích khái niệm lý thuyết và mô hình quan hệ (ERD), Sinh mã lệnh DDL/DML tự động (CREATE TABLE, ALTER, INSERT, UPDATE), Tìm kiếm và sửa lỗi (Debug) các lỗi cú pháp hoặc lỗi vi phạm ràng buộc toàn vẹn, Hỗ trợ giải quyết các bài tập Homework/Assignment cá nhân","Đọc hiểu kỹ, rà soát từng dòng, tự kiểm tra các trường hợp biên (Active Verification)",Thỉnh thoảng có cảm giác này,,Tự tra cứu tài liệu Lab Manual hoặc cấu trúc schema để tìm nguyên nhân gốc rễ,Tài liệu kỹ thuật chính thức (Microsoft SQL Server Documentation / TechNet),"Áp dụng giai đoạn đầu không dùng AI, sau đó mới mở rộng cho phép dùng AI, Tăng cường các bài kiểm tra vấn đáp trực tiếp / live-coding không dùng mạng, Đưa các tình huống gỡ lỗi mã AI sai vào nội dung bài tập thực hành trên lớp",4,"AI là công cụ hỗ trợ chúng ta học nhanh hơn , giúp tiết kiệm thời gian tra cứu. Nhưng chúng ta cũng tránh lạm dụng quá nhiều vào AI,chúng ta cần phải tự chủ động học nắm bản chất, hiểu logic."
9/16/2026 13:42:21,525h0069@student.tdtu.edu.vn,28 / 30,Nguyễn Hoàng Gia Phú,525H0069,Nhóm 06 (Ca3): thứ 4,Tôi đồng ý tham gia khảo sát và kiểm tra năng lực,Chuyển đổi ngữ cảnh làm việc (session context) hiện hành sang cơ sở dữ liệu QuanlySV.,"Là từ khóa phân tách các khối lệnh (batch separator) được tiện ích SSMS nhận diện, không phải câu lệnh SQL.","NOT NULL, UNIQUE và tự động tạo Clustered Index (mặc định trong SQL Server).",Quan hệ đệ quy (Self-referential) thông qua hai khóa ngoại cùng tham chiếu về một bảng cha.,KHOA -> SINHVIEN -> MONHOC -> KETQUA -> HOCPHAN -> DIEUKIEN,Lệnh thất bại và báo lỗi vì thêm cột NOT NULL vào bảng đã có dữ liệu mà không có giá trị DEFAULT.,,"Cột tính toán động (Computed Column), giá trị được sinh tự động từ biểu thức.",Đảm bảo chuỗi văn bản lưu trữ phải tuân thủ cấu trúc định dạng JSON hợp lệ.,Thêm một dòng vào bảng SINHVIEN với giá trị MAKHOA = 'LUAT' trong khi bảng KHOA chưa có mã này.,ALTER TABLE NHANVIEN DROP COLUMN DIENTHOAI;,"Khi cột đó đang bị ràng buộc bởi Primary Key, Foreign Key, CHECK hoặc DEFAULT chưa được drop.",Báo lỗi vi phạm ràng buộc tham chiếu và từ chối (rollback) thao tác xóa dòng ở bảng cha.,Lệnh thất bại với lỗi vi phạm ràng buộc do bảng MATHANG đang có khóa ngoại tham chiếu tới NHACUNGCAP.,"CHECK (DATEDIFF(YEAR, NGAYSINH, GETDATE()) BETWEEN 18 AND 60)","OrderDate = '2026-03-10', ShipDate = '2026-03-08', DeliveryDate = '2026-03-12'",Cho phép sử dụng mệnh đề mở rộng FROM TableA JOIN TableB ON ... ngay sau mệnh đề SET.,Để tuân thủ quy tắc xóa: phải xóa dữ liệu bảng con trước khi xóa bản ghi cha để tránh lỗi vi phạm khóa ngoại.,TRUNCATE TABLE table_name;,Bỏ qua lỗi thực thi và không dừng script nếu bảng chưa từng tồn tại trong cơ sở dữ liệu.,"Đồng bộ hai bảng bằng cách kết hợp INSERT, UPDATE (và có thể DELETE) dựa trên sự khớp mã khóa.","BACKUP DATABASE QuanlySV TO DISK = 'C:\Backups\QuanlySV.bak' WITH FORMAT, INIT;",WITH REPLACE,1002,"Kho WH01 bị xóa, đồng thời tất cả các chuyến hàng có OriginWarehouseID = 'WH01' trong bảng SHIPMENT cũng tự động bị xóa.","S001', 'CSDL', 1, 4 tiếp theo chèn 'S001', 'CSDL', 1, 8",AI Vector Search vì truy vấn sử dụng ngữ nghĩa phi cấu trúc và đo độ tương đồng cosine qua embedding.,Đăng nhập bằng danh tính và chứng chỉ bảo mật của tài khoản hệ điều hành Windows hiện hành đang mở ứng dụng.,File kịch bản chứa các câu lệnh T-SQL (.sql) để tái tạo lược đồ (DDL) hoặc chèn dữ liệu (DML).,table,NVARCHAR,SHOW,"""""",IDENTITY,CONSTRAINT,NO ACTION,DE QUY,DROP TABLE,CHECK,DEFAULT,DATETIME2,CHA,CON,ADD COLUMN,ALTER COLUMN,DEFAULT,ISJSON,,MERGE,TRUNCATE,KHOÁ NGOẠI,BACKUP,.sql,WITH REPLACE,EMBEDDING,ĐỒNG THỜI,Computed Column,IF EXIST,DATEDIFF,CASCADE,"Thách thức (Challenger): Tự hoàn thiện giải pháp trước, sau đó dùng AI để kiểm chứng khả năng tối ưu.","Giải thích khái niệm lý thuyết và mô hình quan hệ (ERD), Sinh mã lệnh DDL/DML tự động (CREATE TABLE, ALTER, INSERT, UPDATE), Tìm kiếm và sửa lỗi (Debug) các lỗi cú pháp hoặc lỗi vi phạm ràng buộc toàn vẹn, Hỗ trợ giải quyết các bài tập Homework/Assignment cá nhân","Đọc hiểu kỹ, rà soát từng dòng, tự kiểm tra các trường hợp biên (Active Verification)",Thỉnh thoảng có cảm giác này,4,Đưa ngay thông báo lỗi (Error message) cho AI để nhờ sửa hộ,Các câu trả lời giải thích bằng ngôn ngữ tự nhiên của Trợ lý AI,"Áp dụng giai đoạn đầu không dùng AI, sau đó mới mở rộng cho phép dùng AI, Tăng cường các bài kiểm tra vấn đáp trực tiếp / live-coding không dùng mạng, Đưa các tình huống gỡ lỗi mã AI sai vào nội dung bài tập thực hành trên lớp",4,Nên dùng AI cho các công việc lặp đi lặp lại nhưng vẫn phải hiểu bản chất và tự tư duy ra giải thuật. Cần sự kiên nhẫn sửa lỗi thật kỹ trước khi dùng AI để sửa lỗi
9/16/2026 13:46:29,trangiahao0703@gmail.com,28 / 30,Trần Gia Hạo,525H0021,Nhóm 06 (Ca3): thứ 4,Tôi đồng ý tham gia khảo sát và kiểm tra năng lực,Chuyển đổi ngữ cảnh làm việc (session context) hiện hành sang cơ sở dữ liệu QuanlySV.,"Là từ khóa phân tách các khối lệnh (batch separator) được tiện ích SSMS nhận diện, không phải câu lệnh SQL.","NOT NULL, UNIQUE và tự động tạo Clustered Index (mặc định trong SQL Server).",Quan hệ đệ quy (Self-referential) thông qua hai khóa ngoại cùng tham chiếu về một bảng cha.,KETQUA -> DIEUKIEN -> HOCPHAN -> SINHVIEN -> MONHOC -> KETQUA,Lệnh thất bại và báo lỗi vì thêm cột NOT NULL vào bảng đã có dữ liệu mà không có giá trị DEFAULT.,"Dữ liệu trên RAM bị mất hoàn toàn khi tắt tiến trình/mất điện, dễ cạn kiệt bộ nhớ (OOM) và gặp xung đột đồng thời (race condition).","Cột tính toán động (Computed Column), giá trị được sinh tự động từ biểu thức.",Đảm bảo chuỗi văn bản lưu trữ phải tuân thủ cấu trúc định dạng JSON hợp lệ.,Thêm một dòng vào bảng SINHVIEN với giá trị MAKHOA = 'LUAT' trong khi bảng KHOA chưa có mã này.,ALTER TABLE NHANVIEN DROP COLUMN DIENTHOAI;,"Khi cột đó đang bị ràng buộc bởi Primary Key, Foreign Key, CHECK hoặc DEFAULT chưa được drop.",Báo lỗi vi phạm ràng buộc tham chiếu và từ chối (rollback) thao tác xóa dòng ở bảng cha.,Lệnh thất bại với lỗi vi phạm ràng buộc do bảng MATHANG đang có khóa ngoại tham chiếu tới NHACUNGCAP.,"CHECK (DATEDIFF(YEAR, NGAYSINH, GETDATE()) BETWEEN 18 AND 60)","OrderDate = '2026-03-10', ShipDate = '2026-03-08', DeliveryDate = '2026-03-12'",Cho phép sử dụng mệnh đề mở rộng FROM TableA JOIN TableB ON ... ngay sau mệnh đề SET.,Để tuân thủ quy tắc xóa: phải xóa dữ liệu bảng con trước khi xóa bản ghi cha để tránh lỗi vi phạm khóa ngoại.,TRUNCATE TABLE table_name;,Bỏ qua lỗi thực thi và không dừng script nếu bảng chưa từng tồn tại trong cơ sở dữ liệu.,"Đồng bộ hai bảng bằng cách kết hợp INSERT, UPDATE (và có thể DELETE) dựa trên sự khớp mã khóa.","BACKUP DATABASE QuanlySV TO DISK = 'C:\Backups\QuanlySV.bak' WITH FORMAT, INIT;",WITH REPLACE,1002,"Kho WH01 bị xóa, các chuyến hàng liên quan được gán OriginWarehouseID = NULL.","S001', 'CSDL', 1, 4 tiếp theo chèn 'S001', 'CSDL', 1, 8",AI Vector Search vì truy vấn sử dụng ngữ nghĩa phi cấu trúc và đo độ tương đồng cosine qua embedding.,Đăng nhập bằng tài khoản sa quản trị hệ thống với mật khẩu Windows.,File kịch bản chứa các câu lệnh T-SQL (.sql) để tái tạo lược đồ (DDL) hoặc chèn dữ liệu (DML).,table,NVARCHAR,sp_help,Ngoặc vuông,IDENTITY,Mức độ bảng,NO ACTION,Đệ quy / tự tham chiếu,DROP,Miền giá trị / miền xác định / CHECK,DEFAULT,DATETIME2,Cha,Con,ADD,ALTER COLUMN,Mặc định / DEFAULT,ISJSON,Duy nhất / UNIQUE,MERGE,TRUNCATE,Khóa ngoại / Foreign key,CREATE DATABASE ... AS SNAPSHOT OF ...,.bak,WITH REPLACE,Lân cận / gần nhất,Tài nguyên,Cột tính toán,IF EXISTS,DATEDIFF,ON DELETE CASCADE,"Thách thức (Challenger): Tự hoàn thiện giải pháp trước, sau đó dùng AI để kiểm chứng khả năng tối ưu.","Giải thích khái niệm lý thuyết và mô hình quan hệ (ERD), Sinh mã lệnh DDL/DML tự động (CREATE TABLE, ALTER, INSERT, UPDATE), Tìm kiếm và sửa lỗi (Debug) các lỗi cú pháp hoặc lỗi vi phạm ràng buộc toàn vẹn, Hỗ trợ giải quyết các bài tập Homework/Assignment cá nhân","Đọc hiểu kỹ, rà soát từng dòng, tự kiểm tra các trường hợp biên (Active Verification)","Hầu như không xảy ra, tôi luôn phân biệt rõ ràng giữa việc hiểu và việc dùng AI",4,Tự tra cứu tài liệu Lab Manual hoặc cấu trúc schema để tìm nguyên nhân gốc rễ,Các câu trả lời giải thích bằng ngôn ngữ tự nhiên của Trợ lý AI,"Áp dụng giai đoạn đầu không dùng AI, sau đó mới mở rộng cho phép dùng AI",4,
9/16/2026 13:54:35,522h0040@student.tdtu.edu.vn,28 / 30,Ngô Trung Tiến,522H0040,Nhóm 06 (Ca3): thứ 4,Tôi đồng ý tham gia khảo sát và kiểm tra năng lực,Chuyển đổi ngữ cảnh làm việc (session context) hiện hành sang cơ sở dữ liệu QuanlySV.,"Là từ khóa phân tách các khối lệnh (batch separator) được tiện ích SSMS nhận diện, không phải câu lệnh SQL.","NOT NULL, UNIQUE và tự động tạo Clustered Index (mặc định trong SQL Server).",Quan hệ đệ quy (Self-referential) thông qua hai khóa ngoại cùng tham chiếu về một bảng cha.,KETQUA -> DIEUKIEN -> HOCPHAN -> SINHVIEN -> MONHOC -> KETQUA,Lệnh thất bại và báo lỗi vì thêm cột NOT NULL vào bảng đã có dữ liệu mà không có giá trị DEFAULT.,"Dữ liệu trên RAM bị mất hoàn toàn khi tắt tiến trình/mất điện, dễ cạn kiệt bộ nhớ (OOM) và gặp xung đột đồng thời (race condition).","Cột tính toán động (Computed Column), giá trị được sinh tự động từ biểu thức.",Đảm bảo chuỗi văn bản lưu trữ phải tuân thủ cấu trúc định dạng JSON hợp lệ.,Thêm một dòng vào bảng SINHVIEN với giá trị MAKHOA = 'LUAT' trong khi bảng KHOA chưa có mã này.,ALTER TABLE NHANVIEN DROP COLUMN DIENTHOAI;,"Khi cột đó đang bị ràng buộc bởi Primary Key, Foreign Key, CHECK hoặc DEFAULT chưa được drop.",Báo lỗi vi phạm ràng buộc tham chiếu và từ chối (rollback) thao tác xóa dòng ở bảng cha.,Lệnh thất bại với lỗi vi phạm ràng buộc do bảng MATHANG đang có khóa ngoại tham chiếu tới NHACUNGCAP.,"CHECK (YEAR(GETDATE()) - YEAR(NGAYSINH) IN (18, 60))","OrderDate = '2026-03-10', ShipDate = '2026-03-08', DeliveryDate = '2026-03-12'",Cho phép sử dụng mệnh đề mở rộng FROM TableA JOIN TableB ON ... ngay sau mệnh đề SET.,Để tuân thủ quy tắc xóa: phải xóa dữ liệu bảng con trước khi xóa bản ghi cha để tránh lỗi vi phạm khóa ngoại.,TRUNCATE TABLE table_name;,Bỏ qua lỗi thực thi và không dừng script nếu bảng chưa từng tồn tại trong cơ sở dữ liệu.,"Đồng bộ hai bảng bằng cách kết hợp INSERT, UPDATE (và có thể DELETE) dựa trên sự khớp mã khóa.","BACKUP DATABASE QuanlySV TO DISK = 'C:\Backups\QuanlySV.bak' WITH FORMAT, INIT;",WITH REPLACE,1002,"Kho WH01 bị xóa, đồng thời tất cả các chuyến hàng có OriginWarehouseID = 'WH01' trong bảng SHIPMENT cũng tự động bị xóa.","S001', 'CSDL', 1, 4 tiếp theo chèn 'S001', 'CSDL', 1, 8",Exact SQL Search vì dùng toán tử WHERE Content = 'B-Tree'.,Đăng nhập bằng danh tính và chứng chỉ bảo mật của tài khoản hệ điều hành Windows hiện hành đang mở ứng dụng.,File kịch bản chứa các câu lệnh T-SQL (.sql) để tái tạo lược đồ (DDL) hoặc chèn dữ liệu (DML).,table,nvarchar,,[....],identity,mức bảng,no action ,đệ quy,Drop,check,default,datetime2,cha,con,add column,alter column,default,isjon(),duy nhất,merge,truncate,khoá ngoại,backup database,,replace,embedding ,đồng thời,cột tính toán,if exists,datediff,on cascade,"Điều hướng (Navigator): Đối thoại liên tục từng bước nhỏ, xây dựng giải pháp qua gợi ý của AI (lập trình cặp).","Giải thích khái niệm lý thuyết và mô hình quan hệ (ERD), Tìm kiếm và sửa lỗi (Debug) các lỗi cú pháp hoặc lỗi vi phạm ràng buộc toàn vẹn","Đọc hiểu kỹ, rà soát từng dòng, tự kiểm tra các trường hợp biên (Active Verification)",Thỉnh thoảng có cảm giác này,3,Đưa ngay thông báo lỗi (Error message) cho AI để nhờ sửa hộ,Tài liệu kỹ thuật chính thức (Microsoft SQL Server Documentation / TechNet),Đưa các tình huống gỡ lỗi mã AI sai vào nội dung bài tập thực hành trên lớp,4,"Dạ theo em sử dụng AI có kiểm soát và kiểm tra, không sử dụng copy máy móc câu trả lời từ AI. Ứng dụng AI vào các bải giảng như thử thách AI bằng các câu hỏi logic sau đó kiểm chứng lại bằng tài liệu thực tế, để điều hướng sinh viên sử dụng AI hiệu quả mà ít bị phụ thuộc vào nó"
9/16/2026 13:38:50,524h0044@student.tdtu.edu.vn,26 / 30,Lê Đạt,524h0044,Nhóm 06 (Ca3): thứ 4,Tôi đồng ý tham gia khảo sát và kiểm tra năng lực,Chuyển đổi ngữ cảnh làm việc (session context) hiện hành sang cơ sở dữ liệu QuanlySV.,"Là từ khóa phân tách các khối lệnh (batch separator) được tiện ích SSMS nhận diện, không phải câu lệnh SQL.","NOT NULL, UNIQUE và tự động tạo Clustered Index (mặc định trong SQL Server).",Quan hệ đệ quy (Self-referential) thông qua hai khóa ngoại cùng tham chiếu về một bảng cha.,KHOA -> SINHVIEN -> MONHOC -> KETQUA -> HOCPHAN -> DIEUKIEN,Lệnh thất bại và báo lỗi vì thêm cột NOT NULL vào bảng đã có dữ liệu mà không có giá trị DEFAULT.,"Dữ liệu trên RAM bị mất hoàn toàn khi tắt tiến trình/mất điện, dễ cạn kiệt bộ nhớ (OOM) và gặp xung đột đồng thời (race condition).","Cột tính toán động (Computed Column), giá trị được sinh tự động từ biểu thức.",Đảm bảo chuỗi văn bản lưu trữ phải tuân thủ cấu trúc định dạng JSON hợp lệ.,Thêm một dòng vào bảng SINHVIEN với giá trị MAKHOA = 'LUAT' trong khi bảng KHOA chưa có mã này.,ALTER TABLE NHANVIEN DROP COLUMN DIENTHOAI;,"Khi cột đó đang bị ràng buộc bởi Primary Key, Foreign Key, CHECK hoặc DEFAULT chưa được drop.",Báo lỗi vi phạm ràng buộc tham chiếu và từ chối (rollback) thao tác xóa dòng ở bảng cha.,Lệnh thất bại với lỗi vi phạm ràng buộc do bảng MATHANG đang có khóa ngoại tham chiếu tới NHACUNGCAP.,"CHECK (DATEDIFF(YEAR, NGAYSINH, GETDATE()) BETWEEN 18 AND 60)","OrderDate = '2026-03-10', ShipDate = '2026-03-08', DeliveryDate = '2026-03-12'",Cho phép sử dụng mệnh đề mở rộng FROM TableA JOIN TableB ON ... ngay sau mệnh đề SET.,Để tuân thủ quy tắc xóa: phải xóa dữ liệu bảng con trước khi xóa bản ghi cha để tránh lỗi vi phạm khóa ngoại.,TRUNCATE TABLE table_name;,Bỏ qua lỗi thực thi và không dừng script nếu bảng chưa từng tồn tại trong cơ sở dữ liệu.,"Đồng bộ hai bảng bằng cách kết hợp INSERT, UPDATE (và có thể DELETE) dựa trên sự khớp mã khóa.","BACKUP DATABASE QuanlySV TO DISK = 'C:\Backups\QuanlySV.bak' WITH FORMAT, INIT;",WITH NORECOVERY,1003,"Kho WH01 bị xóa, đồng thời tất cả các chuyến hàng có OriginWarehouseID = 'WH01' trong bảng SHIPMENT cũng tự động bị xóa.","S001', 'CSDL', 1, 4 tiếp theo chèn 'S002', 'CSDL', 1, 4",AI Vector Search vì truy vấn sử dụng ngữ nghĩa phi cấu trúc và đo độ tương đồng cosine qua embedding.,Đăng nhập bằng danh tính và chứng chỉ bảo mật của tài khoản hệ điều hành Windows hiện hành đang mở ứng dụng.,File kịch bản chứa các câu lệnh T-SQL (.sql) để tái tạo lược đồ (DDL) hoặc chèn dữ liệu (DML).,table,uft-8,,,,,,,,,,,,,,,,,,,,,,,,,,,,,,,,,,,,,,,
9/16/2026 14:02:13,524h0044@student.tdtu.edu.vn,26 / 30,Lê Đạt,524h0044,Nhóm 06 (Ca3): thứ 4,Tôi đồng ý tham gia khảo sát và kiểm tra năng lực,Chuyển đổi ngữ cảnh làm việc (session context) hiện hành sang cơ sở dữ liệu QuanlySV.,"Là từ khóa phân tách các khối lệnh (batch separator) được tiện ích SSMS nhận diện, không phải câu lệnh SQL.","NOT NULL, UNIQUE và tự động tạo Clustered Index (mặc định trong SQL Server).",Quan hệ đệ quy (Self-referential) thông qua hai khóa ngoại cùng tham chiếu về một bảng cha.,KHOA -> SINHVIEN -> MONHOC -> KETQUA -> HOCPHAN -> DIEUKIEN,Lệnh thất bại và báo lỗi vì thêm cột NOT NULL vào bảng đã có dữ liệu mà không có giá trị DEFAULT.,"Dữ liệu trên RAM bị mất hoàn toàn khi tắt tiến trình/mất điện, dễ cạn kiệt bộ nhớ (OOM) và gặp xung đột đồng thời (race condition).","Cột tính toán động (Computed Column), giá trị được sinh tự động từ biểu thức.",Đảm bảo chuỗi văn bản lưu trữ phải tuân thủ cấu trúc định dạng JSON hợp lệ.,Thêm một dòng vào bảng SINHVIEN với giá trị MAKHOA = 'LUAT' trong khi bảng KHOA chưa có mã này.,ALTER TABLE NHANVIEN DROP COLUMN DIENTHOAI;,"Khi cột đó đang bị ràng buộc bởi Primary Key, Foreign Key, CHECK hoặc DEFAULT chưa được drop.",Báo lỗi vi phạm ràng buộc tham chiếu và từ chối (rollback) thao tác xóa dòng ở bảng cha.,Lệnh thất bại với lỗi vi phạm ràng buộc do bảng MATHANG đang có khóa ngoại tham chiếu tới NHACUNGCAP.,"CHECK (DATEDIFF(YEAR, NGAYSINH, GETDATE()) BETWEEN 18 AND 60)","OrderDate = '2026-03-10', ShipDate = '2026-03-08', DeliveryDate = '2026-03-12'",Cho phép sử dụng mệnh đề mở rộng FROM TableA JOIN TableB ON ... ngay sau mệnh đề SET.,Để tuân thủ quy tắc xóa: phải xóa dữ liệu bảng con trước khi xóa bản ghi cha để tránh lỗi vi phạm khóa ngoại.,TRUNCATE TABLE table_name;,Bỏ qua lỗi thực thi và không dừng script nếu bảng chưa từng tồn tại trong cơ sở dữ liệu.,"Đồng bộ hai bảng bằng cách kết hợp INSERT, UPDATE (và có thể DELETE) dựa trên sự khớp mã khóa.","BACKUP DATABASE QuanlySV TO DISK = 'C:\Backups\QuanlySV.bak' WITH FORMAT, INIT;",WITH NORECOVERY,1003,"Kho WH01 bị xóa, đồng thời tất cả các chuyến hàng có OriginWarehouseID = 'WH01' trong bảng SHIPMENT cũng tự động bị xóa.","S001', 'CSDL', 1, 4 tiếp theo chèn 'S002', 'CSDL', 1, 4",AI Vector Search vì truy vấn sử dụng ngữ nghĩa phi cấu trúc và đo độ tương đồng cosine qua embedding.,Đăng nhập bằng danh tính và chứng chỉ bảo mật của tài khoản hệ điều hành Windows hiện hành đang mở ứng dụng.,File kịch bản chứa các câu lệnh T-SQL (.sql) để tái tạo lược đồ (DDL) hoặc chèn dữ liệu (DML).,table,nvarchar,,',Identity,Cóntraint,no action,đệ quy,Drop,check,dèault,DATETIME2,cha,con,add,alter column,mặc định,ISJSON,unique,merge,truncate,foreign key,backup,bak,with replace,số,"votality, OOM, race condition",cột tính toán ,IF EXIST,datediff,cascade,"Điều hướng (Navigator): Đối thoại liên tục từng bước nhỏ, xây dựng giải pháp qua gợi ý của AI (lập trình cặp).","Giải thích khái niệm lý thuyết và mô hình quan hệ (ERD), Tìm kiếm và sửa lỗi (Debug) các lỗi cú pháp hoặc lỗi vi phạm ràng buộc toàn vẹn","Đọc hiểu kỹ, rà soát từng dòng, tự kiểm tra các trường hợp biên (Active Verification)",Thỉnh thoảng có cảm giác này,3,Thử nghiệm ngẫu nhiên các câu lệnh vô hiệu hóa kiểm tra cho đến khi chạy được,Các câu trả lời giải thích bằng ngôn ngữ tự nhiên của Trợ lý AI,"Áp dụng giai đoạn đầu không dùng AI, sau đó mới mở rộng cho phép dùng AI",4,có máy tính nhưng vẫn học toán -> nhà trường nên đối xử với AI như một loại máy tính/tài liệu
9/16/2026 13:38:35,525h0073@student.tdtu.edu.vn,22 / 30,Đỗ Minh Phước,525H0073,Nhóm 06 (Ca3): thứ 4,Tôi đồng ý tham gia khảo sát và kiểm tra năng lực,Cấp quyền truy cập cho user Windows Authentication đang đăng nhập.,"Là từ khóa phân tách các khối lệnh (batch separator) được tiện ích SSMS nhận diện, không phải câu lệnh SQL.","NOT NULL, UNIQUE và tự động tạo Clustered Index (mặc định trong SQL Server).",Quan hệ đệ quy (Self-referential) thông qua hai khóa ngoại cùng tham chiếu về một bảng cha.,MONHOC -> DIEUKIEN -> HOCPHAN -> KHOA -> SINHVIEN -> KETQUA,Lệnh thất bại và báo lỗi vì thêm cột NOT NULL vào bảng đã có dữ liệu mà không có giá trị DEFAULT.,"Dữ liệu trên RAM bị mất hoàn toàn khi tắt tiến trình/mất điện, dễ cạn kiệt bộ nhớ (OOM) và gặp xung đột đồng thời (race condition).","Cột tính toán động (Computed Column), giá trị được sinh tự động từ biểu thức.",Đảm bảo chuỗi văn bản lưu trữ phải tuân thủ cấu trúc định dạng JSON hợp lệ.,Thêm một dòng vào bảng SINHVIEN với giá trị MAKHOA = 'LUAT' trong khi bảng KHOA chưa có mã này.,ALTER TABLE NHANVIEN DROP COLUMN DIENTHOAI;,"Khi cột đó đang bị ràng buộc bởi Primary Key, Foreign Key, CHECK hoặc DEFAULT chưa được drop.",Báo lỗi vi phạm ràng buộc tham chiếu và từ chối (rollback) thao tác xóa dòng ở bảng cha.,Bảng bị xóa đồng thời bảng con MATHANG cũng bị xóa theo cơ chế xếp tầng.,CHECK (AGE(NGAYSINH) >= 18 AND AGE(NGAYSINH) <= 60),"OrderDate = '2026-03-10', ShipDate = '2026-03-08', DeliveryDate = '2026-03-12'",Cho phép sử dụng mệnh đề mở rộng FROM TableA JOIN TableB ON ... ngay sau mệnh đề SET.,Để tuân thủ quy tắc xóa: phải xóa dữ liệu bảng con trước khi xóa bản ghi cha để tránh lỗi vi phạm khóa ngoại.,DELETE FROM table_name;,Bỏ qua lỗi thực thi và không dừng script nếu bảng chưa từng tồn tại trong cơ sở dữ liệu.,"Đồng bộ hai bảng bằng cách kết hợp INSERT, UPDATE (và có thể DELETE) dựa trên sự khớp mã khóa.",RESTORE DATABASE QuanlySV FROM DISK = 'C:\Backups\QuanlySV.bak' WITH REPLACE;,WITH FORMAT,1003,"Kho WH01 bị xóa, đồng thời tất cả các chuyến hàng có OriginWarehouseID = 'WH01' trong bảng SHIPMENT cũng tự động bị xóa.","S001', 'CSDL', 1, 4 tiếp theo chèn 'S001', 'CSDL', 1, 8",AI Vector Search vì truy vấn sử dụng ngữ nghĩa phi cấu trúc và đo độ tương đồng cosine qua embedding.,Đăng nhập bằng danh tính và chứng chỉ bảo mật của tài khoản hệ điều hành Windows hiện hành đang mở ứng dụng.,File kịch bản chứa các câu lệnh T-SQL (.sql) để tái tạo lược đồ (DDL) hoặc chèn dữ liệu (DML).,table,NVARCHAR,sp_help,[],IDENTITY,Cấp bảng,NO ACTION,Đệ quy,,,,,,,,,,,,,,,,,,,,,,,,,,,,,,,,,
9/16/2026 14:04:28,525h0073@student.tdtu.edu.vn,21 / 30,Đỗ Minh Phước,525H0073,Nhóm 06 (Ca3): thứ 4,Tôi đồng ý tham gia khảo sát và kiểm tra năng lực,Cấp quyền truy cập cho user Windows Authentication đang đăng nhập.,"Là từ khóa phân tách các khối lệnh (batch separator) được tiện ích SSMS nhận diện, không phải câu lệnh SQL.","NOT NULL, UNIQUE và tự động tạo Clustered Index (mặc định trong SQL Server).",Quan hệ đệ quy (Self-referential) thông qua hai khóa ngoại cùng tham chiếu về một bảng cha.,MONHOC -> DIEUKIEN -> HOCPHAN -> KHOA -> SINHVIEN -> KETQUA,Lệnh thất bại và báo lỗi vì thêm cột NOT NULL vào bảng đã có dữ liệu mà không có giá trị DEFAULT.,"Dữ liệu trên RAM bị mất hoàn toàn khi tắt tiến trình/mất điện, dễ cạn kiệt bộ nhớ (OOM) và gặp xung đột đồng thời (race condition).","Cột tính toán động (Computed Column), giá trị được sinh tự động từ biểu thức.",Đảm bảo chuỗi văn bản lưu trữ phải tuân thủ cấu trúc định dạng JSON hợp lệ.,Thêm một khoa mới vào bảng KHOA khi khoa đó chưa có sinh viên nào.,ALTER TABLE NHANVIEN DROP COLUMN DIENTHOAI;,"Khi cột đó đang bị ràng buộc bởi Primary Key, Foreign Key, CHECK hoặc DEFAULT chưa được drop.",Gán giá trị các khóa ngoại ở bảng con thành NULL.,Bảng bị xóa đồng thời bảng con MATHANG cũng bị xóa theo cơ chế xếp tầng.,"CHECK (DATEDIFF(YEAR, NGAYSINH, GETDATE()) BETWEEN 18 AND 60)","OrderDate = '2026-03-10', ShipDate = '2026-03-08', DeliveryDate = '2026-03-12'",Cho phép sử dụng mệnh đề mở rộng FROM TableA JOIN TableB ON ... ngay sau mệnh đề SET.,Để tuân thủ quy tắc xóa: phải xóa dữ liệu bảng con trước khi xóa bản ghi cha để tránh lỗi vi phạm khóa ngoại.,DELETE FROM table_name;,Bỏ qua lỗi thực thi và không dừng script nếu bảng chưa từng tồn tại trong cơ sở dữ liệu.,"Đồng bộ hai bảng bằng cách kết hợp INSERT, UPDATE (và có thể DELETE) dựa trên sự khớp mã khóa.",RESTORE DATABASE QuanlySV FROM DISK = 'C:\Backups\QuanlySV.bak' WITH REPLACE;,WITH FORMAT,1003,"Kho WH01 bị xóa, đồng thời tất cả các chuyến hàng có OriginWarehouseID = 'WH01' trong bảng SHIPMENT cũng tự động bị xóa.","S001', 'CSDL', 1, 4 tiếp theo chèn 'S001', 'CSDL', 1, 8",AI Vector Search vì truy vấn sử dụng ngữ nghĩa phi cấu trúc và đo độ tương đồng cosine qua embedding.,Đăng nhập bằng danh tính và chứng chỉ bảo mật của tài khoản hệ điều hành Windows hiện hành đang mở ứng dụng.,File kịch bản chứa các câu lệnh T-SQL (.sql) để tái tạo lược đồ (DDL) hoặc chèn dữ liệu (DML).,table,NVARCHAR,sp_help,[],IDENTITY,Cấp bảng,NO ACTION,Đệ quy,DROP,CHECK,DEFAULT,DATETIME2,Cha,Con,ADD COLUMN,ALTER COLUMN,DEFAULT,ISJSON,Toàn vẹn,MERGE INTO,TRUNCATE ,FOREGIN KEY,BACKUP,.bak,WITH REPLACE,embedding,luồng,cột tính toán,IF EXISTS,DATEDIFF,CASCADE,"Thách thức (Challenger): Tự hoàn thiện giải pháp trước, sau đó dùng AI để kiểm chứng khả năng tối ưu.","Giải thích khái niệm lý thuyết và mô hình quan hệ (ERD), Tìm kiếm và sửa lỗi (Debug) các lỗi cú pháp hoặc lỗi vi phạm ràng buộc toàn vẹn, Hỗ trợ giải quyết các bài tập Homework/Assignment cá nhân","Đọc hiểu kỹ, rà soát từng dòng, tự kiểm tra các trường hợp biên (Active Verification)",Rất thường xuyên xảy ra với bản thân tôi,3,Đưa ngay thông báo lỗi (Error message) cho AI để nhờ sửa hộ,Các câu trả lời giải thích bằng ngôn ngữ tự nhiên của Trợ lý AI,"Áp dụng giai đoạn đầu không dùng AI, sau đó mới mở rộng cho phép dùng AI, Tăng cường các bài kiểm tra vấn đáp trực tiếp / live-coding không dùng mạng, Đưa các tình huống gỡ lỗi mã AI sai vào nội dung bài tập thực hành trên lớp",5,NÊN CHO SINH VIÊN TÀI KHOẢN CLAUDE  PRO